Filename,(Real)Time_Start,(Real)Time_End,Duration,NumSyllables,Intensity,HNR,AlphaRatio,Mean_f0,Sd_f0,Max_F0,speakingrate,articulationrate,npause,asd,Mean_f0_Interval_1,Mean_f0_Interval_2,Mean_f0_Interval_3,Mean_f0_Interval_4,Mean_f0_Interval_5,Mean_f0_Interval_6,Mean_f0_Interval_7,Mean_f0_Interval_8,Mean_f0_Interval_9,Mean_f0_Interval_10,Mean_f0_Interval_11,Mean_f0_Interval_12,Mean_f0_Interval_13,Mean_f0_Interval_14,Mean_f0_Interval_15
natural_user10_practice_participant,0,4.68,4.68,,61.04677431767274,1.8425042390012305,8.248798975649015,--undefined--,--undefined--,--undefined--,0.21,0.56,1,1.796,--undefined--,--undefined--,--undefined--,--undefined--,--undefined--,--undefined--,--undefined--,--undefined--,--undefined--,--undefined--,--undefined--,--undefined--,--undefined--,--undefined--,--undefined--
natural_user10_trial_01_participant,0,3.36,3.36,,55.997912767857365,3.1713239151228003,-3.2836597867940447,340.20398866914803,5.1500353940588735,349.111387224052,1.19,1.38,1,0.724,--undefined--,--undefined--,--undefined--,--undefined--,--undefined--,--undefined--,336.4225537110249,336.4225537110249,340.2144004171891,340.2144004171891,340.2144004171891,340.2144004171891,340.2144004171891,340.2144004171891,340.2144004171891
natural_user10_trial_02_participant,0,2.58,2.58,,65.6112360174592,2.8651600564596267,2.053695468704837,81.68488607899789,0.6219880305033819,82.12469803318369,0.78,0.78,0,1.290,--undefined--,--undefined--,--undefined--,--undefined--,--undefined--,81.66729360083052,81.66729360083052,81.66729360083052,81.66729360083052,81.66729360083052,81.66729360083052,81.66729360083052,81.66729360083052,81.66729360083052,81.66729360083052
natural_user10_trial_03_participant,0,2.04,2.04,,58.419543822588516,6.888268507990643,11.162864933761634,166.6100535464378,36.00417790918218,271.3444285030784,2.94,2.94,0,0.340,--undefined--,268.7283236899564,268.7283236899564,268.7283236899564,209.67110047471672,177.48047612549092,177.05632318956728,160.574588232906,160.6319402236364,159.322686643046,159.322686643046,167.04939202607142,166.27058465118415,166.27058465118415,166.27058465118415
natural_user10_trial_04_participant,0,3.84,3.84,,62.76642560703884,1.6175130346066406,2.391183174086083,128.175977460005,48.00949614142118,174.74071677660734,0.52,0.70,0,1.420,--undefined--,--undefined--,--undefined--,--undefined--,--undefined--,--undefined--,--undefined--,127.98248192666114,127.98248192666114,127.98248192666114,127.98248192666114,127.98248192666114,127.98248192666114,127.98248192666114,127.98248192666114
natural_user10_trial_05_participant,0,3.06,3.06,,67.74510466651319,6.842893767997049,3.3297185279722963,123.8751326777582,42.78342718921862,205.37439162848935,2.61,4.27,0,0.234,--undefined--,--undefined--,--undefined--,--undefined--,--undefined--,165.92552115487075,169.1039307926625,119.96864291216926,133.54367395797433,135.80042174210433,124.993199331571,127.65182685732636,124.45422368310679,124.45422368310679,124.45422368310679
natural_user10_trial_06_participant,0,3.3,3.3,,65.76187628197778,1.04748429890971,-1.005602316433479,179.46309914038406,5.89707537613881,183.86389868022232,0.61,1.14,0,0.880,--undefined--,--undefined--,--undefined--,--undefined--,--undefined--,178.23297610538665,178.23297610538665,178.23297610538665,178.23297610538665,178.23297610538665,178.23297610538665,178.23297610538665,178.23297610538665,178.23297610538665,178.23297610538665
natural_user10_trial_07_participant,0,3.6,3.6,,76.24170205502179,5.78323212994447,8.138770159656929,133.3794580518328,42.057480197846296,203.48420184350013,3.06,3.68,0,0.272,--undefined--,--undefined--,--undefined--,--undefined--,--undefined--,80.44689882933217,149.61517284834937,154.12625597404562,152.30319586536027,138.29917395244652,128.92920695793296,127.99244666954971,132.79811072804455,134.0950482785291,134.0950482785291
natural_user10_trial_08_participant,0,2.16,2.16,,73.53074271920772,0.37502676670510476,3.1919202346346776,345.847638279281,4.059154454852489,349.8917402208936,0.46,0.69,0,1.456,--undefined--,--undefined--,--undefined--,--undefined--,--undefined--,--undefined--,--undefined--,--undefined--,345.8885676123941,345.8885676123941,345.8885676123941,345.8885676123941,345.8885676123941,345.8885676123941,345.8885676123941
natural_user10_trial_09_participant,0,3.12,3.12,,61.21636911372015,5.098579391283818,14.128964433785395,153.49765969345736,18.721321263346525,229.41265121110771,3.53,4.88,0,0.205,--undefined--,--undefined--,164.50391115347233,162.9427611195503,163.48852709112245,165.24583580597172,160.413309568952,158.51976388925925,157.08583040183356,155.2308065700122,152.90476105801392,152.9215347202395,153.38041169886824,153.38041169886824,153.38041169886824
natural_user10_trial_10_participant,0,3.6,3.6,,59.42988934124565,8.209283242958278,14.770013290823826,143.62114269265058,37.38574153000492,201.81353257245303,2.50,4.54,0,0.220,--undefined--,--undefined--,178.7177796850232,135.12544076273187,132.4407751356292,134.2243877715474,133.04801067567652,139.59900789195677,141.61466893996376,142.91519148749845,143.5242877419216,143.5242877419216,143.5242877419216,143.5242877419216,143.5242877419216
natural_user10_trial_11_participant,0,2.52,2.52,,59.67283755318455,7.2183172465980165,14.263350960825312,169.8868966889841,20.8309053199682,222.0495097008426,1.19,2.57,0,0.389,--undefined--,--undefined--,--undefined--,--undefined--,--undefined--,--undefined--,--undefined--,154.2033029609123,161.62647567330023,165.0011785090237,164.40171988146753,169.61199374603106,169.61199374603106,169.61199374603106,169.61199374603106
natural_user10_trial_12_participant,0,2.16,2.16,,64.65167292410607,13.756985162297582,19.181642141390142,155.0151822043172,30.677193168855926,265.29641413448775,1.39,2.18,0,0.459,--undefined--,--undefined--,--undefined--,--undefined--,--undefined--,157.727853018653,148.80013101714775,179.4569760471748,174.9775895942158,168.36117968666716,161.66264587048352,158.99624018023619,155.5396508042605,154.9624434851464,155.16893715315166
natural_user10_trial_13_participant,0,2.4,2.4,,64.95511000541141,14.264792389748578,23.091457285026387,148.63059855862966,13.08234938938301,195.28783887152872,3.33,3.95,0,0.253,--undefined--,--undefined--,158.83897035753006,147.66728338730653,145.2843025790897,145.21955428616496,143.62275891855072,143.3494296606062,143.10362429345926,144.29257339844338,146.3513851603754,145.9916946234644,148.5116663177161,148.74045812829254,148.74045812829254
natural_user10_trial_14_participant,0,2.64,2.64,,66.46609963610467,10.314566959196705,17.39061038797422,154.09056004513312,38.00733410325928,278.5976333222825,3.03,5.75,0,0.174,--undefined--,--undefined--,--undefined--,167.11098880500597,138.82717783634754,143.27599615350366,144.27412741990173,146.55862756772706,146.07085506345197,150.51080756685053,153.07710835651065,153.07710835651065,153.07710835651065,153.07710835651065,153.07710835651065
natural_user10_trial_15_participant,0,1.92,1.92,,66.6932603380327,6.657257244883578,16.529176753953365,131.60954799400704,40.26548297395612,195.7652854324114,2.60,3.83,0,0.261,--undefined--,--undefined--,178.1457283489577,140.38828885771846,142.51485567900448,145.22845936334966,126.94829295964384,124.82530569470742,124.36350406599347,130.32575229217437,130.73086220231187,130.73086220231187,130.73086220231187,130.73086220231187,130.73086220231187
natural_user10_trial_16_participant,0,2.58,2.58,,64.68928556994564,11.85363980968564,17.86726808467327,151.26382846593245,28.509952765889313,215.23172638193657,3.10,4.09,0,0.244,--undefined--,--undefined--,--undefined--,158.99657801807325,139.18795812059037,141.6515087174091,144.97783432291536,146.161436542852,146.161436542852,152.25953306608685,152.68121897437507,149.70211917626492,150.8462242431481,151.11329766347183,151.11329766347183
natural_user11_practice_participant,0,3.96,3.96,,74.36982409816866,13.403036491539583,5.470667558793874,220.07653735827077,32.05300623363358,284.33189848209815,1.77,3.91,0,0.256,121.51040586014577,121.51040586014577,121.51040586014577,121.51040586014577,121.51040586014577,121.51040586014577,250.14799581482532,256.6399851081534,243.38129525660983,235.8417270371622,231.0231208742835,226.32080187189575,220.18367310595474,220.18367310595474,220.18367310595474
natural_user11_trial_01_participant,0,4.5,4.5,,70.73017394122488,13.335897261275905,6.18422771683758,226.99205272713215,41.84511089970984,350.7984717211032,3.11,4.03,0,0.248,--undefined--,--undefined--,--undefined--,286.46085721831355,288.8007092995903,266.14114626257174,254.6753673161141,252.4520647008535,239.11859458107284,239.0337408154367,236.5305742525879,233.84220068771268,232.79581486360274,226.99264221808608,226.99264221808608
natural_user11_trial_02_participant,0,4.56,4.56,,74.6310250587155,11.686890347129351,7.076504312985238,221.70927071596958,38.04865647395214,348.8648817395584,3.73,5.38,1,0.186,--undefined--,--undefined--,--undefined--,263.07506255911125,286.3953851306141,271.4050339452517,260.5989740934487,260.5989740934487,257.67569559924567,242.79524932232093,238.67335631723063,234.07712430857057,230.03506484379992,226.63215958261551,221.1822217892294
natural_user11_trial_03_participant,0,4.44,4.44,,72.14519827279064,10.315310361050717,6.376167215214745,213.06289794652082,34.49678109069421,288.7503075433947,1.80,3.70,0,0.270,--undefined--,--undefined--,--undefined--,270.6001791536936,255.7732626716479,243.12142063423,238.44536577150708,233.72370399522066,226.64069703574017,216.84412787826625,213.34387668897648,213.34387668897648,213.34387668897648,213.34387668897648,213.34387668897648
natural_user11_trial_04_participant,0,6,6,,73.4356278688627,13.18490923731227,7.855761653996634,199.9444093954213,24.816897928064396,280.97980701581935,2.83,4.39,1,0.228,104.6298294457951,104.6298294457951,104.6298294457951,104.6298294457951,200.89683223837991,204.34330783966246,215.35160608009693,219.1788415616395,212.39202232793664,209.6965172478934,205.52000461703125,203.84442516775906,203.0093288000136,202.32969869161542,199.98037672478773
natural_user11_trial_05_participant,0,4.14,4.14,,73.43569416892939,12.991760814000012,3.4319851821962337,206.68934262281076,38.782639066337914,351.38494428428544,2.42,4.04,1,0.248,120.83853385288748,120.83853385288748,120.83853385288748,120.83853385288748,120.83853385288748,120.83853385288748,140.7547011955148,213.97266028191135,213.1620862233138,212.91327893359684,211.80452318272432,206.29568452778858,209.59036955912018,210.45764887318907,206.36474849834394
natural_user11_trial_06_participant,0,4.2,4.2,,75.15282143347541,16.299856963767972,4.592609603053318,241.1144955747272,36.07042819034831,319.8880445493277,1.43,2.97,0,0.337,--undefined--,--undefined--,--undefined--,--undefined--,--undefined--,--undefined--,--undefined--,248.1696717087043,289.2903783751369,266.7148276506618,257.5474553848775,256.41078271590965,251.36278790489925,250.1469083025037,241.02907978234532
natural_user11_trial_07_participant,0,4.8,4.8,,75.635369420799,8.714013318124808,2.6634847559146135,225.45382284288436,35.93491551344134,336.24983605832364,3.12,3.12,0,0.320,--undefined--,--undefined--,336.04161479384356,336.04161479384356,281.00626688190255,290.75382398496606,268.3369586195475,257.49248585558655,245.68319662251676,245.46790431173233,241.31489040154696,239.8832241997045,233.21370437703786,231.85045917135056,225.1854268554138
natural_user11_trial_08_participant,0,5.04,5.04,,74.68800425420409,11.763293970674592,6.135759048940804,210.80615385945273,27.973390995984854,286.5643080246236,2.38,3.77,1,0.265,--undefined--,--undefined--,--undefined--,--undefined--,280.9983766972588,254.81156218594634,253.54706425991458,239.87744430231453,233.18165495233274,229.73439288994783,224.1381284694676,222.70563041151735,216.7141852265883,214.72537178378994,210.83649946070412
natural_user11_trial_09_participant,0,2.82,2.82,,74.78364693870452,11.756228125290681,3.9537446639877754,235.44061141193927,35.73740863981252,291.5188593957362,2.13,3.50,0,0.285,--undefined--,--undefined--,--undefined--,246.69971417744733,236.64818819075325,227.89804386633838,239.0255653776298,253.5744893618695,247.15861367323697,231.15046263434806,228.02224179025453,231.01388528024597,235.7037719872843,235.7037719872843,235.7037719872843
natural_user11_trial_10_participant,0,5.7,5.7,,71.47394483148959,10.182030552258839,1.3526852454574163,217.22549623670034,45.89243585940886,333.2565437270444,4.04,5.53,0,0.181,325.5441898265085,325.5441898265085,310.24673091716784,310.24673091716784,268.30265275037766,262.88020276524486,245.90646607541515,233.26960960437708,232.10319772993293,229.00377382381728,224.3589914855311,216.8508194602998,216.8508194602998,216.8508194602998,216.8508194602998
natural_user11_trial_11_participant,0,3.54,3.54,,76.6911021698894,11.208500872641766,6.1260405804759435,207.2158947703977,42.64772482182491,364.58882271307925,3.39,4.07,0,0.245,--undefined--,--undefined--,279.4746412034246,257.83865671495556,257.6378714531116,250.0130993640301,236.12463115479727,233.6524928938127,229.3428928036339,225.59711785699227,220.64322343295333,216.88891539274292,214.62322458745012,211.59683603461716,206.9147826000213
natural_user11_trial_12_participant,0,3.84,3.84,,74.92703731577068,11.591315770921554,6.007593094495258,214.71308652227052,32.533302809507695,349.4068720440343,2.60,3.94,1,0.254,--undefined--,--undefined--,--undefined--,257.4904898227722,249.8733860355702,251.86129015021746,248.97767741295226,237.05155376682518,232.81859445140614,229.2921503271553,227.07467742384821,226.09429130041963,220.6585675162918,216.81030296294094,214.83193331059866
natural_user11_trial_13_participant,0,4.38,4.38,,68.98839591704933,11.086277232198254,3.8449537486033476,222.86441549023655,38.055719208111405,315.54886893693697,3.88,5.17,1,0.193,--undefined--,--undefined--,272.7596791425405,244.14604266782655,237.4772931702441,223.45020156152924,227.52607444365484,228.05314372467174,228.05314372467174,229.4715721089324,233.22706651943128,232.06140278933614,228.50706489353507,226.17203673192313,222.6379258355091
natural_user11_trial_14_participant,0,3.48,3.48,,76.05493764610773,10.411827827357252,3.5275559414977304,212.67771568879328,43.15341366662764,368.0327127078005,3.45,4.35,1,0.230,--undefined--,--undefined--,261.699521463651,255.62795388007657,242.96337926910084,244.20066282738327,236.9970686950669,229.53948863855823,225.85160990961427,222.17533599079445,218.62688829241424,216.4590202397111,215.40538409505893,210.44950306422209,212.32069651838853
natural_user11_trial_15_participant,0,4.56,4.56,,76.37921149313772,11.993760788219076,7.892844224743123,206.1095778033617,45.503364369907885,366.5573613325072,2.41,3.71,1,0.270,--undefined--,--undefined--,--undefined--,--undefined--,280.7619972974225,245.98291483637598,242.0556580219234,233.5668591054039,229.78026413015323,226.26122601706965,216.72045016250866,215.6419001013281,212.79575467934518,210.27687958925347,206.28504265481402
natural_user11_trial_16_participant,0,3.66,3.66,,70.82881058034148,14.359198784803645,6.033472974115708,215.47863597850477,45.60924236530924,340.2981916230623,3.55,4.91,1,0.204,--undefined--,--undefined--,273.9082999252706,309.126113472136,264.1517193172063,253.30913377739782,244.8938776336959,242.15727979687662,240.9708193010244,238.44543396935092,228.94392041322857,225.59061799612832,221.51392457361655,221.94882696364533,215.29157241000496
natural_user11_trial_17_participant,0,2.88,2.88,,75.58640814811181,8.681793963444703,-1.8547917496212576,250.10900278053532,35.890197384970705,345.0728171394394,3.47,4.36,0,0.230,--undefined--,--undefined--,--undefined--,246.22040546527967,265.92460527906957,268.2092438467878,264.73081617402215,258.70749165015417,259.7470701729825,259.6907219476016,259.15324555137784,255.29445514396784,254.89742583188414,250.35816334172745,249.95634921853025
natural_user11_trial_18_participant,0,2.64,2.64,,71.19940211087778,12.640793697728219,7.791038974740248,211.69803868122864,40.29115801526736,364.772801099499,3.79,4.53,1,0.221,246.0107141228968,246.0107141228968,246.0107141228968,250.34456446283434,243.68258972636195,243.75602039629092,239.35385984106767,239.35385984106767,234.07342274273626,230.10710245392715,223.81056592703897,221.30470254818798,217.48062838521335,216.21476949331839,211.5216745645861
natural_user11_trial_19_participant,0,2.82,2.82,,76.69757540137778,10.259431102549811,6.266651368570813,206.73338752943297,46.08651169641756,324.32271062658236,3.55,4.34,0,0.231,108.09364344539338,108.09364344539338,200.81433577664976,268.87716747380034,250.2032741429229,243.8200863973366,238.2237661042447,227.02886847427757,222.78743386567862,221.74079706451707,218.7259687218581,217.71690290916447,213.87035586752236,210.8088183049082,206.3722214921563
natural_user11_trial_20_participant,0,7.08,7.08,,74.07614073986989,16.982844746549368,12.12234157278304,216.77129927831083,43.173732725826824,363.821322240334,2.54,4.67,2,0.214,103.72274625757343,235.53714703062792,251.50097322592822,234.1819128964501,225.2034369978886,215.86956955352892,215.86956955352892,215.86956955352892,228.85555372017822,227.03529909195282,223.1821407447344,221.75503005673008,220.233050463657,216.79004799760997,216.79004799760997
natural_user12_practice_participant,0,2.82,2.82,,70.93449871554813,9.967932625676191,12.19894062229621,224.31995592761265,36.76424554582086,326.1410150711287,2.84,3.49,0,0.286,--undefined--,--undefined--,--undefined--,223.94017715008852,244.53224740243823,246.63984778049473,239.4817703154167,235.1178647180614,232.07913443837944,233.63785235615634,230.3663527362036,223.9538527484641,223.71566532921702,223.71566532921702,223.71566532921702
natural_user12_trial_01_participant,0,3.6,3.6,,70.76392319002782,9.372799278731524,9.621761987156138,225.01489262709183,35.18710051405209,302.75477105503205,3.33,4.63,0,0.216,--undefined--,--undefined--,230.8833528550761,255.5881238789036,248.33629750358003,248.33629750358003,248.33629750358003,244.88143498126306,236.66454737629635,228.93606914919644,226.25399184521874,226.64571773962598,224.76260485515274,224.76260485515274,224.76260485515274
natural_user12_trial_02_participant,0,4.08,4.08,,74.59334209013723,12.09025184334896,9.831847917326623,222.4769394253236,55.16153453982103,344.57667035479034,4.41,4.89,0,0.204,--undefined--,245.62423268850384,272.20676769372847,271.74310124536754,266.0992858544018,258.50325256566185,257.15124155863344,253.3121829353627,251.84251152506027,245.71922306906276,245.71922306906276,242.85483408211684,233.84945788904804,222.84303586422607,222.84303586422607
natural_user12_trial_03_participant,0,2.76,2.76,,68.24214336793035,10.440364530132236,5.793106620708542,228.15059190786027,45.68497615414531,307.26685254298553,2.54,4.65,0,0.215,--undefined--,--undefined--,--undefined--,--undefined--,262.28301422661195,258.7244767286185,255.41617525524114,251.21866683413361,240.76865699155752,229.62221402221962,227.78506787846746,228.1604296518548,228.1604296518548,228.1604296518548,228.1604296518548
natural_user12_trial_04_participant,0,4.26,4.26,,66.8224696217219,10.424784524696548,10.156353145159356,204.44128262091772,45.79974446041612,283.3433355407215,3.29,5.21,1,0.192,--undefined--,--undefined--,230.0721750525605,245.91212736662013,233.6593348710983,235.34074495601013,230.36800373005977,223.64504969771565,223.64504969771565,221.46796242809035,215.921127599463,214.32312071085417,205.18700851783504,203.94452645904292,203.94452645904292
natural_user12_trial_05_participant,0,2.82,2.82,,73.855770836445,11.95564949886713,11.78335525676527,234.73307446832172,36.866384801622566,329.19418883066413,3.55,5.12,0,0.195,--undefined--,--undefined--,256.332101132634,256.00662991432955,262.0357028272942,269.8844504339913,259.44762564343307,253.6792833119867,252.09726581862483,243.06851446899842,241.925973898737,241.55015792875867,234.86793583865892,234.86793583865892,234.86793583865892
natural_user12_trial_06_participant,0,2.88,2.88,,71.79172295528218,12.127803723706334,16.833481175214892,243.08089602520448,36.80584684197944,315.67053189888566,3.47,4.60,0,0.218,--undefined--,262.22647469763507,280.8272404449042,262.34444638340335,261.0597383376125,271.2923023229392,268.8114382235574,261.86281940184915,260.46718913335883,258.65834066139035,256.7227652402388,250.66026935990774,245.38566047307597,243.17469314358226,243.17469314358226
natural_user12_trial_07_participant,0,2.52,2.52,,71.95768471808998,11.423633759392821,11.912925190661777,231.9426568981263,45.15716985215439,349.31838333634363,5.56,6.99,0,0.143,--undefined--,216.79092119642706,231.77098960622368,232.71639687632714,248.7265182106249,252.3538379109739,248.89096402359007,248.41604110378037,244.78963379149428,242.2493599588335,241.16521060744157,232.99212985676135,232.99212985676135,232.99212985676135,232.99212985676135
natural_user12_trial_08_participant,0,4.38,4.38,,69.50332188268047,12.679084829841191,9.67542152321301,229.4144239894926,38.007033171832234,358.82482437075606,5.02,6.17,0,0.162,--undefined--,252.34240208840944,266.32974351083527,262.74288498382214,252.31521219602732,255.1734155784419,249.43796434148692,248.62993381059047,248.14323592506227,238.0734294077812,234.63459247822095,231.8909668296205,228.3369296540524,229.81935182382082,229.81935182382082
natural_user12_trial_09_participant,0,4.74,4.74,,69.91329907468841,13.005351242965954,10.796021476743363,219.90258572268795,25.62030146947085,282.01319367026144,4.01,5.14,0,0.195,--undefined--,277.88694916835584,243.51021987771554,246.316360553491,235.8658258699327,234.74027773493322,228.3768487408399,228.3768487408399,225.61459148684838,221.62530651050005,222.49041785618698,218.5289491778454,217.56191820450348,219.9273309122708,219.9273309122708
natural_user12_trial_10_participant,0,3.84,3.84,,72.34288076362142,13.13719334888052,14.079700631805842,228.9883549734835,34.540169313897415,325.85185103366086,3.12,4.12,0,0.243,--undefined--,244.43628497295546,261.61424251337183,267.4105660952822,254.16224441283802,247.6096433583648,244.10089304595883,241.07532423942547,241.06841634743535,241.06841634743535,238.02170046488098,233.21955013763292,229.34172531084758,229.34172531084758,229.34172531084758
natural_user12_trial_11_participant,0,4.14,4.14,,71.27115733692393,12.032149263151732,14.755168459996922,230.57833332288251,31.21553731436606,359.0875431770318,3.86,4.38,0,0.228,--undefined--,260.66932380786864,242.3306967097402,249.10821176980315,248.85647177055563,250.3875881047937,242.1878917851849,242.10001545519668,239.5813255404571,235.45340785529493,230.64600000084812,228.3456051581723,229.57596530034786,230.30245334648043,230.30245334648043
natural_user12_trial_12_participant,0,4.5,4.5,,69.70311153118595,11.454361071054544,13.707522018406607,206.50077811788054,44.64523191588361,323.511574304419,4.22,5.63,1,0.178,--undefined--,249.53327364191298,231.42242862109202,241.47450127450875,232.89228595737345,221.44590068050294,220.46207963835167,220.46207963835167,223.39565585970183,221.9955320372198,222.40015594285651,218.3266901460814,211.27198939697405,206.0119326041138,206.0119326041138
natural_user12_trial_13_participant,0,4.02,4.02,,72.13846297602052,12.12567391267469,11.967582835725816,220.2247847505585,45.19123575980507,338.9025600156558,4.48,5.83,0,0.172,--undefined--,--undefined--,244.78980992762283,252.2168999958775,258.44688461928604,253.7636330460098,249.22831977209808,244.3568740835958,242.72120311768512,236.8607028601368,234.39240330958444,231.11688608692313,220.96681743519932,219.71034776645453,219.71034776645453
natural_user12_trial_14_participant,0,3.18,3.18,,72.40513478554213,10.947005287701693,10.156917013524044,229.10928280250724,28.521403801452763,329.2076257773883,4.40,5.26,0,0.190,--undefined--,--undefined--,266.4791489563109,237.42617713649844,252.6262221647861,245.6496827060955,242.7538239947725,241.88952669484698,237.92866458683463,234.26750770846795,230.87419338188596,231.2790462682968,226.43203723273794,227.59353573929656,228.868514831174
natural_user12_trial_15_participant,0,4.62,4.62,,69.74315528878266,11.222368130867647,8.206476372605632,214.57152690895856,53.99197196896351,349.2137920124289,3.68,4.79,0,0.209,--undefined--,250.8596864871749,271.275299719254,264.49834573207585,249.99164958115458,241.8700763832049,231.9467333945461,228.76915127806487,227.95520640160413,225.3218449573557,221.30467415926174,212.8194011692316,213.64889377738714,214.16877670789714,214.16877670789714
natural_user12_trial_16_participant,0,2.52,2.52,,70.8454195647959,12.521583844949403,15.402384133193014,223.70234794119204,21.09325061744025,264.47659125449667,3.17,5.62,0,0.178,--undefined--,--undefined--,260.32675789816415,255.3258403176146,233.99611359372145,234.6078748221834,236.15337422049151,226.91069942170742,223.8672729411501,223.27568581162805,223.9489648171784,224.04027832013745,224.04027832013745,224.04027832013745,224.04027832013745
natural_user12_trial_17_participant,0,3.9,3.9,,72.08140436999432,12.351645256954546,8.954759817607217,226.17757952532745,43.561983879006256,324.7427889430992,4.10,5.85,0,0.171,--undefined--,--undefined--,291.0173633578994,257.6264390206775,262.6357351165566,258.68015272359906,255.4858525882813,254.80509084988608,249.8952833233994,243.08306469338635,237.59551502679287,235.10721188426282,226.37796941932098,226.37796941932098,226.37796941932098
natural_user12_trial_18_participant,0,3.9,3.9,,70.94173558845395,11.640503024833135,8.271723968299042,227.9182907659076,40.88098022162491,341.08946361808125,4.10,5.56,0,0.180,--undefined--,--undefined--,257.545160804946,266.9456591070094,262.20984358693397,255.5715035188134,246.55317569534785,242.90085054253188,239.34862773177036,235.49398038969002,228.67372890205078,225.1175342561986,226.4822797045256,228.29130433056227,228.29130433056227
natural_user12_trial_19_participant,0,3.66,3.66,,70.49866965010173,12.343934031690022,10.255523251344316,224.71036597785246,33.20189700245401,339.2582927756044,3.55,4.59,0,0.218,--undefined--,245.7227591600791,250.4401799629747,263.09603901482024,247.56307856365083,251.10383196247355,239.59465471414723,236.1754218544083,232.50683243092467,231.15983680174648,228.2137703634909,222.94472933581042,224.91260727734314,224.91260727734314,224.91260727734314
natural_user12_trial_20_participant,0,3.48,3.48,,74.19835943199745,12.89478809943921,15.130243871106115,237.09045628345706,37.999205310062706,347.7681235200467,3.74,5.45,0,0.183,--undefined--,237.40467353243193,249.43256680842538,241.20280867170166,235.9556755128247,238.04159932416337,237.73571773825037,233.4777804808036,241.60366030390034,236.25693340399405,231.08285010473531,234.26262337670843,235.0979319866999,237.13865000147257,237.13865000147257
natural_user14_practice_participant,0,3.9,3.9,,63.76235823050265,5.342532344926749,9.437799641540384,203.37614352060302,51.01209187692995,334.200004169622,1.79,4.36,0,0.229,161.8460091201239,161.8460091201239,161.8460091201239,161.8460091201239,161.8460091201239,155.9630146057975,155.9630146057975,155.9630146057975,194.61412861306036,212.3285029157096,215.09570267518694,205.56224975935547,203.2292702259491,203.2292702259491,203.2292702259491
natural_user14_trial_01_participant,0,3.48,3.48,,64.34354888942349,6.3289306735808495,10.24512526653804,210.67181212621787,45.947300321363066,300.1855811108124,2.01,5.76,0,0.174,--undefined--,--undefined--,--undefined--,--undefined--,--undefined--,197.34149907100976,199.30329616551472,199.52903322885442,191.78485110571452,186.9130472318075,209.73410643083454,209.73410643083454,209.73410643083454,209.73410643083454,209.73410643083454
natural_user14_trial_02_participant,0,4.86,4.86,,60.51233884362475,5.411628018693178,8.564409623540893,199.0023148478168,55.10764921841727,351.30988050251597,2.88,4.83,1,0.207,--undefined--,--undefined--,245.46102172644783,292.496039964232,308.69510219852447,308.69510219852447,250.13949500525112,238.5783198073863,230.97646712630547,211.7491873491944,216.19464494370814,203.4518292543991,198.87186717511116,198.87186717511116,197.5695995953287
natural_user14_trial_03_participant,0,5.82,5.82,,63.971463797487544,6.346273134850673,11.72609641788371,187.2940667412872,46.459325367385254,293.94264907265193,3.26,4.49,1,0.223,--undefined--,--undefined--,--undefined--,231.28163354901392,222.13033537773282,209.40321152541193,202.43963603710606,199.9900237603482,194.36900235340062,194.04912199094719,190.53702013266113,185.23147447751583,184.2423492178606,187.99224991324735,187.44947046214253
natural_user14_trial_04_participant,0,5.94,5.94,,68.09351461880013,6.245008589876787,7.3775555019237125,183.7079025705054,45.113546343502485,291.40822731072836,3.54,5.94,0,0.168,--undefined--,--undefined--,--undefined--,195.56673564901018,203.04010943015183,207.81455893293506,219.9763104232724,217.59783887160782,208.391011188162,193.20586567757582,188.90209231875883,185.51588255346647,183.8456653568979,184.04401071395725,184.04401071395725
natural_user14_trial_05_participant,0,3.48,3.48,,67.03861553544994,7.145122224263388,5.3436275257402945,195.71950809521906,44.650944900873846,345.8283582672612,3.74,6.34,1,0.158,--undefined--,--undefined--,120.8589657384643,120.8589657384643,158.13321460398487,194.35073764408313,208.79893726217028,208.66613781234875,201.73054300095038,197.53136224552853,195.71662298552042,198.39431558450934,194.99550470152448,196.11435571464125,196.11435571464125
natural_user14_trial_06_participant,0,4.08,4.08,,66.28847177029564,6.349471409755838,8.794586332675179,187.62587568535315,54.71463816854269,305.1009744884299,2.70,4.38,1,0.228,--undefined--,--undefined--,--undefined--,225.09673773792795,230.34796239538463,226.54378255331773,226.54378255331773,226.54378255331773,211.9551936255239,199.42352155494882,194.11749681884103,187.74646923095085,187.74646923095085,187.74646923095085,187.74646923095085
natural_user14_trial_07_participant,0,4.56,4.56,,67.00129452401319,6.581353763561363,7.291650953795444,185.0950324561648,45.55343436850441,318.32136155229006,3.95,5.33,0,0.188,228.16834915419895,197.18170404402454,197.18170404402454,207.05038471158878,219.73650616452724,218.9055878398422,217.1415327309437,206.36888207329073,203.36572859825478,200.27626150815047,197.81164204860215,192.49828814098038,188.21312861624727,186.33773315668563,185.96719267689627
natural_user14_trial_08_participant,0,6.84,6.84,,67.12269353931647,4.941231813700984,4.474855013601162,172.65127764847819,54.30506054514078,328.27984989416973,3.22,5.13,1,0.195,--undefined--,--undefined--,228.78756871799928,218.00788022003533,215.8170870668019,192.07020080783053,190.18019647155938,189.9370646153228,181.7987418800047,181.7987418800047,179.0796153093359,174.38890820616336,173.24315650438925,172.68509210995097,171.63897572664405
natural_user14_trial_09_participant,0,5.46,5.46,,66.00481317351995,5.046197949631133,8.039625473017589,185.71590684649513,39.08865480869613,276.9033793087115,3.30,5.92,0,0.169,--undefined--,--undefined--,--undefined--,--undefined--,--undefined--,204.3935264710048,212.93637772996487,202.78125849016226,199.40437585330028,194.44186497626833,186.1676678522752,185.48390749860746,185.67071552119694,185.67071552119694,185.67071552119694
natural_user14_trial_10_participant,0,3.54,3.54,,67.45924149808604,4.7704574864309155,6.960349488230289,197.43491950848207,41.175708622906264,294.90830747054343,1.69,2.76,0,0.363,--undefined--,120.06121952019856,120.06121952019856,120.06121952019856,201.72055894858372,214.81888449502097,203.71660557752216,202.05739446662255,198.35709649405382,192.44877758836793,192.44877758836793,192.44877758836793,196.10409650546632,196.10409650546632,197.1504109468709
natural_user14_trial_11_participant,0,5.28,5.28,,65.12700050348096,4.641388340208735,9.803449278496737,169.16224052035386,41.23996993749398,238.96974057623066,3.41,4.83,0,0.207,--undefined--,--undefined--,119.76745544031319,166.82530308295696,176.72349496278224,184.3127578124916,191.94365946353108,189.04483174660825,186.71812329342782,177.43593438846605,171.37015607180336,171.62872734042344,171.62872734042344,170.3927401831186,168.81701620486447
natural_user14_trial_12_participant,0,3.6,3.6,,71.35976422265696,7.887978137351058,10.931092421814485,209.96828112559587,30.694762152205367,256.7867928278272,2.78,5.17,1,0.194,--undefined--,--undefined--,--undefined--,--undefined--,233.96215573070975,231.98485726766881,218.70668662151104,222.53157839584625,228.07901952800847,228.07901952800847,228.07901952800847,222.9397208304008,215.9118369208422,209.88808442016693,209.88808442016693
natural_user14_trial_13_participant,0,4.74,4.74,,66.33922724480071,6.5864345184857225,11.119752998804062,162.18829547519036,50.0064560328951,286.4067922837281,3.38,4.16,0,0.240,--undefined--,--undefined--,117.06795611710645,159.18850804253228,178.90410337755966,191.51170196918747,189.85939228648581,192.36291056919586,183.72998247947208,181.43661376130092,170.88245434506615,162.4642800577113,158.71648301284978,158.52262942768917,161.30194186047825
natural_user14_trial_14_participant,0,5.82,5.82,,69.15647265334155,9.333367166892153,13.688335527764066,199.20878321774032,34.958447544091,275.3700718976297,2.23,4.32,1,0.231,--undefined--,--undefined--,--undefined--,236.69036818247295,226.24574958555615,224.85101008606526,213.21945284153412,212.9983513228141,209.46229156135158,207.75900597090632,200.5105403055751,197.2830184475501,197.93225191823285,198.99325442408968,198.99325442408968
natural_user14_trial_15_participant,0,4.08,4.08,,66.75590005047138,6.724871304569577,9.431616898931,195.0750528400415,42.38536539437104,332.5553126550102,2.94,3.75,0,0.267,--undefined--,--undefined--,--undefined--,207.95221146780122,223.5801801021151,220.6402827414624,212.1684098005041,203.4873665646581,198.20066257888007,198.53872964689117,195.9194379282642,192.4327411041409,193.0301568543701,194.87752314501898,195.38783032035695
natural_user14_trial_16_participant,0,3.48,3.48,,66.10808387284095,6.896841769495101,9.290039516613437,192.28049412959695,34.73108250358633,248.74754903179456,3.74,5.20,0,0.192,--undefined--,--undefined--,--undefined--,118.2789524392495,180.94683405541778,197.19992244502947,208.4161549505403,212.98546202563685,207.68004071546187,202.12101339903356,199.289881649463,197.4965363656531,195.87940260092537,192.02348013467787,192.02348013467787
natural_user14_trial_17_participant,0,4.68,4.68,,68.9515721632741,8.638422918651342,11.52544577220755,195.01143017625017,35.30435081274904,368.8504577815101,3.21,4.46,0,0.224,--undefined--,--undefined--,204.61211969784245,212.67770836424688,220.9888229511761,213.29289463967507,214.06391887226786,211.27416661729276,206.36452106982762,199.5856292645203,197.35440705714777,194.17742046301416,194.0630771117132,195.0063397169935,195.0063397169935
natural_user14_trial_18_participant,0,4.68,4.68,,68.50591241557007,7.546297125773048,10.545147799478066,188.9162242839588,42.309647470049924,258.25245921922294,4.27,6.13,0,0.163,--undefined--,--undefined--,128.00445858457178,196.68066761014305,207.64125637791707,206.96786078818957,202.61681170429785,199.68654129581844,200.61323427316094,199.2292873445671,198.8512420668568,191.24438014770408,188.94149783221874,189.36636189720275,188.76854984090522
natural_user14_trial_19_participant,0,4.14,4.14,,66.81348576212314,7.014988193720506,10.154612759386579,186.05991057467622,49.36493859891474,262.2909010811642,2.66,4.17,1,0.240,--undefined--,--undefined--,194.5333319567678,216.646805945037,228.08974230554156,219.09499471871362,212.2983686858082,205.88186366249263,193.28335355116303,190.15282219465192,187.35273108105613,184.2244992934629,186.2923318103017,186.2923318103017,186.2923318103017
natural_user14_trial_20_participant,0,4.26,4.26,,65.10602004288725,6.299232212507304,5.168782141341028,188.7338875567526,40.74458500276964,264.574022231317,4.46,5.52,0,0.181,256.09070587088945,256.09070587088945,236.83899270113648,214.78586396128364,221.95392536957593,226.46451163370983,213.4853360905986,210.56473538057855,204.8766190289956,201.64947167687347,198.35546741468926,190.26137494525727,188.91832345456817,186.9238498199291,188.17658204276347
natural_user16_practice_participant,0,4.38,4.38,,71.35270767877284,9.844240515878298,3.131091967902816,255.4660775522581,60.07973756182869,349.80188474954195,1.60,4.51,0,0.222,--undefined--,--undefined--,--undefined--,--undefined--,288.548278063154,291.12352743297333,283.2104274929461,275.7242940722558,255.36352069252564,255.36352069252564,255.36352069252564,255.36352069252564,255.36352069252564,255.36352069252564,255.36352069252564
natural_user16_trial_01_participant,0,5.64,5.64,,72.53733663007878,11.173205730367442,3.655105663185016,223.8215171498226,40.37665910490589,312.27757388110444,3.37,5.82,0,0.172,--undefined--,--undefined--,280.3028429943717,275.76716305847793,254.91328612257772,246.34743611231033,240.34241519705498,233.41505305065357,230.82769751141944,227.43102159802444,223.42785563577226,223.45089417652324,223.45089417652324,223.45089417652324,223.45089417652324
natural_user16_trial_02_participant,0,4.02,4.02,,70.18794267730073,11.227553523964941,6.043721705985884,236.7403992881481,27.202981298130233,283.9581580796299,1.99,4.81,0,0.208,--undefined--,--undefined--,--undefined--,231.75626999468193,257.24649164441627,256.919334439788,250.68167922936706,242.05262141766187,241.13089619499803,236.7139987351735,236.7139987351735,236.7139987351735,236.7139987351735,236.7139987351735,236.7139987351735
natural_user16_trial_03_participant,0,6.54,6.54,,72.1327830769016,11.222159075659143,3.745654189055882,239.3346951076017,41.84239391503873,334.45391389766047,2.29,3.92,1,0.255,--undefined--,--undefined--,250.9103128398704,286.8618206557424,257.17494508727833,246.663960120983,247.93826602976802,247.93826602976802,247.4582046178735,246.28990376971169,243.0017391914992,236.56640964549752,239.24991619816436,239.24991619816436,239.24991619816436
natural_user16_trial_04_participant,0,6,6,,67.49782432284645,11.036646764346788,4.785515675376208,224.70604540381098,38.64330080323475,323.31857562089965,1.83,3.74,0,0.268,--undefined--,--undefined--,--undefined--,223.31941105055347,278.51129101132335,250.31264190494403,242.53931525104716,232.94073369779136,224.77602737498972,221.3535495777139,224.62080850015738,224.62080850015738,224.62080850015738,224.62080850015738,224.62080850015738
natural_user16_trial_05_participant,0,4.8,4.8,,70.70281344314034,10.877355331775737,3.235199415778947,213.7699516576449,29.994259666569473,283.837436765549,2.29,3.91,0,0.256,--undefined--,--undefined--,222.5413703719224,248.35701199103505,238.7601062729145,225.6141704993295,220.70046421892914,218.57120468675987,215.86746842949069,213.21826578205074,211.4923273894048,213.80847395586892,213.80847395586892,213.80847395586892,213.80847395586892
natural_user16_trial_06_participant,0,6.72,6.72,,70.61314894231,12.969006261410485,3.6727648018371175,216.18461542480796,26.280681544691795,282.12290984456905,2.38,3.86,1,0.259,--undefined--,--undefined--,247.34292362084517,228.22643181451076,221.7525092394758,221.35048233525012,217.49158565865537,217.31229566419896,222.42468685713322,221.14949273898162,217.99324254203208,216.0492921721073,216.0492921721073,216.0492921721073,216.0492921721073
natural_user16_trial_07_participant,0,5.04,5.04,,64.90864114536942,9.324066975311455,5.1028936668034675,225.31753118333296,33.32914050152744,276.65317930024673,2.58,4.67,0,0.214,--undefined--,--undefined--,257.6543677125632,258.4715207305132,254.92242324276785,244.67384241601167,238.59567751181012,237.22889247569407,235.7420039035374,233.04550686774266,225.18051677298993,225.18051677298993,225.18051677298993,225.18051677298993,225.18051677298993
natural_user16_trial_08_participant,0,5.04,5.04,,70.87192478760667,10.356945318251979,3.4811206538452595,235.1501679496624,29.836432335003497,368.74373596099525,2.58,5.24,1,0.191,--undefined--,--undefined--,--undefined--,245.4555887389126,263.7981818702882,258.2079079138678,245.60829034751143,243.41941115311528,242.63220815367586,242.63220815367586,241.77738625997551,237.97583956997798,235.22274837870617,235.22274837870617,235.22274837870617
natural_user16_trial_09_participant,0,6.12,6.12,,69.91426487874611,13.250208754181271,6.65485668523289,229.4965991802398,16.658653717481936,278.7056143127174,3.76,5.68,1,0.176,--undefined--,--undefined--,247.78768818713456,250.66024945469192,242.4713571450365,239.20849640257399,234.73709995589164,234.56592172984637,231.7232659822304,228.56562876769652,228.06714633898756,229.4735155497426,229.5168518102446,229.5168518102446,229.5168518102446
natural_user16_trial_10_participant,0,8.22,8.22,,70.91876302266907,12.37198667114309,6.06303032890088,214.88232766373795,36.81885856302701,319.43979026896,2.68,4.15,1,0.241,--undefined--,--undefined--,282.1197647452306,250.01717811744837,233.05641592563845,231.34176888630242,222.82424573583296,221.18436249987366,216.84960846002923,215.016521414111,211.04327058220696,211.07043890229258,212.3775025357527,214.8263289878976,214.8263289878976
natural_user16_trial_11_participant,0,4.56,4.56,,71.86237689585982,11.612157178458839,7.313266892477226,216.60195170739294,46.691053299515424,279.58748672969807,1.75,3.76,0,0.266,--undefined--,--undefined--,236.62924974319185,260.87469548965544,251.52635704325627,238.9180412752849,237.06763373532348,233.21418888598626,232.7803794909659,216.6352554002091,216.6352554002091,216.6352554002091,216.6352554002091,216.6352554002091,216.6352554002091
natural_user16_trial_12_participant,0,6.6,6.6,,69.19178187504725,11.408220911562648,2.828317724711776,220.17942099990984,37.798821197457634,308.47549482537084,3.03,4.24,0,0.236,--undefined--,--undefined--,269.93190375441037,264.1049509720319,255.51735245869168,241.764741220988,236.75073625484774,233.2766029470871,230.92202613662118,229.7536277219807,227.0706343166749,219.90011264242023,219.90011264242023,219.90011264242023,219.90011264242023
natural_user16_trial_13_participant,0,5.82,5.82,,69.24887607594607,11.90824930954799,4.474225855585245,222.8345700011417,23.077940571762475,306.4400142132728,2.75,4.13,0,0.242,--undefined--,--undefined--,254.32028572281718,260.44370100628265,245.96137841048792,242.70408752231234,237.50366005314905,232.57510557256896,230.3427842491618,227.5968923867491,223.7691462067875,222.8660311559324,222.7215090299848,222.7215090299848,222.7215090299848
natural_user16_trial_14_participant,0,5.76,5.76,,70.25596244398812,12.03551042142439,7.125731334409496,226.29988412971505,43.668574223669886,317.37604793359844,2.60,4.91,1,0.204,--undefined--,--undefined--,258.06040655642,273.9367347168483,264.9827997442013,264.9827997442013,253.80268083372513,241.6448607814392,236.18365741168475,231.47725121917375,226.28433851098995,225.93396475691836,225.93396475691836,225.93396475691836,225.93396475691836
natural_user16_trial_15_participant,0,4.26,4.26,,70.61598713964293,13.129847983237518,8.899659655326746,231.56090513177224,17.847186245448416,263.6987523873206,1.88,4.63,0,0.216,--undefined--,--undefined--,--undefined--,255.09515279507593,250.26963349047355,237.67799866031308,235.80622308848342,232.7244545366633,231.6682989203528,231.6682989203528,231.6682989203528,231.6682989203528,231.6682989203528,231.6682989203528,231.6682989203528
natural_user16_trial_16_participant,0,5.88,5.88,,72.09918839478762,11.643835503728146,4.906125255280412,216.48764821359896,40.72318882068231,301.09445411760214,2.72,3.85,0,0.260,--undefined--,--undefined--,257.22531727494487,255.82856390160632,245.52119810208106,240.53056295765663,232.55630699676772,229.70353086648134,225.53888444421574,224.0703668249782,223.39065909052215,215.93177831941946,216.7028102031587,216.7028102031587,216.7028102031587
natural_user16_trial_17_participant,0,4.02,4.02,,67.3172498199188,11.178165467530391,4.416319835219735,221.2100430391461,27.977133683513777,306.269880219923,1.74,3.74,0,0.267,--undefined--,--undefined--,--undefined--,--undefined--,204.41596655687565,209.57367430643464,211.39194988070477,210.4857696013934,208.77944944893486,207.74652342735652,216.0018619316057,221.23249682949063,221.23249682949063,221.23249682949063,221.23249682949063
natural_user16_trial_18_participant,0,5.7,5.7,,69.41713704898666,12.286477430984888,3.0340063454943755,206.8241021535825,43.34826888460345,301.5997730052383,2.63,4.46,0,0.224,--undefined--,--undefined--,--undefined--,267.5894037258352,251.79360485259102,240.1790198808032,230.7770232894628,226.31894487253507,224.3155230128961,214.86093375325095,210.6566041089892,206.8659799913465,207.23149343369195,207.23149343369195,207.23149343369195
natural_user16_trial_19_participant,0,5.82,5.82,,71.57648673912698,11.762850562339022,1.7284666543801026,219.06480128449877,43.17515218919947,319.88942008509986,3.09,5.33,0,0.188,--undefined--,--undefined--,285.49531935895595,262.02875455117334,251.3197006752501,241.52249189060078,232.5575539019001,231.2339082226858,228.72568006444644,224.45506830397048,218.81678280126158,218.81678280126158,218.81678280126158,218.81678280126158,218.81678280126158
natural_user16_trial_20_participant,0,5.34,5.34,,67.18581678622147,11.357254141881127,3.470393421934543,215.09709413634897,38.183370316574,330.53897607342867,2.25,3.12,0,0.320,--undefined--,240.77539052695587,257.97903474426136,238.48606775682921,230.3373431533832,225.22653841612885,217.33369706227248,217.0456206928667,216.27229817666282,218.17860186467848,215.39998491772886,215.07989186796812,215.07989186796812,215.07989186796812,215.07989186796812
natural_user17_practice_participant,0,3.84,3.84,,66.97253974148573,9.485592384944157,1.423808355751503,178.85023630029156,50.991506521467784,250.54780528629078,1.82,3.69,0,0.271,--undefined--,--undefined--,--undefined--,--undefined--,--undefined--,--undefined--,--undefined--,218.5380285084217,227.2874199560446,220.40575510981785,211.48175684461614,194.2071789850084,182.42993958597052,179.92858394979805,179.92858394979805
natural_user17_trial_01_participant,0,3.42,3.42,,67.48837795623872,11.36273501133081,5.191006154067098,190.22380483887034,40.658195977387784,249.34843735666342,2.34,4.50,0,0.222,--undefined--,--undefined--,--undefined--,--undefined--,--undefined--,232.25511485364413,225.14971157761465,219.34837394039818,214.88545647665126,209.28099862556772,203.925769431097,198.834679853444,190.28459501815345,190.28459501815345,190.28459501815345
natural_user17_trial_02_participant,0,3.9,3.9,,66.00611066382169,7.638168093842086,2.7023017583926157,214.0327643933959,44.22335557495988,323.526240542072,2.05,4.70,0,0.213,--undefined--,--undefined--,--undefined--,--undefined--,--undefined--,--undefined--,--undefined--,--undefined--,244.89637669880491,254.66751728406007,242.30091414807052,233.95682382637833,229.83431773438653,213.4826523557158,213.4826523557158
natural_user17_trial_03_participant,0,4.44,4.44,,67.52267378739235,11.718407508971286,3.36522205506182,199.29967983242682,32.422723034664,286.7553535644875,3.38,4.30,0,0.233,--undefined--,234.923781800603,228.9250762453969,222.92834542668086,221.97832252027138,214.44326808949893,208.69149117538797,207.4076046510437,207.20886339782425,201.81329549065453,195.75829027826438,195.3003267119176,197.72267808904658,199.15404616795308,199.15404616795308
natural_user17_trial_04_participant,0,4.08,4.08,,71.6802298317366,10.056023124841014,0.5499416829907748,195.79947214157363,42.912179699092796,248.90187384914577,3.43,4.09,0,0.245,--undefined--,--undefined--,224.0468227221018,218.14164842689777,222.5540292524023,225.7824175118025,222.03101758640483,216.83087051750803,214.67403684189048,213.37725837588332,209.08227123116595,193.21148705015113,193.86304037089764,196.33772410546786,196.33772410546786
natural_user17_trial_05_participant,0,4.98,4.98,,71.36269152588002,13.518670174270055,3.675682188033303,213.68424655495096,27.555806771435915,303.7880618463734,3.01,3.83,0,0.261,--undefined--,220.56646424720952,225.25597060305043,234.56526132248936,232.96749536930656,227.65348832569234,226.38142940824403,227.79376292559965,222.91667481053292,219.5628796057075,217.61190299423447,213.16609869557738,213.4658642198704,213.4658642198704,213.4658642198704
natural_user17_trial_06_participant,0,4.02,4.02,,67.93802477661386,9.266270550606635,-0.30283875321908227,195.404330233109,37.328974070761994,262.1007069288559,2.24,3.14,0,0.318,--undefined--,--undefined--,225.05674871726595,217.31508299149118,230.55751632381342,219.128263776698,215.59931661027682,211.1659994211447,202.01752531168995,198.39522694784975,198.56255454475303,195.5598923994053,195.96298533634192,195.96298533634192,195.96298533634192
natural_user17_trial_07_participant,0,2.22,2.22,,71.8957836917804,12.44144176099362,3.6798848644654427,201.3192648033808,27.03524863437134,275.40416886233197,2.25,2.88,0,0.347,--undefined--,--undefined--,--undefined--,229.98254657145642,231.83421727786623,233.63476105864302,226.50999531865475,219.33188130353875,217.71920661089973,213.71903763861627,207.7515083641589,207.7515083641589,202.72208733695751,200.79484395660958,200.79484395660958
natural_user17_trial_08_participant,0,3.54,3.54,,69.90010726173104,10.506068691702234,3.0117644841274194,194.19427130521532,24.730086623140334,245.5450667681151,2.54,3.63,0,0.276,--undefined--,--undefined--,238.69699695033904,217.85861568321505,215.54483383086819,210.57752470532412,208.37624013790196,206.88937790260093,205.51238006344835,201.48664697932546,197.64365544551703,195.60142365361298,194.27123818036438,194.27123818036438,194.27123818036438
natural_user17_trial_09_participant,0,3.66,3.66,,73.34624807659367,10.29752627618568,1.0569175997481692,195.5571091467577,48.06845281904279,280.1417993378156,3.28,4.46,0,0.224,--undefined--,--undefined--,239.3644965941852,242.30908232983634,230.95915404906324,225.28058392740132,221.19086086738366,218.39142486266837,217.47711945818045,217.14904479962294,215.39034780609816,200.0750348471549,195.3224488911761,195.3224488911761,195.3224488911761
natural_user17_trial_10_participant,0,3,3,,67.75604097346371,8.99826973075721,-0.590776017685682,215.40626151851538,22.603990970240176,269.0205099801011,2.00,3.91,0,0.256,--undefined--,--undefined--,--undefined--,234.43505898240775,230.009615328274,235.81241521006348,234.64279462144853,219.95908500458802,218.13419510408195,215.86299563635365,215.5657455698296,215.5657455698296,215.5657455698296,215.5657455698296,215.5657455698296
natural_user17_trial_11_participant,0,5.52,5.52,,68.12743057777338,10.762756052871246,-0.012626515201766508,204.96537479799034,26.089060932075505,271.34370145017164,3.26,4.08,0,0.245,--undefined--,246.2646608073294,238.78607370687322,232.60552493167148,223.28709274340613,212.2401850384104,210.50088442657122,209.21209258537598,207.46511043160322,207.0137856431537,206.88920321828414,206.28836808396596,205.04681252329533,205.04681252329533,205.04681252329533
natural_user17_trial_12_participant,0,4.44,4.44,,75.12887394635288,12.22482337433019,2.138594298817362,202.1710769039905,22.302558146873483,254.83848851722962,3.15,3.52,0,0.284,--undefined--,241.6057592377896,234.5065674197544,227.77439711861234,222.16901802481848,220.54445943865258,219.65836047310862,219.29442969525633,216.2877369468178,215.14130242706156,211.88674775741657,207.24109378843784,205.16199024970805,202.68969218068693,202.30665559621244
natural_user17_trial_13_participant,0,3.36,3.36,,70.55387850593748,8.916932365350286,1.965216101336979,212.13704389680012,18.83620264110448,260.2725544401553,3.57,5.64,0,0.177,--undefined--,--undefined--,257.0210213646291,231.32782829603966,230.35192125488703,228.40051369896395,218.9781409564169,215.8716452182281,214.79392197711712,212.60810703940734,212.18438716617888,212.22217049984386,212.22217049984386,212.22217049984386,212.22217049984386
natural_user17_trial_14_participant,0,2.34,2.34,,72.68080283724038,10.062740373597268,1.4710698900848038,206.78389013567826,26.23727659412498,253.37247506662789,2.14,3.43,0,0.291,--undefined--,--undefined--,--undefined--,242.8017662781142,238.71777297960315,235.12663323945432,229.38249232441342,221.31180519722204,213.7534215710885,212.27460811284715,209.86853007357644,206.6427621820717,206.6427621820717,206.6427621820717,206.6427621820717
natural_user17_trial_15_participant,0,4.02,4.02,,70.9763059065612,11.692673842285574,3.235054866572677,195.29545986987733,32.59061837154902,252.46464780431424,3.48,4.51,0,0.222,--undefined--,242.64148789686732,228.49066122459237,227.1711169292412,219.99341938403253,218.37251271654725,213.81388723386604,210.95920497644008,202.03108487167083,199.22621874466972,196.35383437513167,194.73638468057388,195.65930010149398,195.65930010149398,195.65930010149398
natural_user17_trial_16_participant,0,4.56,4.56,,70.16985505185856,10.992198128242666,0.29439322592021555,209.44330791103627,27.77356186118243,265.95429164941305,3.95,5.02,0,0.199,--undefined--,241.23811788751374,243.82901444671035,226.63256934584996,227.34218117221715,224.53927134290723,221.49830193256693,223.14854442647314,220.65646360520668,218.0679562772801,215.87694193003026,213.26579749767652,211.10066631365626,209.56248581430984,209.56248581430984
natural_user17_trial_17_participant,0,3.48,3.48,,68.04325605927079,8.823440936669524,2.285040706505642,191.55556277638118,32.954776760503464,279.3570178511108,3.74,4.23,0,0.237,--undefined--,237.97369694378057,235.29097288451032,233.50556015384856,223.56244938547025,220.20940243985694,215.64986546791496,214.42306855721378,207.7379814336922,206.17918105679078,200.60652199105655,197.55895824776613,191.5639156700156,191.5639156700156,191.5639156700156
natural_user17_trial_18_participant,0,3.36,3.36,,71.34334694696061,9.096167821604752,0.07800625885681538,211.1079302478985,23.42260974264178,277.85151763151896,4.17,4.77,0,0.210,--undefined--,271.39907096944927,242.8132198475018,247.49352484397866,236.02266303103787,228.53026158730944,226.09221452490135,222.88132312574638,220.69790747446103,218.94575219791943,215.8320556829059,214.66422965291378,212.41937937721022,210.977059649518,211.04004011876796
natural_user17_trial_19_participant,0,7.26,7.26,,72.25679763716046,10.813766299054336,-1.2294939857806475,211.54731250271848,28.48318207005157,284.9480490899824,2.89,3.88,1,0.258,--undefined--,247.7320559457604,256.70340345083963,242.29085073432282,239.5225627989526,234.6429437663759,226.65260203550295,226.17190578697213,225.22690514255083,221.53339581143132,217.60836112949644,215.30004220585056,211.29604094591687,211.59693825156114,211.59693825156114
natural_user17_trial_20_participant,0,4.56,4.56,,70.8908252720313,10.351931703192014,1.9611937976520235,200.23585031838954,17.249069322425346,271.4067172603926,3.07,5.06,1,0.198,--undefined--,233.4398028969065,227.82500014727825,230.21378330428158,222.98985899800138,214.93423511651918,211.03026589097482,209.2133070160243,205.21445091336673,201.29666297564606,198.84427389631122,200.13046143332357,200.18669410626592,200.18669410626592,200.18669410626592
natural_user1_practice_participant,0,4.32,4.32,,67.32298007133762,2.2576535552196053,8.664760375103587,138.36367326319564,57.99858156924347,233.472165354503,0.23,1.74,0,0.576,--undefined--,--undefined--,--undefined--,--undefined--,--undefined--,--undefined--,101.7099291173993,134.87879701045694,134.87879701045694,134.87879701045694,134.87879701045694,134.87879701045694,134.87879701045694,134.87879701045694,134.87879701045694
natural_user1_trial_01_participant,0,7.68,7.68,,70.43133944323678,11.708647528451685,14.995489235672538,175.77115344051697,42.46672468428804,258.97898017140125,3.12,4.18,2,0.239,213.6522209715919,211.0225230382957,204.99016796062003,199.46359652514175,199.48909751490734,187.32897141440856,188.2645187097834,183.8755120096343,179.86065964036734,180.5716898944143,178.1662758669784,178.71719722432226,176.89858548026857,175.67061203864597,175.67061203864597
natural_user1_trial_02_participant,0,3.36,3.36,,69.90205333494926,10.911505921528871,12.651762965367439,201.2729757881835,15.39064409333058,242.20210696934052,2.08,4.65,0,0.215,--undefined--,--undefined--,--undefined--,--undefined--,--undefined--,207.15958386927613,205.99068014939434,204.52278127750827,202.82413514387886,197.44696476886918,198.07211350661262,201.69324973230005,201.69324973230005,201.69324973230005,201.69324973230005
natural_user1_trial_03_participant,0,2.82,2.82,,76.82716149485496,12.472252661904754,13.386687751614328,181.71113825285943,49.63420397115178,263.32955465628953,1.42,2.45,0,0.408,--undefined--,--undefined--,--undefined--,217.1436347999801,221.07788244135597,220.56280677666314,212.85556959955568,211.7810224061963,209.49170432636262,196.17686385314184,196.17686385314184,182.158636130169,182.158636130169,182.158636130169,182.158636130169
natural_user1_trial_04_participant,0,5.52,5.52,,68.24384679532977,12.990136548245726,12.738114418987951,178.77601081070245,40.77081376197006,275.4314279187401,3.08,4.76,1,0.210,--undefined--,226.19629036728185,217.5350098220729,217.5350098220729,217.5350098220729,223.22541929188594,214.87987527827664,210.72685423149852,205.0947728902377,203.07844183763655,197.0033060133892,194.06502143892524,184.99077208214578,178.56217561306664,178.56217561306664
natural_user1_trial_05_participant,0,4.8,4.8,,70.93641259894001,13.400966468113973,9.02288579084463,195.77357084975046,29.06021427125505,295.3725506053561,2.71,4.25,0,0.235,--undefined--,--undefined--,--undefined--,--undefined--,247.55594293451742,227.23308047353314,210.09449629431106,204.87644656746502,202.313479776505,198.695781731757,196.0130518221115,195.99134254293074,193.91040461060723,195.3429811235399,195.3429811235399
natural_user1_trial_06_participant,0,3,3,,68.15524820714006,10.271674304402296,11.926777667577621,198.46943222203151,24.220023690743126,261.0661653572287,3.67,5.29,0,0.189,--undefined--,--undefined--,--undefined--,247.68608808475608,229.94552286483886,225.43093759547747,219.3066365446488,209.69322299626575,207.2062258676339,205.70697888588347,204.89777894679546,201.45142565617743,199.0913702432193,198.46208929732586,198.46208929732586
natural_user1_trial_07_participant,0,4.92,4.92,,68.40971951924399,10.024878589233058,10.262739682554846,193.90197161697282,47.41922843555389,348.46575120613284,3.25,3.72,1,0.268,--undefined--,--undefined--,230.0891809725953,243.61602670689692,234.51579004263974,224.11258672870505,222.5424334047337,202.84554026448714,202.84554026448714,198.29859183531997,197.2215979455605,196.22111422537145,192.42139152576968,193.2920773493533,193.97577535313724
natural_user1_trial_08_participant,0,4.8,4.8,,67.92551582975162,13.020136290490711,11.855654399610025,179.2439847380887,44.777868166779925,259.0924133987862,2.92,3.68,0,0.272,--undefined--,242.70509232174152,212.57963986165169,209.49698883075231,215.3707107705216,211.2144427841721,189.93268962458498,183.23173929914358,184.30947742649406,184.2287594260759,184.0828681364089,181.13549847291296,178.4460642454032,178.4460642454032,178.4460642454032
natural_user1_trial_09_participant,0,3.42,3.42,,70.40155389276696,11.127930136410653,12.202515180975373,182.50188645037292,44.18432478210964,255.991692296512,2.92,3.39,0,0.295,--undefined--,--undefined--,217.84003501166964,229.9640969051754,223.20637413558154,215.01410470360398,211.73345398941277,207.11183721813987,204.8566265951264,201.87147792402703,202.1274683445192,201.26194354111124,183.70915325281885,182.63405525026485,182.63405525026485
natural_user1_trial_10_participant,0,3.3,3.3,,71.23133588704219,9.74857214486414,9.818967337663032,171.0652761294251,50.327518152199346,275.48188351441837,3.94,4.44,0,0.225,--undefined--,219.43706950914714,242.10784229865192,227.72066519332003,218.68560720590256,206.1024364416589,204.65805675969335,189.44487730876892,187.02306956547284,183.9283070303746,184.0223932113453,178.228824032443,172.39633856068474,170.5372665807023,170.64985804655353
natural_user1_trial_11_participant,0,3.66,3.66,,69.01375651904898,13.037934270687312,12.063449685183475,184.20378752445384,36.87718282030197,268.5527618304379,3.83,4.28,0,0.234,--undefined--,218.1802642364074,207.81497763778762,217.17360815983545,210.07979918598173,207.8615959174754,189.61984738717265,189.8932849775213,189.7262842982516,190.10165872233767,188.7686582664606,188.37056413186673,186.96627076130585,184.3908774371571,184.3908774371571
natural_user1_trial_12_participant,0,2.46,2.46,,60.888134944795034,8.375520451746745,14.538407587052157,200.36681533907966,34.20329311502418,252.81768155865575,2.85,5.09,0,0.197,--undefined--,--undefined--,--undefined--,200.29646785901093,207.43622518637062,212.10004193896944,206.66315909868652,207.58763543419008,207.19790293208808,207.19790293208808,201.1492744429199,201.1492744429199,201.1492744429199,201.1492744429199,201.1492744429199
natural_user1_trial_13_participant,0,5.28,5.28,,66.79727238293424,10.966267499377011,15.311060919860761,182.43182483179527,47.87600143368061,317.1957017614879,4.17,4.57,0,0.219,254.66114647336744,233.6853981780378,221.2040070882188,206.75484339889965,204.12846176111833,194.4783290040679,193.93607820776234,193.32179304628167,191.62819104860873,189.98424399040732,188.3545145662798,186.56346530402453,187.26456923884535,182.90308287797416,182.90308287797416
natural_user1_trial_14_participant,0,3.84,3.84,,73.15538752300023,13.130799707377564,12.973109614601235,184.52933657210292,39.42701743164894,277.9933228073193,3.39,4.89,0,0.204,--undefined--,--undefined--,216.7163040446957,205.3105626539396,210.52166189736297,208.44194588891222,206.97708314008008,200.75278341995792,199.1323242199922,197.34999651400713,194.62376451313526,192.34067485674538,184.96978554843596,184.96978554843596,184.96978554843596
natural_user1_trial_15_participant,0,3.18,3.18,,74.30433950064486,15.939553637461117,18.505344242469054,213.4245301029079,27.832285375428725,334.73419446623444,4.09,4.77,0,0.210,--undefined--,--undefined--,235.8389333035496,261.13862236403173,251.0092357055933,248.44145033426784,238.07528385915094,228.94453325135285,226.97863687310544,222.59117797757042,218.4574752405405,216.43606406284312,215.00393063455337,213.1991075766062,213.1991075766062
natural_user1_trial_16_participant,0,4.5,4.5,,68.77196714476125,16.213887212797573,22.149567544519584,207.8628399949931,27.82194593130383,301.95952996761804,4.22,4.99,0,0.201,234.91449311865256,256.40858276211543,250.9186472699002,243.20700186137765,230.41686843828182,221.49976633794333,217.46939143287395,212.72577718871761,211.35704769544782,209.23177519191583,208.87006832140258,207.16831388029203,207.82973597261196,207.8446271391224,207.8446271391224
natural_user1_trial_17_participant,0,3.84,3.84,,67.87479893747592,13.366838360717828,16.50747885331945,188.03362078456215,30.978578724590168,290.23180540926853,4.17,4.87,0,0.206,--undefined--,--undefined--,210.05370209032526,204.20648947612105,206.23349822985242,204.23405119380243,197.07686124651642,199.72295686321655,198.01149581148064,195.91460292892233,194.66598648270377,191.73143687798938,191.131465346375,187.91333663679094,188.01987536581183
natural_user1_trial_18_participant,0,3.18,3.18,,70.04403201608761,7.7208276860827,7.9442436839261,189.42276846010807,35.82667330200632,247.30775872352112,1.89,3.91,0,0.256,--undefined--,--undefined--,--undefined--,--undefined--,247.30775872352112,221.44553041948106,214.83458076237085,206.60124408282607,202.2936157769237,187.30597395740273,187.30597395740273,189.31133782513473,189.31133782513473,189.31133782513473,189.31133782513473
natural_user1_trial_19_participant,0,3.6,3.6,,67.08782278805101,11.963840337193277,13.26573176029731,182.04532353093612,41.2259381338533,294.83416440886316,3.61,4.23,0,0.236,--undefined--,225.12804091129362,214.31683072721447,203.02359797938792,201.37162747515345,200.75773531965044,190.32887911947654,190.23844640072878,183.77583574970566,183.9966091796569,181.58472262094242,179.60191674306395,182.25787761529048,182.25787761529048,182.25787761529048
natural_user1_trial_20_participant,0,4.32,4.32,,74.22386016583891,14.715200488285841,17.388489415862626,197.75333500817143,52.0173414377222,292.9732918791195,2.55,4.52,2,0.221,--undefined--,242.04902440485566,239.78714788418986,255.898745335123,238.80326025309222,233.12555680511,231.15874090398063,225.24013582322945,224.60566120604017,220.47349628464582,217.0045670451919,216.10584508060208,206.63077124016243,198.37297671331402,198.37297671331402
natural_user3_practice_participant,0,2.58,2.58,,70.94438791317839,9.440408844370952,9.537157674287135,184.69059461837395,33.247535508436684,213.13023569300483,3.10,4.27,0,0.234,--undefined--,--undefined--,--undefined--,--undefined--,205.44046439543604,206.83878578392273,206.65760637739174,206.32444069060924,200.33312715824025,197.16513042157075,189.65312755439962,186.07076748292647,186.07076748292647,186.07076748292647,186.07076748292647
natural_user3_trial_01_participant,0,3.42,3.42,,73.3070790557409,14.165450837230093,12.907948576584456,196.43376995964536,35.22919933743076,265.8221225604951,4.09,5.24,0,0.191,--undefined--,223.6683320514309,239.19036848282252,222.10213076152846,217.23498169778242,214.75895472152735,210.579830046514,207.79187111724286,205.38932116161928,203.26143660940363,200.55944368577772,197.02129214775633,196.7763493294445,196.79411175893785,196.79411175893785
natural_user3_trial_02_participant,0,2.1,2.1,,67.81811958763346,6.204974220973163,8.475848155694925,202.4584228402367,42.254399963923134,255.6957412866283,2.86,4.63,0,0.216,--undefined--,--undefined--,--undefined--,217.910136259216,221.4641194525537,224.974999477327,218.7203152092785,217.2683810553352,213.75096305474145,214.25036821720425,216.17229091797086,202.87723826611747,202.87723826611747,202.87723826611747,202.87723826611747
natural_user3_trial_03_participant,0,3.66,3.66,,71.61252191641051,10.771370666615715,12.897067425128254,179.1571336601,43.519793215907235,295.10345824702586,3.01,3.76,0,0.266,--undefined--,243.30977376650574,219.20205303563804,226.52270264300793,216.63269928454534,208.40151150568363,188.77558003477895,185.632303948913,186.04864520829835,185.78390062333239,185.63248794527502,185.61867085285567,184.83150653984174,179.51869942888285,179.51869942888285
natural_user3_trial_04_participant,0,2.4,2.4,,71.623242780191,8.406734611669794,10.885793874920315,207.74976861194511,34.66968191497455,272.1254053029967,2.92,3.79,0,0.264,--undefined--,--undefined--,173.2728435320942,205.05113539147226,212.34153262304747,211.5682206789514,208.93991303957196,207.03768136410343,200.91461962379478,200.91461962379478,206.14204966911572,207.30362473983573,207.30362473983573,207.30362473983573,207.30362473983573
natural_user3_trial_05_participant,0,2.52,2.52,,69.07947176590872,13.08519199708415,15.778360557101749,200.3617504343211,23.559610467512492,337.8510922082475,2.38,2.99,0,0.334,--undefined--,--undefined--,245.29015416035205,240.50758926150243,221.87841849372083,221.14913470838874,218.80819614454276,214.0648230664797,213.50403279882286,209.2439621015562,203.24405495238568,200.66145426393683,200.66145426393683,200.66145426393683,200.66145426393683
natural_user3_trial_06_participant,0,3.9,3.9,,64.77631984982422,12.14807529268819,19.18124515371983,193.9853001182973,35.548829301024774,247.11471200953986,3.33,4.48,1,0.223,--undefined--,227.96903932822113,218.1985148901782,212.25781686286277,208.69164811131952,207.44232631338267,207.01485949633144,198.48079895014666,199.87900514120682,199.87900514120682,199.87900514120682,198.49282591706307,193.86750982800723,193.9482632413105,193.9482632413105
natural_user3_trial_07_participant,0,3.48,3.48,,68.03472644173907,12.783643594493062,13.24573835238019,187.3500184529253,33.30590083110076,277.90999258148094,3.45,4.03,0,0.248,--undefined--,273.0004499633214,222.098236708318,200.25408167405425,198.8805944896042,198.67725558556563,198.51598026818667,197.87811340126692,197.02365878554141,195.53781912067953,194.33383997808994,193.6264099635249,187.54733392630718,187.54733392630718,187.54733392630718
natural_user3_trial_08_participant,0,2.94,2.94,,68.33035786279932,15.194484592784983,16.900253487613604,184.21687273300662,36.64091635264838,270.67289425368494,2.72,3.94,0,0.254,--undefined--,213.49768949467793,235.64202674772704,231.12210489494092,223.51923047091407,212.89434914167012,206.29596758376672,204.29534625034375,200.55668334993013,196.67884346688933,192.26509411207542,192.4348859837776,185.08141896216227,185.08141896216227,185.08141896216227
natural_user3_trial_09_participant,0,3.66,3.66,,68.44435395591515,16.218016247553297,22.125037962849543,221.1542129393579,34.6319722087248,300.0352826338617,3.28,4.34,0,0.231,--undefined--,251.41263813795723,265.3335350009597,270.8161800792079,267.8801701090791,250.09281738684615,238.10898506080275,229.72426761688175,227.89827899225472,225.47892318343068,222.38782694785996,221.41283258729496,221.02923006132443,221.02923006132443,221.02923006132443
natural_user3_trial_10_participant,0,4.2,4.2,,71.9471147752124,16.33065559926842,21.45660803163206,199.8706356922848,27.526761200437676,299.59701991715946,3.10,4.25,0,0.235,--undefined--,242.2603821207617,231.13558898929406,242.6855439911024,234.63356064047966,231.15185152179416,224.5261727200819,220.83077153554746,215.9404802970603,210.46067877781198,207.45215981390373,203.15754620009346,200.14505339317225,200.14505339317225,200.14505339317225
natural_user3_trial_11_participant,0,3.96,3.96,,67.54371360129548,15.698641823338777,19.43983768783554,201.51143503644502,29.828296664984382,285.89337274646317,2.78,4.65,0,0.215,--undefined--,--undefined--,--undefined--,238.105123000312,248.45539388435802,234.5379579097252,222.56460727008994,215.0782426564173,213.11221847530976,210.69666967541863,208.4074989099682,202.19637993243973,201.33317866626948,201.33317866626948,201.33317866626948
natural_user3_trial_12_participant,0,3.3,3.3,,70.72736633673932,16.679873282270357,18.293829509782466,202.61944078152715,32.78649585700025,305.8873734367351,3.03,3.38,0,0.296,--undefined--,248.07122042352609,262.175179523044,250.21512758394195,231.8039933881872,224.92459122207174,220.2293000743563,215.89224533460322,213.669182463679,210.73796454336315,208.29891282400484,205.98885212057624,203.28786877456736,202.452205745686,202.452205745686
natural_user3_trial_13_participant,0,2.28,2.28,,73.11939172041316,15.229884592474628,19.64037348992899,185.48141856178037,31.056600050707285,250.76907036510508,2.19,3.63,0,0.275,--undefined--,--undefined--,205.890434699621,207.09127666729006,214.36698666972282,203.84079354238057,201.5650176964293,199.0183076087722,195.0162566528734,195.0162566528734,186.79102164068794,185.84823156334937,185.84823156334937,185.84823156334937,185.84823156334937
natural_user3_trial_14_participant,0,4.38,4.38,,69.81223728864634,16.018462543981613,19.831483289201497,201.25234903229463,24.76591084392528,283.20331868117717,3.65,4.76,0,0.210,--undefined--,206.2058741279279,204.7265863692675,207.1270405171406,212.67627079156156,208.84712226064516,206.73720380268531,205.41865655987283,204.5275401534412,202.34224731431428,202.063040863363,204.07181442076927,201.74864052560804,201.74864052560804,201.74864052560804
natural_user3_trial_15_participant,0,4.32,4.32,,70.39355243781995,12.199451348007447,17.768154906406878,190.6901731871846,47.075253514882974,281.3996044187093,3.47,4.60,1,0.218,--undefined--,249.3273256515908,233.01567409017156,225.28124913697127,214.39739875964494,209.38944001628224,207.84202154017066,207.84202154017066,204.9539924093442,203.30324126748664,197.7495098389397,190.90748188429305,190.816450759327,190.816450759327,190.816450759327
natural_user3_trial_16_participant,0,2.64,2.64,,70.72688220750997,13.743529858051557,22.728867023718877,200.1349074544328,26.28364744764792,270.88736136633935,3.41,4.33,0,0.231,--undefined--,258.904683182089,237.1616800835557,225.81001694115773,219.32740638302235,211.91871220658226,206.93856550494735,206.0817207394867,205.2613823097478,203.809679325392,200.51818158748668,199.98930988681752,199.98930988681752,199.98930988681752,199.98930988681752
natural_user3_trial_17_participant,0,4.8,4.8,,72.00986342725665,12.813743414140488,12.258614260027374,182.57603447091424,31.56672202879936,266.43891376717653,3.12,4.53,0,0.221,--undefined--,238.73926516960756,218.58550961773668,209.7458200510061,203.4834437750663,199.68381707369647,194.70515698922284,189.65153608050477,188.937640213401,184.11378097384952,182.91854673950107,183.049324487782,183.049324487782,183.049324487782,183.049324487782
natural_user3_trial_18_participant,0,2.46,2.46,,73.37451803981413,13.179898323302456,18.483672398519357,186.01163128746126,33.59046978932421,287.32066015103493,5.28,6.09,0,0.164,--undefined--,--undefined--,174.5863311928534,213.04803206395275,206.4459913725888,198.61054205506517,189.64679173862572,188.3136256799652,186.84003695470582,187.07517917787314,186.30845571419005,184.67797150531328,184.76436660301567,186.12736963031236,186.12736963031236
natural_user3_trial_19_participant,0,3.42,3.42,,75.14545573113207,12.823624383513058,15.356593964333316,181.06060542604564,43.93333924218609,269.78368663262575,5.56,5.56,0,0.180,222.7175529742348,158.73524161665782,155.16613700599038,149.79873567785395,159.14300469655524,172.1779023053128,176.49314475272,179.2071924874704,180.01903804851068,180.93227824526184,181.0292543745815,180.34300441074694,180.74336438480537,180.9966778327838,180.9966778327838
natural_user3_trial_20_participant,0,2.52,2.52,,72.39684467476987,14.075595964012951,21.414494760814392,206.88524000288143,52.13583009263253,347.2961937109263,2.78,4.13,0,0.242,--undefined--,--undefined--,257.4680147073296,259.50142319822004,242.85509800775597,236.8325589578368,236.8325589578368,229.75607987759773,221.5924355297018,220.1515970122878,219.83542304425822,206.37256027681093,206.37256027681093,206.37256027681093,206.37256027681093
natural_user44_practice_participant,0,2.64,2.64,,72.33773533939203,9.331444325652827,11.495889191465343,247.21115824022905,28.58694758572271,323.8562018643507,3.41,4.81,0,0.208,--undefined--,--undefined--,--undefined--,--undefined--,263.6704997888703,274.33763185498344,272.762945003533,263.8401194347518,255.91697047260243,251.42239895678645,247.4205431959248,245.33475558164054,246.62128305141806,246.62128305141806,246.62128305141806
natural_user44_trial_01_participant,0,4.32,4.32,,72.48033497177573,12.649960771790177,8.243226694056528,242.92748793536603,45.05187603384143,359.4959725494155,3.47,4.57,0,0.219,--undefined--,--undefined--,264.3025689219916,284.5661492206068,277.92203926202575,261.2243267996012,260.8797551922895,248.7034845590976,248.89307553426107,248.75526105664912,247.84889393587707,247.56559636449427,244.5335241992857,242.5771945616209,242.5771945616209
natural_user44_trial_02_participant,0,2.88,2.88,,71.49874893877747,13.614613816723635,10.899638839780899,265.9650237511843,38.81870239426523,335.0856225315066,2.78,4.67,0,0.214,--undefined--,--undefined--,--undefined--,258.5198080673288,253.256843693735,252.53563330520473,250.71390467260014,278.0237628246522,279.25859039189123,263.27694031997163,259.5272217650981,262.06524470911097,266.0694254772533,266.0694254772533,266.0694254772533
natural_user44_trial_03_participant,0,4.56,4.56,,68.93650855564695,13.528851449396885,11.643246868232477,217.11982323825103,32.45925033479341,296.0130526392248,2.63,3.67,1,0.273,--undefined--,--undefined--,280.6794846576416,237.44038653820851,239.90029170564205,239.79803471061734,237.1428013270516,233.18605938313436,231.3809261706349,227.89272791408072,227.89272791408072,226.40610054854264,223.02998883272562,220.38258884339498,217.28316390136047
natural_user44_trial_04_participant,0,4.2,4.2,,73.02150966828633,14.532414422134119,11.805604221595427,223.3483490188097,51.6086814005938,335.74593419116144,2.62,3.58,0,0.279,--undefined--,78.86187390978706,102.05925426792572,225.94990948579525,267.20552771797725,261.26105992913494,259.13721969985517,248.48153225445841,247.126633359222,241.61923827598733,239.04969880471018,232.7976678679125,226.72047382833324,222.88138120092376,222.88138120092376
natural_user44_trial_05_participant,0,5.82,5.82,,71.10801779123845,13.984438583603723,11.527757514893224,238.04674319496965,28.44541789797121,332.90068777652994,3.09,3.97,1,0.252,--undefined--,271.78105798810986,266.15985316909524,272.1510239023707,262.16412919937596,251.31170290232924,251.31170290232924,251.31170290232924,248.04832347879437,251.08363384445076,249.19327513227438,244.81637982056503,241.27177006866157,237.0783503973826,237.9462537318877
natural_user44_trial_06_participant,0,5.1,5.1,,71.50420063558306,14.463792971004782,14.314195178313527,230.61528929048785,26.60696892355605,296.2463008244574,3.53,4.70,1,0.213,--undefined--,262.9441423988315,256.0984284412414,261.21053254455904,254.40241797826084,253.87033352212282,253.87033352212282,252.3054724662447,247.41194735698403,242.20865699356293,239.28486080766982,235.4434076195058,233.51868824068,230.93277624071695,230.85939639336686
natural_user44_trial_07_participant,0,4.56,4.56,,71.75400767540671,8.201438976713195,13.63545960832832,199.30622604079784,60.761129502008906,312.4971782020038,4.82,5.49,0,0.182,--undefined--,253.53865933941668,261.7420515925913,253.5137039444221,221.70979499942197,196.83872952508952,192.2295184867396,191.09591050358938,199.72726030520934,202.21881466556655,199.20161307749245,199.20161307749245,199.24852435228803,198.47716930945916,198.47716930945916
natural_user44_trial_08_participant,0,3.06,3.06,,68.19741930856259,10.73564478279788,7.961664746931076,237.2687461678143,32.54236139850267,306.9746902696933,2.61,3.73,0,0.268,--undefined--,--undefined--,285.7045501813834,268.3284296331492,265.12470393741194,266.97636926634385,266.97636926634385,255.78866510985407,246.38063365287263,238.2959531225462,238.10993528233104,234.84380758717757,234.84380758717757,237.25895028008077,237.25895028008077
natural_user44_trial_09_participant,0,3.12,3.12,,63.19366717958174,12.695932694700867,13.204364376162223,226.69197484632002,37.80261604604422,344.7864934450903,2.56,3.31,0,0.302,--undefined--,--undefined--,--undefined--,266.9707564663908,267.477590690708,270.568472873609,256.1580271251418,252.4172559751986,250.1090261265738,244.17108791153078,244.17108791153078,244.03998377587257,234.6813905922501,228.1323150260037,226.87169792134762
natural_user44_trial_10_participant,0,3.48,3.48,,67.74866020389732,13.203006732833487,12.214811091786633,236.37310141931334,41.87519084439845,350.2253299269588,2.30,3.76,1,0.266,--undefined--,--undefined--,318.2919079312395,272.10597250626466,284.20158893654144,267.94473290694987,267.94473290694987,267.94473290694987,260.2789006306705,251.37914802894292,249.87119049360757,245.3136871170726,241.2836140291684,240.28996672364684,236.25096733370356
natural_user44_trial_11_participant,0,4.2,4.2,,71.47063347792331,12.84155468032161,11.697529285666246,239.64430559451503,39.294033371822096,338.52226574001213,3.33,4.48,1,0.223,240.23547318078894,240.23547318078894,269.58998868622666,271.579359037576,276.97314891601275,269.04526928143855,264.9757918936943,260.83406953117253,256.384572084009,251.20682401999747,251.20682401999747,248.441194874839,242.99043157756753,239.28497402011917,239.78549648163977
natural_user44_trial_12_participant,0,3.48,3.48,,68.2482733408508,12.267089799779173,11.271409244933634,238.14665925227948,43.62573354804055,316.3129285407713,4.02,4.83,0,0.207,--undefined--,--undefined--,291.97944353435616,295.1226264433286,278.74318741552344,276.73684516221306,264.25997270505246,263.0934172874741,259.6949978921675,252.75763434400443,249.21160681496096,243.49629411760503,239.08657875484087,237.44054625621436,237.53796688951675
natural_user44_trial_13_participant,0,3.96,3.96,,70.4627204287485,14.978502015246258,11.683330649637762,231.79753879913022,45.09073701777177,308.9060410679073,4.04,4.65,0,0.215,--undefined--,--undefined--,296.62413255038626,285.2361980452617,285.0156459250274,272.5647132161907,266.22705770040557,262.7498069511028,259.9659906262453,256.7426731673898,250.50344144160727,249.15335986672596,244.8508573193905,239.22984575352643,231.5362271169904
natural_user44_trial_14_participant,0,4.86,4.86,,68.33751393852361,12.276593946654264,12.571960675011969,229.33802320630195,36.35307302495869,367.78985957002624,3.29,3.84,0,0.260,--undefined--,--undefined--,254.0416278566799,263.37516258984476,261.3201461545543,250.47937584227736,243.49907583516782,240.00249705105207,235.4845081347608,233.62484583316976,231.62514508249802,229.2557812983493,228.66693691190807,229.35822983467432,229.35822983467432
natural_user44_trial_15_participant,0,4.14,4.14,,71.58419411419126,12.871822855341943,13.722194296929821,229.669802953732,53.004133008318725,342.1621050225697,3.62,4.31,0,0.232,--undefined--,--undefined--,286.60207406237373,298.2409410234647,277.7630339652878,267.68983264857394,258.7791302530523,257.307832567763,254.36840153004633,250.9989753282245,250.94109523986825,248.70315197644388,244.4676446812416,231.25110226172356,229.2791482642056
natural_user44_trial_16_participant,0,2.76,2.76,,69.5227889120949,7.739646868218787,11.324078765076697,230.9961419425477,53.04132969889892,310.7155999023497,2.54,4.29,0,0.233,--undefined--,--undefined--,--undefined--,264.79053641386975,279.09850273533704,267.01464535193384,261.62280964861526,255.12401618536174,251.39074985021867,251.39074985021867,244.52742284954502,232.03641906665965,232.03641906665965,232.03641906665965,232.03641906665965
natural_user44_trial_17_participant,0,3.06,3.06,,71.1287464795291,13.09052809761323,15.50324034095147,249.09024659033074,28.14686118938533,298.1886916588835,2.94,5.62,1,0.178,--undefined--,--undefined--,--undefined--,292.7595355687085,281.10163278523277,276.75364398738014,272.53639692599205,264.7168320206557,257.7645563234674,257.5119970151197,255.21068988366426,254.64979878913402,248.6696354537598,248.84738585637655,248.88522367282638
natural_user44_trial_18_participant,0,3.9,3.9,,66.50588569427651,11.861628780812921,12.07858943223863,233.0444074262537,45.88523897386083,332.8951345368849,3.33,5.60,1,0.178,--undefined--,--undefined--,278.7587044362978,297.2287749239482,276.5848485687599,266.3145247715033,261.1114454883727,257.433354155874,247.34158436257366,244.05549024694818,241.7605927232711,232.77040814126886,232.59361745547912,232.59361745547912,232.59361745547912
natural_user44_trial_19_participant,0,3.78,3.78,,69.61559238098172,13.225639413939517,14.881687403279178,221.4077909425699,40.76385473705057,340.0081689279279,2.91,4.17,0,0.240,--undefined--,--undefined--,276.6238746911046,275.6221221757727,263.70009333306496,264.88208071619846,262.05324287217786,248.1891627413337,244.25889889623187,240.73720803958057,238.06259296462918,235.06677559727703,231.9879469421423,227.70973890116062,220.74018684462382
natural_user44_trial_20_participant,0,4.2,4.2,,71.38628703910679,15.342981061249928,16.54233637904284,260.4082443878212,40.88580801956572,353.10015641406693,3.81,4.54,0,0.220,--undefined--,--undefined--,293.06138839696825,285.1406516216027,296.44589821492514,284.2132828117095,276.73355146579513,268.163049621751,261.16401371520953,262.3150835684971,270.6274442025836,267.43476749952055,262.1725523546483,260.8759857922009,260.5820127239231
natural_user45_practice_participant,0,17.73859410430839,17.73859410430839,,63.67715474683905,11.40958464660111,7.144336342922922,206.9834043007749,51.81278505821454,335.7882259054103,0.62,4.46,3,0.224,--undefined--,--undefined--,--undefined--,324.9989456359364,324.9989456359364,324.9989456359364,324.9989456359364,324.28056940468923,324.28056940468923,324.28056940468923,324.28056940468923,324.28056940468923,248.14402499747302,207.7890701429727,207.7890701429727
natural_user45_trial_01_participant,0,17.80825396825397,17.80825396825397,,62.65447733612939,9.313379141925315,12.784502616071414,209.2696529544097,53.6069811703988,329.38337759923513,0.67,3.49,5,0.287,305.6020919023599,297.5963827290809,252.40887993047326,218.63218597969234,193.59616908248884,186.93353063647416,187.00940305948615,187.00940305948615,187.00940305948615,187.00940305948615,188.28716757704248,188.28716757704248,188.28716757704248,209.6506690070663,209.6506690070663
natural_user45_trial_02_participant,0,8.171972789115646,8.171972789115646,,71.72913980076225,10.898976679182658,8.892610897520537,198.37240443900563,55.45664985294041,340.50735724101037,3.06,4.12,3,0.243,248.1005604927681,275.9155493300793,272.8690490101372,269.1422437749891,265.3329772857032,256.26211145550377,231.42488523036133,219.4243547255281,216.20781668728222,211.04840325206234,208.07362275604544,206.1954203768642,201.18030275469854,198.63372082614654,198.63372082614654
natural_user45_trial_03_participant,0,25.42439909297052,25.42439909297052,,62.746906185420926,10.721965889042695,5.584357736474006,190.17337435948778,45.33539810664436,341.23781573999884,0.79,5.56,2,0.180,--undefined--,--undefined--,--undefined--,314.872341379373,235.40064280189716,200.1560623731043,190.0437567216362,190.0437567216362,189.79760887277658,189.79760887277658,189.79760887277658,189.79760887277658,189.79760887277658,189.79760887277658,189.79760887277658
natural_user45_trial_04_participant,0,8.49705215419501,8.49705215419501,,72.0198584212933,10.081043240044329,11.768283444945544,171.94096006736152,35.30311682287874,265.1792553896376,2.35,4.68,2,0.214,--undefined--,--undefined--,--undefined--,--undefined--,--undefined--,218.12859102473723,215.15345121963966,188.54236448164968,182.92856935190764,182.19361665368356,179.3568891195497,177.75082041027596,173.76487823697653,172.20755316197727,172.20755316197727
natural_user45_trial_05_participant,0,6.7555555555555555,6.7555555555555555,,66.83852647947914,12.84020099968728,9.023779619073505,177.64770299476157,28.70040917758219,255.48742733121333,2.37,4.72,0,0.212,--undefined--,--undefined--,--undefined--,--undefined--,--undefined--,200.68878075897447,214.21897391362856,198.0227367083313,193.21623841170035,188.91908647902204,182.55061383463024,179.25680739947344,177.5247014512447,177.5247014512447,177.5247014512447
natural_user45_trial_06_participant,0,5.176598639455782,5.176598639455782,,67.32434218136146,12.759632930869936,12.938030897096887,180.65885816284506,33.135244325276055,322.71669236105294,2.32,4.49,0,0.223,--undefined--,--undefined--,--undefined--,--undefined--,192.45400886087214,229.08360861367495,206.2675532661616,198.99267871888767,190.92450219470172,187.0455971433807,181.06826456432356,180.00953187103815,180.81237312863047,180.81237312863047,180.81237312863047
natural_user45_trial_07_participant,0,6.360816326530612,6.360816326530612,,67.89310471389106,9.855568671503042,10.37612479449172,171.6364378051281,26.04541274229878,275.6635783832063,2.36,5.30,0,0.189,--undefined--,--undefined--,--undefined--,--undefined--,--undefined--,--undefined--,197.81434762546792,192.44932446030137,187.7410791723025,181.01113731955226,177.05457002775,170.6285502522886,171.17488038494128,171.17488038494128,171.17488038494128
natural_user45_trial_08_participant,0,17.947573696145124,17.947573696145124,,64.35317322182146,10.760570020256694,8.277387827631141,173.13312271752895,24.24161077358498,244.62257960034512,1.23,4.86,1,0.206,--undefined--,--undefined--,--undefined--,--undefined--,--undefined--,--undefined--,--undefined--,--undefined--,--undefined--,--undefined--,213.1388196748891,199.86753341632442,182.82122589377818,174.1620034810352,173.13277272949685
natural_user45_trial_09_participant,0,2.343764172335601,2.343764172335601,,69.1641193332095,8.543553494056148,1.467589216205662,192.5195144839099,26.75060417076305,258.8994650090913,3.41,6.33,0,0.158,--undefined--,--undefined--,--undefined--,227.85355770874514,215.07037485350392,213.42830508007745,218.79681852605427,205.00667139630886,202.54274102753357,201.1344280226804,195.54097210200536,192.74914080729198,192.74914080729198,192.74914080729198,192.74914080729198
natural_user45_trial_10_participant,0,6.058956916099773,6.058956916099773,,71.06960281091649,10.601623848300752,8.367297481034432,168.88724176747002,19.82765827905832,235.86186637914622,3.80,5.75,1,0.174,--undefined--,235.77745196016076,225.6031623723311,195.06711878906165,194.12878333227428,187.73100300013238,182.6914979109491,179.2523527363897,177.1720191322269,174.09189937019465,172.3603064737915,169.47876230919258,168.9115556316062,168.9115556316062,168.9115556316062
natural_user45_trial_11_participant,0,6.105396825396825,6.105396825396825,,70.47490044720858,10.514104874383197,12.407875850729253,173.53118924804988,31.356142206016138,348.22288061434153,2.78,4.60,0,0.217,--undefined--,--undefined--,--undefined--,202.0534103816168,205.66969599102396,193.80917002512254,186.08201157534884,183.40071531793865,183.5887393594171,182.64128868301196,179.56829711022803,177.07920150541284,173.5687446414634,173.5687446414634,173.5687446414634
natural_user45_trial_12_participant,0,3.7601814058956915,3.7601814058956915,,71.58749162564958,11.71167955787068,12.018584978314257,179.5214861915358,27.04836970766946,229.3747161387388,2.66,5.90,0,0.170,--undefined--,--undefined--,--undefined--,--undefined--,156.31823660752397,164.66794058316663,167.25389085639623,177.91963900935963,176.28222373308014,174.66731522248278,178.4787047376744,180.41080999124478,180.41080999124478,180.20023751911867,180.20023751911867
natural_user45_trial_13_participant,0,5.455238095238095,5.455238095238095,,70.9105120921748,10.367344463670982,14.37497885907896,180.35411562502324,28.056401876988364,268.39010310056113,2.57,4.00,0,0.250,--undefined--,--undefined--,235.67049682860429,207.50536749185486,210.3797054968833,201.16616304966155,194.11234983174364,190.38553726888892,187.81298165787567,186.5017161497173,182.76236428844257,180.9179779579142,180.50206678199987,180.50206678199987,180.50206678199987
natural_user45_trial_14_participant,0,4.247800453514739,4.247800453514739,,70.1663328478389,11.331711679340831,12.050702634273879,179.0576080066351,31.90191226120576,306.1887525125737,2.35,4.88,0,0.205,--undefined--,--undefined--,--undefined--,--undefined--,185.68025304571103,187.58895070389661,206.04335787146687,195.7758483980387,192.31080263706193,184.06698638351548,181.84616415522342,178.8684902957144,179.79034088426693,178.8781025249034,178.8781025249034
natural_user45_trial_15_participant,0,4.921179138321995,4.921179138321995,,73.06456236522561,10.28821161326234,12.056716237358023,174.06606492587701,34.50780799052631,345.6952904236309,2.64,3.80,0,0.263,303.4199896664119,278.74183928862516,262.42087744462333,230.76583324623746,207.10056434005304,197.46079385329867,192.5883769257738,187.27768640783916,182.99725959718015,179.78585220674785,176.00236891271808,174.3184089940734,173.2866260943825,173.2866260943825,173.2866260943825
natural_user45_trial_16_participant,0,5.223038548752834,5.223038548752834,,71.85141918706395,11.404978805802708,12.900066731746175,166.81471535104237,36.92649404055172,260.34458321295796,2.49,4.23,0,0.236,--undefined--,--undefined--,186.04343326579718,201.39364095987085,202.53187300616875,191.16225915670103,186.26967214694693,183.38392963644782,180.64565728361006,175.87695631617797,167.35005026638063,167.35005026638063,167.35005026638063,167.19652678332955,166.91699354166926
natural_user45_trial_17_participant,0,6.012517006802721,6.012517006802721,,70.37047224742237,10.881458411929549,11.812833155065858,184.71132501362698,33.22519960031416,286.40440206260894,2.33,4.19,1,0.239,--undefined--,256.82278446789763,235.28495991932044,218.33635960133918,210.65035976729516,199.41905011672605,196.56898806779014,190.63256178442643,188.88368392108325,188.55181418409023,185.53221065122494,184.57296453531555,184.57296453531555,184.57296453531555,184.57296453531555
natural_user45_trial_18_participant,0,5.1998185941043085,5.1998185941043085,,70.83305237899884,11.014963100182012,8.54168795378844,171.16698948848202,20.80596951048969,258.5991960748131,3.27,4.56,0,0.219,--undefined--,--undefined--,181.0035691052339,208.20586601219514,196.7675985016302,190.22876575839018,186.83850367295673,180.69414382419393,178.77029867198897,176.97874750815566,174.92620066047598,172.7735784379439,171.82000308294099,171.0943322540817,171.0943322540817
natural_user45_trial_19_participant,0,5.223038548752834,5.223038548752834,,71.19031074336843,12.404797363253417,10.150770305658783,173.66308589418443,19.634315438816127,227.72304164848052,3.06,4.81,0,0.208,--undefined--,--undefined--,209.804121395353,203.71955253431278,196.22268836134816,191.0329673440087,187.16948947568414,185.834420925006,181.4152180001924,178.12183280845903,175.79611868190221,174.4122736131525,173.8424630835261,173.8424630835261,173.8424630835261
natural_user45_trial_20_participant,0,3.7601814058956915,3.7601814058956915,,72.972904901619,11.531741782530206,12.004996151395792,185.28594396949137,32.692880565121584,298.88262112945256,2.93,5.33,0,0.188,166.43175851143678,164.56789382105177,170.4629043709429,181.17450644489315,202.43249320762703,203.42989956955262,203.46200057229822,197.27326006891482,190.8884446174128,187.07814862215315,185.29753213300816,185.29753213300816,185.29753213300816,185.29753213300816,185.29753213300816
natural_user46_practice_participant,0,3.54,3.54,,70.66022830491477,9.409179703049695,10.77619503613059,213.49510967112067,31.92477820899111,283.9467324415188,2.82,4.92,0,0.203,--undefined--,--undefined--,--undefined--,--undefined--,--undefined--,203.08593699032332,224.43652723822888,233.0391473934034,228.44390125787206,219.71179482796006,217.10830598790008,213.28937191291004,213.50229789300164,213.50229789300164,213.50229789300164
natural_user46_trial_01_participant,0,4.26,4.26,,72.41137676144533,12.903016605366675,11.958347559916248,201.38820864309085,47.28210222153156,312.3342510712398,3.76,4.78,0,0.209,--undefined--,212.5685925568713,215.51038776552426,242.3136157792132,249.91422574351859,236.57565578612872,231.69110054148615,226.43825443381405,222.4211586457279,218.791757149023,215.75112816266827,210.80092955023017,204.4751227162983,200.99849526311874,200.99849526311874
natural_user46_trial_02_participant,0,2.64,2.64,,71.59654592814397,9.78229438212644,8.83224712723006,225.79284557317777,38.53819815634436,308.77725178737217,2.27,3.54,0,0.283,--undefined--,--undefined--,--undefined--,--undefined--,--undefined--,221.44450119502537,238.0646802043868,256.78428789872487,251.1429047525873,244.640552892141,239.8252244366807,235.86908578969621,235.86908578969621,230.44353462973328,226.39367279422154
natural_user46_trial_03_participant,0,10.5,10.5,,69.85774918650567,13.209653753953065,10.087294817153374,191.79200211117768,38.106541136582905,336.64919970822524,2.10,3.95,4,0.253,215.14027170903907,251.3758064777622,226.7660128590203,217.16562197043885,214.66762884558952,214.66762884558952,208.35445863745508,196.55127164314732,196.55127164314732,196.55127164314732,196.30633081574567,192.59664162096885,192.59664162096885,193.45019700797985,191.91709875688292
natural_user46_trial_04_participant,0,4.92,4.92,,70.66894266741421,11.240761601450597,7.313850346081042,202.82080896332727,35.07576539957676,294.288132327385,3.05,3.69,0,0.271,--undefined--,--undefined--,260.07161570834006,246.07609644145592,234.30093587912665,233.90649375041198,231.1735193839782,224.40873718622495,224.71982993583404,221.20765436233418,215.37035737797743,213.03222874804376,209.85618900891544,206.30653196773466,202.80097238683177
natural_user46_trial_05_participant,0,3.84,3.84,,71.61733015321316,12.178644829561764,11.576328317878842,208.82455593738743,49.540428070032796,343.3982377922626,3.12,3.76,0,0.266,--undefined--,--undefined--,212.58199852123596,239.4777289693905,264.54798188371115,252.73585151374255,240.91290285043593,232.98825970496216,230.15412285034753,227.00033082686795,222.92348130065722,222.92348130065722,220.8775243272947,215.36420631761365,209.6643759149802
natural_user46_trial_06_participant,0,2.88,2.88,,71.43097122251615,12.182906100488132,10.814199409681589,218.4160449611172,44.57904700301472,324.1405215593938,2.08,2.99,0,0.335,--undefined--,--undefined--,--undefined--,--undefined--,212.10768871993008,222.95800243772817,251.9884604694368,256.5701813854786,244.1492618786074,241.41487570961746,236.42965176561285,228.47769177754714,228.47769177754714,222.35326211645662,218.49641782534243
natural_user46_trial_07_participant,0,4.02,4.02,,71.72122650759952,9.798934022157681,9.420087366799958,210.6307343891583,32.66140339057879,268.1933949615147,4.98,5.92,0,0.169,--undefined--,--undefined--,221.1847137341598,242.6238825329172,231.12032735083477,234.3890444497741,230.49340328646994,222.50439311909074,217.39104448090666,218.40152541481538,216.14594025781147,215.41423788156547,212.84590886055784,212.8978865955964,210.475989326937
natural_user46_trial_08_participant,0,3.06,3.06,,72.6473639438088,13.270086981884276,13.29671231929585,208.3365544289806,34.14456277470512,312.9217871389705,3.27,4.59,0,0.218,--undefined--,--undefined--,--undefined--,--undefined--,213.00633779757723,233.32465672061917,241.8046234171441,234.11500073950043,234.11500073950043,228.12681520221173,220.8842526328858,216.77906319626425,214.0515010856017,209.16726285237007,208.12531590558916
natural_user46_trial_09_participant,0,4.44,4.44,,69.97863543199392,10.638299553532352,6.033756497198186,218.11561620334152,35.54987982993943,287.6839166679615,3.60,4.99,1,0.200,--undefined--,--undefined--,253.02412964619154,258.16495870432135,252.65429221092825,250.9201713513149,248.2895198705706,246.59597973843375,238.5961166946143,231.54812648336053,226.7639555551961,227.50440630239729,225.93529326970304,219.19247390382444,218.1003785365334
natural_user46_trial_10_participant,0,4.5,4.5,,72.51314187301782,11.56904161865233,5.929572708216505,234.40790350531987,37.740319954857405,330.46381324107404,3.78,4.35,0,0.230,--undefined--,--undefined--,235.41437568239698,251.8081635951621,262.16723851988814,248.00905974888792,242.48434100863122,234.2348157588322,232.96663333349088,231.6302607991711,229.02692255494668,228.258084245092,226.85410770261004,228.76249049693013,234.61203372179298
natural_user46_trial_11_participant,0,5.7,5.7,,68.76535439922964,9.699018608157623,10.508358262688827,200.12938185000982,34.0526280258749,307.5978376167479,4.04,4.82,1,0.207,--undefined--,223.86103319598166,247.5832220632087,233.39267945217208,223.54116096910968,218.7177655649879,212.266240119074,211.84284060630287,210.51426636111913,210.07957941817716,208.76420141635904,206.317864924551,204.02184962273003,200.0650721321696,199.93556994241635
natural_user46_trial_12_participant,0,2.46,2.46,,72.40099761080435,11.652494229982313,14.049012648567896,226.14685160506835,27.175345758727453,273.0343521587393,2.85,4.42,0,0.226,--undefined--,--undefined--,238.42450722451022,230.27759595173714,230.27759595173714,220.2725979552043,227.56919002055213,237.3071678561226,230.41540161073942,223.32358121815878,222.70567934003282,223.33277167171636,226.1898565000011,226.1898565000011,226.1898565000011
natural_user46_trial_13_participant,0,5.28,5.28,,72.74774756373218,11.53391850045605,12.639861685132509,211.22810148336106,23.52990707575369,300.238225813974,4.73,5.74,1,0.174,--undefined--,238.65955836602043,242.72568181508828,248.94710582196504,236.36657376925768,230.0521766697709,226.7586724287474,226.7586724287474,224.25908995955874,224.72030360483396,221.1566451547072,217.28578561528823,215.7024405224133,211.99800964814077,211.22715690475493
natural_user46_trial_14_participant,0,3.9,3.9,,72.57433269904597,10.491657672025312,9.712568755239005,212.5290425539579,35.88342665532864,310.67142580446426,2.82,3.35,0,0.299,--undefined--,--undefined--,246.37773343798492,254.48222521389366,265.6034933719846,247.6000531745414,243.5762430041826,238.1020088629452,232.94311839423514,226.17167940202458,222.00232418050632,219.79647390055823,214.47164732289102,212.2346627326015,212.2346627326015
natural_user46_trial_15_participant,0,2.58,2.58,,72.23879239463224,9.376468521998493,4.041027644955701,228.81632426796776,41.1519830988356,317.0312942014666,3.10,4.09,0,0.244,--undefined--,--undefined--,--undefined--,257.9388382978757,270.4882251711012,271.2661437839138,267.6911880151234,261.3569937633141,252.8404327396415,240.50651749630373,237.12098333216392,233.2270122396971,230.5433383506812,228.79821811004447,228.79821811004447
natural_user46_trial_16_participant,0,3.36,3.36,,71.62160048299359,10.787587582535792,11.651534208375523,222.11334802538966,31.41366287272671,282.87194816934493,3.27,3.90,0,0.257,--undefined--,--undefined--,255.18146230296608,259.800872799579,247.83224030471968,253.36941160078118,250.63949735751737,239.90845814904867,233.41496721702148,232.62954965889585,229.9759844121452,229.30750105318626,224.80535462279258,223.00578604597274,222.67801184510984
natural_user46_trial_17_participant,0,4.92,4.92,,71.59383077251762,9.489197778231377,9.464033045199683,212.6559290140887,35.964279615755544,308.4020464413631,3.46,4.15,0,0.241,--undefined--,--undefined--,227.55083204199894,225.84345886871998,232.88798061525793,228.79353922143022,231.16173203654967,230.8241291945241,227.5122296710896,228.88010536250965,225.87843233376395,222.0867294612053,218.85989134822327,212.78603699112998,212.78603699112998
natural_user46_trial_18_participant,0,4.02,4.02,,70.86577219184295,9.818448444978083,10.638508771755024,201.49398887744746,42.85564412060488,287.69917315764883,3.48,4.22,0,0.237,--undefined--,--undefined--,--undefined--,252.74893149595167,245.45325973126856,248.27292441387092,233.50095969695522,231.10813064655306,225.62628851019178,222.34177356239448,216.59387849921262,213.71949149314258,210.06058151549527,209.40815168836832,202.01870880555012
natural_user46_trial_19_participant,0,3.96,3.96,,72.19218043252499,10.235331301470934,11.987967681770302,214.1886861861221,39.32626204322906,323.33440077155365,3.54,4.28,0,0.233,--undefined--,--undefined--,241.72148641353155,246.435882844205,264.5292931378528,252.39988011100468,248.47353373366738,239.6289214387528,232.54528553158795,229.0480570996145,225.13667726395101,224.42371237514777,221.82466297159337,219.03179435862893,214.8181593423976
natural_user46_trial_20_participant,0,3.78,3.78,,72.94455840721872,10.044676832110024,7.741796529903854,218.40011931413042,44.47368293176487,325.30499557222646,4.23,4.95,0,0.202,--undefined--,--undefined--,247.72438532195284,255.7719982995922,261.9435766073222,253.0744406348498,249.1285825079303,243.24654358429754,239.6740358839228,236.07660930264066,229.54630753767762,223.01003545964235,221.34486671799561,218.03857996298996,217.85572939495282
natural_user47_practice_participant,0,1.86,1.86,,71.3423082277595,16.62991192105853,15.483075200029013,247.8241991696789,10.243164988817677,266.92481999884535,0.54,1.25,0,0.800,--undefined--,--undefined--,--undefined--,--undefined--,--undefined--,240.97974851495704,240.77608741881232,243.26585641016706,247.6627682171424,247.77907776829275,247.77907776829275,247.77907776829275,247.77907776829275,247.77907776829275,247.77907776829275
natural_user47_trial_01_participant,0,4.98,4.98,,70.88732188172835,13.73882015495687,16.834786532205943,224.23836076908873,45.86551289078057,298.3327390337165,2.81,4.78,0,0.209,--undefined--,--undefined--,--undefined--,--undefined--,267.3693288650963,235.9121665353199,234.51241098597916,234.82277494378474,226.49516527670488,222.40929148689418,223.60877918631303,223.75265495661836,223.0833796538336,224.43461626671257,224.43461626671257
natural_user47_trial_02_participant,0,4.74,4.74,,72.14582866115902,14.31136513717283,21.28353187678283,202.6155151256434,55.64544330058236,293.79968255083236,3.16,5.04,1,0.198,--undefined--,--undefined--,253.09118666421725,269.7894778000372,255.22181178164377,244.56481778171613,244.18781622742347,243.13874502812678,240.3785328605957,235.3109506285867,226.88955845822835,221.33281139846065,206.8956078070715,202.45244050796595,202.45244050796595
natural_user47_trial_03_participant,0,4.92,4.92,,72.75145542971207,12.251101306759496,17.08437016373844,219.09885449954783,49.06818773055943,302.46780969061996,3.25,4.35,0,0.230,--undefined--,--undefined--,227.4293520714482,225.51012333497584,234.15400444505514,227.1688783924316,228.2841252540707,228.08789836437427,228.26725393695648,224.8907216095351,223.26235469458078,221.60133237550897,222.98500082311872,219.65508443919668,219.65508443919668
natural_user47_trial_04_participant,0,4.98,4.98,,69.86800989291817,11.443796833093387,15.12573134307668,182.6881265562624,63.462465784294636,303.5585200190189,3.21,4.39,0,0.228,--undefined--,--undefined--,246.16948784793922,239.99553238628624,244.502692467888,224.57755405233186,207.1451082273541,201.232798615724,203.62958105723197,204.9622516590381,205.03037760291343,196.57860974586845,191.0132529179031,182.56397064161206,182.56397064161206
natural_user47_trial_05_participant,0,3.24,3.24,,70.29395148644325,13.662647626884517,18.330372031763073,195.1565572638493,53.49145622525363,284.4319435176094,2.47,3.70,0,0.270,--undefined--,--undefined--,238.76648161602378,246.29239550499113,244.21336692471812,233.5352608316692,231.2054418283457,228.4118277503868,224.5196722267385,224.5196722267385,212.7514040211128,196.78471291155094,194.52109769738124,194.52109769738124,194.52109769738124
natural_user47_trial_06_participant,0,4.14,4.14,,70.2153947897544,10.265336298090665,15.695424454462978,197.78171784322956,73.52753660369125,310.77343659072903,2.90,3.91,0,0.256,--undefined--,--undefined--,246.25382954697162,263.9920490393243,249.63108703513356,232.25822660993938,221.25233586556388,211.23599710807213,210.82345936049308,194.59856456077532,187.59523249208607,184.51050973645653,187.19164667826058,198.52104769546693,198.52104769546693
natural_user47_trial_07_participant,0,3.42,3.42,,68.28760436392896,15.286545647335368,20.564886150896026,235.18071133648064,23.73726148619082,317.8981061612739,3.80,4.74,0,0.211,--undefined--,--undefined--,--undefined--,302.65286264395115,266.2363945967102,260.4118967209335,249.98014469443604,243.29009984811384,241.35773574691726,239.0291706468013,237.9266343270847,236.007100410105,235.58791568790127,235.09776818114548,235.09776818114548
natural_user47_trial_08_participant,0,5.82,5.82,,69.57345627428944,11.17595163295766,20.23668012198467,187.8094766642733,70.44190213019793,330.960662138622,3.26,5.30,1,0.189,--undefined--,242.73600900555786,270.80076082607115,263.35396288460515,208.3314976865274,201.04738262821058,195.91595753900754,195.91595753900754,195.91595753900754,193.65263149486182,196.3236853497983,189.95600328879533,186.82516331810987,187.67428282685623,187.67428282685623
natural_user47_trial_09_participant,0,4.8,4.8,,70.78126867767115,9.478250048782158,16.05025485917567,206.3591953350094,53.94047223204144,348.4767417914186,5.00,5.60,0,0.179,--undefined--,219.40705321370544,263.3067710362736,265.38748320898446,249.6119323386104,243.63460750526036,238.0171948394148,226.37754948004243,225.3644730303688,223.6534363946277,220.76621226438533,217.55119878411168,215.60220156071827,210.3557546712574,206.21547174239728
natural_user47_trial_10_participant,0,3.42,3.42,,73.10739260947207,12.148946940349818,23.393636355959178,192.4549519364379,77.36167701243018,346.6302516624545,2.92,4.60,0,0.218,--undefined--,268.1848519568516,280.1723428025393,272.5149009155126,268.4532694480237,268.4532694480237,256.99953070203156,221.09460908536238,204.61403923268074,202.78584596712952,196.14977490908493,192.64367977363426,192.64367977363426,192.64367977363426,192.64367977363426
natural_user47_trial_11_participant,0,3.6,3.6,,71.68151764660787,12.059888016907534,19.3365273346837,201.70548414875586,50.1943569965007,335.73829015752494,3.89,5.09,0,0.197,--undefined--,268.3397224999915,273.78954179169574,276.9656704873651,260.78838860066975,224.28203540392985,219.16047373920304,218.56985450427166,205.39673355204516,203.3587489040832,202.53195579807533,199.89844093434968,200.83242969595386,201.73864746424115,201.73864746424115
natural_user47_trial_12_participant,0,2.4,2.4,,74.27923458430702,12.566744946258355,21.13733303666176,212.2680867142939,63.02559641040697,293.5817877185014,2.50,4.12,0,0.243,--undefined--,--undefined--,--undefined--,264.6927682132918,271.73880377558106,263.2798639743746,258.56377643871923,251.8807567142679,245.0398835259343,244.6312963941537,233.3539828724522,213.29892495676552,211.22046489080037,211.22046489080037,211.22046489080037
natural_user47_trial_13_participant,0,3.3,3.3,,73.271102504988,14.578655593083319,14.47867336136244,238.26282112488084,20.83310523574615,282.5563332248076,3.64,3.64,0,0.275,--undefined--,249.98623374801087,258.85778204906495,261.58414179048555,253.77857948115556,251.46293772955488,249.76156060814066,244.6636733120617,239.37728133889993,238.63148561698216,238.86272763768628,238.18550513719273,238.40965327300685,238.40965327300685,238.40965327300685
natural_user47_trial_14_participant,0,3.9,3.9,,75.34289403652355,17.07155045655612,17.281151007149717,234.79950553006967,37.101886846021344,338.6979318857968,3.08,3.63,0,0.275,--undefined--,--undefined--,264.79324905561356,287.0804013740948,270.3755777754172,263.535010531926,258.1785291623212,253.40671871812015,249.72857861781762,249.23272644119857,241.60053211498172,238.66069144332363,236.21439139412809,236.3995271534765,234.8321027088823
natural_user47_trial_15_participant,0,0.42,0.42,,50.246386481836325,5.001089384234696,24.251471136259013,164.49936909364857,4.713740331853086,167.8324868470544,2.38,2.38,0,0.420,--undefined--,--undefined--,--undefined--,--undefined--,--undefined--,--undefined--,--undefined--,--undefined--,--undefined--,--undefined--,--undefined--,164.56603144871661,164.56603144871661,164.56603144871661,164.56603144871661
natural_user47_trial_16_participant,0,2.52,2.52,,68.92069642366823,16.101057227817815,14.542117619998162,234.7987406599681,22.471635763250774,272.10379842874386,2.38,2.97,0,0.337,114.7396977743285,114.7396977743285,114.7396977743285,237.73188571690253,241.40536822298665,239.75692952251367,244.29529383051064,247.9911347446555,242.67868125742652,238.44017267962897,238.2734120215099,236.87185952198573,236.29450360857126,236.3808520251419,234.56847570592262
natural_user47_trial_17_participant,0,3.66,3.66,,66.07643653785408,13.564580222214785,16.980418163870755,213.75314829364325,58.639172744286526,302.5352147093745,4.92,5.67,0,0.176,127.22492133885036,135.8161500447386,206.3700993297596,229.8671465616697,243.34834830394254,250.07482581311976,250.79381827433247,233.40343596678724,233.02463763839054,228.47383933334442,227.4109428919659,226.8268776297161,220.72010965383257,217.49015766904725,213.99800540343765
natural_user47_trial_18_participant,0,2.22,2.22,,71.92693737943398,11.951083204287377,12.309224635885263,250.92784505010312,53.20097646721079,338.27791339472697,2.70,3.95,0,0.253,--undefined--,--undefined--,290.3847495528076,295.37661954816497,293.03566483159005,295.1132343059924,290.84730472282195,278.16011437343417,268.6992436947311,266.9323740937087,264.72996508144996,254.1955412137718,253.32726542450624,253.32726542450624,251.7811718077927
natural_user47_trial_19_participant,0,3.42,3.42,,67.87026018186309,13.45432289834529,16.80616547970308,208.6739263211227,48.25483028694633,313.69033968949407,3.80,4.20,0,0.238,--undefined--,253.31145157368456,269.01286834586443,254.21762503990425,251.86438809894287,250.26247800989995,241.06253179602078,239.1880778558482,237.21581682174525,234.19049727000788,229.45601948581577,225.79179722201758,217.3578229813443,209.29062363428133,209.29062363428133
natural_user47_trial_20_participant,0,3.66,3.66,,71.16264467941971,14.3663394798657,18.12039114300338,204.14676133434614,62.06263989614879,292.6055503750179,3.01,3.35,0,0.299,--undefined--,277.6987577530762,278.9309644839533,274.8247452422758,268.0537507011181,257.59798117114883,253.8796331062153,251.8197366010183,248.38813349493398,230.64271392318574,217.9139368324814,217.42268392213262,217.8535690068924,207.44918654152195,204.12676246590746
natural_user48_practice_participant,0,3.12,3.12,,73.30257171604245,9.116408091644802,12.313579701584432,219.70600902848273,50.66384294800173,343.4384478908162,2.24,3.84,0,0.261,--undefined--,--undefined--,247.4961678949477,255.07130863325426,243.21246678629885,222.70117579772426,220.37180916840762,217.30566620609994,221.45089330176765,216.60207129076792,216.60207129076792,216.60207129076792,216.60207129076792,216.60207129076792,219.79800498659412
natural_user48_trial_08_participant,0,3.9,3.9,,69.55166230279444,14.498878246004896,13.844285453355148,242.49649014765203,34.860341747001485,352.34899819049923,2.56,3.67,1,0.273,--undefined--,286.0088261699167,293.4180049794062,286.6470120381601,271.08617766707755,260.3697957433789,254.05187227631697,249.89512727772953,249.89512727772953,249.89512727772953,248.73209170366536,245.18127388575135,241.24168520665808,242.7244371906356,242.7244371906356
natural_user48_trial_09_participant,0,2.64,2.64,,66.66430941256951,12.301489901281913,13.733846521467086,223.70406276193685,48.69077290906221,366.78978709880585,3.41,3.99,0,0.251,--undefined--,--undefined--,265.14132246676047,285.06275440187653,261.0406152648155,256.45641616699,254.01673524445624,249.62117295684163,241.71766223847155,235.8961042797942,231.69615485956615,228.6083004652828,225.26095850310128,222.99041913602196,223.7924869216419
natural_user48_trial_10_participant,0,3.18,3.18,,68.7022885332998,10.177711250001686,9.396472475779692,214.90551657914352,25.661700864725027,314.80035493766513,4.72,5.57,0,0.180,--undefined--,--undefined--,230.6243352711915,251.30601217494,246.82488321621153,239.72925888786253,235.5904895342531,233.952286049855,233.2904477480992,227.58990844679374,225.0080322361333,221.66951560630704,217.44735378829458,215.76224660501347,214.8978556046293
natural_user48_trial_11_participant,0,4.08,4.08,,68.63366157225462,9.762224019162623,5.9084119070333205,229.22974268870746,41.09625764600973,334.70742308206644,2.94,2.94,0,0.340,274.63053477567155,272.47266651077047,256.59354875260414,243.20752442756432,241.61961665780007,237.44873055516297,235.6036510572841,228.1914733239344,228.1914733239344,229.551509730724,230.69717944169554,225.16403289590738,223.02640515160465,227.02255297094584,228.96731234559246
natural_user48_trial_12_participant,0,3.6,3.6,,66.51176155275947,11.983132745205024,13.623503284088553,237.68692628229502,45.899299607210665,368.69964352314616,4.44,5.05,0,0.198,--undefined--,277.4119185780166,269.0217927963877,269.95683934823506,275.45780089824416,262.8471991184388,252.40597491057267,244.80430227867095,242.18067658255123,239.6461880120779,236.95398702031162,234.3345844057826,235.57236980620596,237.45294724010068,237.45294724010068
natural_user48_trial_13_participant,0,3.12,3.12,,73.00123312342451,13.544910560780794,11.045663632733882,250.64105139288012,43.85577846413192,348.2617819500305,1.92,2.45,1,0.408,--undefined--,286.0995746332668,305.6261748733608,295.56292479606293,273.2494051075603,262.81323042537633,258.81820050915275,258.81820050915275,259.89197430962173,260.9452440493531,260.3739248183065,260.3739248183065,253.29756394877344,251.38858072329174,250.85627208373538
natural_user48_trial_14_participant,0,2.28,2.28,,67.28203458635393,8.097769788931878,6.657474475357112,238.30746288294452,40.09791000420101,356.64436246097154,3.07,3.76,0,0.266,--undefined--,--undefined--,267.60673043732174,270.8608382636238,263.78888041454525,263.7295588900419,255.47612826360495,251.76690924606964,250.15270061215202,245.164348888802,245.164348888802,238.5722226860486,235.038830454863,235.038830454863,238.3119010150259
natural_user48_trial_15_participant,0,2.7,2.7,,67.78729531492733,11.395142252376612,9.63598168701687,228.77003726365746,38.31704334252401,340.7663480736249,4.81,5.63,0,0.178,113.68589962621624,113.68589962621624,274.3349400699232,267.5792089890288,261.4905693127203,249.51464202058293,242.9142781820558,242.17410778687136,239.57151514987945,236.55454523426016,233.14749233154737,231.09661965823597,228.1005255764525,226.35605702998484,229.0072685545884
natural_user48_trial_16_participant,0,4.02,4.02,,68.70190359898287,12.001692141471093,9.885349229305206,220.87540896947053,43.54505236484794,365.29568160857616,4.48,4.48,0,0.223,335.9852729554946,278.38349091922595,237.7784748461491,255.11719255343246,254.62797657724747,250.76006958708575,246.96712722657475,244.57961123667303,240.68580271388322,231.70233820399872,228.16393240256681,226.49146827067162,224.43670625366752,220.85528480579168,221.14871176099558
natural_user48_trial_17_participant,0,3.12,3.12,,72.30065905531586,10.724068668571375,11.208457230265472,219.41044062927313,33.29286467208403,336.2115547958109,4.17,4.17,0,0.240,336.0336239959764,279.58800580952163,274.5938247889458,266.5109676603836,254.6147808387017,242.11885236373163,235.92746176283993,231.4783835685505,226.34357633852395,225.57652536137812,224.07701104700368,223.78601868656455,222.8128121241503,218.4393603238613,219.59199181890932
natural_user48_trial_18_participant,0,3.48,3.48,,70.79013871536588,10.156262824762146,10.113141165850418,229.54508170849115,39.64621492840446,362.81791336081966,4.89,4.89,0,0.205,90.45201147629616,240.15880947803925,226.5495412969026,229.80578055746324,226.4459251855748,226.28030294549418,231.2436928529322,231.53281445849996,237.10892541135098,239.25835270070607,237.91336742693386,233.63049347106116,230.98710483080862,228.46453918647757,229.2379300855487
natural_user48_trial_19_participant,0,3,3,,71.34084121482542,10.626600489131809,9.199003381410687,234.1121589668123,41.89427399083762,297.3695129606281,3.33,3.90,0,0.256,--undefined--,--undefined--,274.3409125393579,274.3409125393579,281.8647323050224,240.1603351619488,239.56340921418743,237.24707906975044,239.3751265694392,244.56256191500904,246.02429996606745,244.9471019965575,245.89622362010672,243.52156245375295,234.29888137308274
natural_user48_trial_20_participant,0,4.08,4.08,,70.03265260562101,10.741678397467405,7.562711211944584,221.31907485087484,35.012373777863985,364.4112335993636,4.41,4.83,0,0.207,--undefined--,241.44549405038498,254.04934567514417,253.77202553919793,251.23218617453136,239.5389264029233,231.33739533417102,228.20288547107128,225.81450334685965,224.54145785286076,222.76890866077966,219.6234854784526,219.0386836585253,219.99134973644064,221.2131581099284
natural_user49_practice_participant,0,2.1,2.1,,63.7570616561878,10.533172311552033,18.213588592139256,207.07376976195934,12.58135863903219,229.836216019871,0.48,1.89,0,0.528,--undefined--,--undefined--,--undefined--,--undefined--,--undefined--,--undefined--,--undefined--,226.50331386529294,216.1837222137167,207.15538437115055,206.88871012305992,206.88871012305992,206.88871012305992,206.88871012305992,206.88871012305992
natural_user49_trial_01_participant,0,3.54,3.54,,70.5034422883225,10.342516278469425,14.745941556132538,207.2881278166713,57.16755735188433,363.3598226695377,3.39,4.90,0,0.204,--undefined--,--undefined--,--undefined--,266.35069134485644,264.3057813878704,251.23795713126194,245.4805279780298,240.9173330592537,230.67682888137355,225.52814502660982,223.52018901999742,216.79811991060762,207.2398126836616,207.2398126836616,207.2398126836616
natural_user49_trial_02_participant,0,4.74,4.74,,70.60770981164858,11.902150171236475,18.227574118212726,207.13851417824878,40.79226625763974,327.1363226473288,2.53,4.08,1,0.245,--undefined--,--undefined--,233.85318221541775,260.67744829565737,242.00547742869773,240.54173941988836,230.21016046606255,227.14971910957016,225.67989552950442,221.21269975902635,216.4150953275998,216.4150953275998,209.15737263675334,207.21354167262757,207.21354167262757
natural_user49_trial_03_participant,0,2.94,2.94,,70.5860495373235,11.391391628424392,19.747384269901154,216.8646138387318,56.6471412654983,357.572438062334,2.04,3.21,0,0.312,--undefined--,--undefined--,--undefined--,236.54382211822448,275.0426398407029,266.14984376393653,263.96869023051676,255.67069804285498,246.08653072115115,241.31340560852527,236.02367712654927,225.59144901134803,216.07213816225837,216.07213816225837,216.07213816225837
natural_user49_trial_04_participant,0,4.44,4.44,,71.43001900154158,10.080456398254587,17.984926865268196,213.94946508035486,40.4285505062289,331.5200105471784,4.05,4.74,0,0.211,--undefined--,--undefined--,277.6151223529541,265.32056358701084,258.0456610392065,247.83032215453875,241.73515828457846,234.93403248867918,231.42767010725265,227.5652176741158,224.32358756827583,223.36520511865268,223.06622793791234,220.17225699640773,214.0483415157526
natural_user49_trial_05_participant,0,4.02,4.02,,71.3866530571791,12.624339974669315,14.19793414907296,228.29197334270046,32.394148437770674,338.19801898877256,2.99,4.14,0,0.241,--undefined--,--undefined--,275.6465030271408,288.3226970494249,272.4862594221259,257.7914057984589,251.6389428757072,244.7644849525086,236.80841509221955,233.9529955455091,230.10551583688203,226.98057231351586,226.51680340445535,228.29829405894986,228.29829405894986
natural_user49_trial_06_participant,0,4.68,4.68,,70.29749347691529,10.607309940235272,14.628266582638577,229.68805362148572,33.24574860102545,328.06534233299374,2.99,4.31,0,0.232,--undefined--,--undefined--,--undefined--,247.1319982168708,258.88665609241036,246.53820211357365,238.36210214946956,236.57218584897612,236.16396499507178,241.79983256656948,239.25712134925368,235.4933672146499,230.64751503009947,229.60338510237716,229.60338510237716
natural_user49_trial_07_participant,0,4.02,4.02,,72.96484792911747,12.606987064972166,15.818303169972076,219.71153235361805,28.61222184761568,365.61644610288084,2.99,4.72,0,0.212,--undefined--,--undefined--,--undefined--,258.97661192705124,257.85788042914595,247.05221006557525,243.88106797382952,234.01852167083612,231.07952152726384,228.94412402947876,225.280276778636,222.32245919151043,219.75925495288237,219.64869118132324,219.64869118132324
natural_user49_trial_08_participant,0,2.82,2.82,,69.23635953574984,9.724850969238446,15.13653080754612,226.7885120512585,34.82030805403876,320.047191651478,3.19,5.98,0,0.167,--undefined--,--undefined--,--undefined--,--undefined--,245.90897520386125,270.1439819412678,255.43056426767262,245.18677522160297,239.5369763113293,236.58000138648086,232.11509813075986,227.12601443979807,227.12601443979807,227.12601443979807,227.12601443979807
natural_user49_trial_09_participant,0,2.76,2.76,,69.03962810726354,10.599089524710287,16.037775728709896,242.90399223813156,32.94885976489815,320.08971514152836,2.90,5.49,0,0.182,--undefined--,--undefined--,--undefined--,--undefined--,262.4709662471687,255.39319769462645,241.78692837648117,253.48315274546152,262.1323275196177,248.84390921942585,243.89791167448428,243.23678702375264,243.26308936235273,243.26308936235273,243.26308936235273
natural_user49_trial_10_participant,0,2.94,2.94,,68.96465017978065,8.34531553876354,9.722377917299905,197.1044812909046,77.84738782147896,344.4449186894881,2.72,4.19,1,0.239,79.74247071207616,79.99421081743279,79.99421081743279,80.24017289845024,156.44108055738036,186.95261384726285,195.0757802473444,198.28109568176487,191.62263976663323,193.48754913454886,194.38336126056518,196.94405538845808,196.94405538845808,196.94405538845808,196.94405538845808
natural_user49_trial_11_participant,0,3.96,3.96,,72.3674372003428,11.32050526431032,13.196826202182452,225.28726174048288,39.86759801510382,357.59537301534795,3.03,3.82,0,0.262,--undefined--,--undefined--,--undefined--,256.4610947939242,247.5705442779704,247.66840154391465,243.28645427780782,240.6772396723124,234.982689879539,234.23931702044356,230.54055239461027,224.43688378862035,224.1066468433463,226.84171496636822,225.4223210636527
natural_user49_trial_12_participant,0,4.5,4.5,,72.88762164350172,11.42052970801123,13.897322098955623,221.37963710602955,45.03391429863162,340.3238994259373,3.78,5.11,0,0.196,--undefined--,--undefined--,318.0676211906486,273.3306541902299,259.5008717958606,253.28862464291544,246.54751730148956,243.0812362129565,237.16593794102604,232.51197285500646,231.06490234828271,227.95282970084295,224.8470576769136,221.0359244697883,221.0359244697883
natural_user49_trial_13_participant,0,4.44,4.44,,71.72429095028734,10.647402795501955,13.271146915640601,206.56298893592123,45.85828043471415,290.61407475931765,3.15,4.89,0,0.205,--undefined--,--undefined--,--undefined--,--undefined--,273.006898308122,229.34108707906617,226.0664699373771,224.99525071815393,223.73641995786755,223.0696589421466,219.45566246855503,218.2932676173488,211.54084785927355,206.87693182291454,206.87693182291454
natural_user49_trial_14_participant,0,3.06,3.06,,71.13706159208456,10.675151832478395,17.255297696797143,243.85802684261304,44.15943521621137,348.31824267692207,2.61,4.06,0,0.246,--undefined--,--undefined--,--undefined--,--undefined--,--undefined--,239.00810051604665,265.95147970381834,271.93989033969376,261.4541668088162,259.29014654854234,252.18428565045346,250.34071458571486,247.30502562269731,243.6527090288145,243.6527090288145
natural_user49_trial_15_participant,0,5.88,5.88,,71.4264171060458,10.90491168078808,14.686556474979376,229.05003422725457,28.228016882385038,347.4222934893381,3.40,4.55,0,0.220,--undefined--,--undefined--,262.8247751605427,242.5481494849492,241.7041110388051,238.99611486151144,235.7494892045555,233.5986371776392,232.94349224043233,233.63944042576557,231.29496830738503,230.15664845574614,226.5685113040216,229.22847119881902,229.22847119881902
natural_user49_trial_16_participant,0,4.32,4.32,,72.82363829046167,11.546574862089216,15.991009906824697,230.5121237035322,38.364087546756274,329.73169451137835,4.17,5.71,0,0.175,--undefined--,--undefined--,258.42812040565724,258.05655250626853,272.25770675742615,266.89281800014595,259.9012438913262,252.6432984133262,246.03598199133964,240.39043272940623,236.52249975588245,229.73370008476286,230.38516738004242,230.38516738004242,230.38516738004242
natural_user49_trial_17_participant,0,3.84,3.84,,71.36558334971085,10.807929577666126,13.77310728625607,226.3066930323979,29.089410626224538,326.085522801699,4.17,6.13,0,0.163,--undefined--,--undefined--,--undefined--,300.00245714783335,260.9409944510243,251.04568524648067,243.17941570812337,240.72829096754037,238.09093748523884,234.36158524962093,230.5859734185544,229.8094722006987,226.91285405016686,226.41333913117012,226.41333913117012
natural_user49_trial_18_participant,0,3.24,3.24,,73.86974399674851,11.472526292204664,17.813703625700906,234.37489017331617,46.30686552475241,324.1729534838627,3.40,4.46,0,0.224,--undefined--,--undefined--,--undefined--,262.9452827314274,291.99394329347746,264.605572031218,257.72892388625934,249.70481818802008,241.51874746546486,239.38120873362584,232.11334060685684,231.3313925247164,233.81572357166763,233.95254875483099,233.95254875483099
natural_user49_trial_19_participant,0,4.02,4.02,,73.5987707123489,12.906638063853197,14.62253515337938,221.04374013391586,31.540862207391722,368.1630098538022,2.49,3.45,0,0.290,--undefined--,--undefined--,231.6978305098008,250.229305244143,248.66239025128533,239.41843209656523,234.90702654702136,230.77458204130613,227.60752672991222,226.4800716137523,224.19697883961317,222.20773749405166,219.54349324589785,221.21421406072372,221.21421406072372
natural_user49_trial_20_participant,0,3.66,3.66,,73.70374456737954,11.690712199805393,16.744326674053966,216.50435945759338,42.31714558317969,366.43299731926936,3.28,4.81,0,0.208,--undefined--,--undefined--,--undefined--,246.68516851876402,257.0951041600577,257.2770660619854,250.7341955356162,241.8002974428485,236.1269992879111,232.32721887593922,228.0833389485491,224.08575784949568,219.65363554896408,216.76229885444442,216.76229885444442
natural_user4_practice_participant,0,2.58,2.58,,70.94438791317839,9.440408844370952,9.537157674287135,184.69059461837395,33.247535508436684,213.13023569300483,3.10,4.27,0,0.234,--undefined--,--undefined--,--undefined--,--undefined--,205.44046439543604,206.83878578392273,206.65760637739174,206.32444069060924,200.33312715824025,197.16513042157075,189.65312755439962,186.07076748292647,186.07076748292647,186.07076748292647,186.07076748292647
natural_user4_trial_01_participant,0,3.42,3.42,,73.3070790557409,14.165450837230093,12.907948576584456,196.43376995964536,35.22919933743076,265.8221225604951,4.09,5.24,0,0.191,--undefined--,223.6683320514309,239.19036848282252,222.10213076152846,217.23498169778242,214.75895472152735,210.579830046514,207.79187111724286,205.38932116161928,203.26143660940363,200.55944368577772,197.02129214775633,196.7763493294445,196.79411175893785,196.79411175893785
natural_user4_trial_02_participant,0,2.1,2.1,,67.81811958763346,6.204974220973163,8.475848155694925,202.4584228402367,42.254399963923134,255.6957412866283,2.86,4.63,0,0.216,--undefined--,--undefined--,--undefined--,217.910136259216,221.4641194525537,224.974999477327,218.7203152092785,217.2683810553352,213.75096305474145,214.25036821720425,216.17229091797086,202.87723826611747,202.87723826611747,202.87723826611747,202.87723826611747
natural_user4_trial_03_participant,0,3.66,3.66,,71.61252191641051,10.771370666615715,12.897067425128254,179.1571336601,43.519793215907235,295.10345824702586,3.01,3.76,0,0.266,--undefined--,243.30977376650574,219.20205303563804,226.52270264300793,216.63269928454534,208.40151150568363,188.77558003477895,185.632303948913,186.04864520829835,185.78390062333239,185.63248794527502,185.61867085285567,184.83150653984174,179.51869942888285,179.51869942888285
natural_user4_trial_04_participant,0,2.4,2.4,,71.623242780191,8.406734611669794,10.885793874920315,207.74976861194511,34.66968191497455,272.1254053029967,2.92,3.79,0,0.264,--undefined--,--undefined--,173.2728435320942,205.05113539147226,212.34153262304747,211.5682206789514,208.93991303957196,207.03768136410343,200.91461962379478,200.91461962379478,206.14204966911572,207.30362473983573,207.30362473983573,207.30362473983573,207.30362473983573
natural_user4_trial_05_participant,0,2.52,2.52,,69.07947176590872,13.08519199708415,15.778360557101749,200.3617504343211,23.559610467512492,337.8510922082475,2.38,2.99,0,0.334,--undefined--,--undefined--,245.29015416035205,240.50758926150243,221.87841849372083,221.14913470838874,218.80819614454276,214.0648230664797,213.50403279882286,209.2439621015562,203.24405495238568,200.66145426393683,200.66145426393683,200.66145426393683,200.66145426393683
natural_user4_trial_06_participant,0,3.9,3.9,,64.77631984982422,12.14807529268819,19.18124515371983,193.9853001182973,35.548829301024774,247.11471200953986,3.33,4.48,1,0.223,--undefined--,227.96903932822113,218.1985148901782,212.25781686286277,208.69164811131952,207.44232631338267,207.01485949633144,198.48079895014666,199.87900514120682,199.87900514120682,199.87900514120682,198.49282591706307,193.86750982800723,193.9482632413105,193.9482632413105
natural_user4_trial_07_participant,0,3.48,3.48,,68.03472644173907,12.783643594493062,13.24573835238019,187.3500184529253,33.30590083110076,277.90999258148094,3.45,4.03,0,0.248,--undefined--,273.0004499633214,222.098236708318,200.25408167405425,198.8805944896042,198.67725558556563,198.51598026818667,197.87811340126692,197.02365878554141,195.53781912067953,194.33383997808994,193.6264099635249,187.54733392630718,187.54733392630718,187.54733392630718
natural_user4_trial_08_participant,0,2.94,2.94,,68.33035786279932,15.194484592784983,16.900253487613604,184.21687273300662,36.64091635264838,270.67289425368494,2.72,3.94,0,0.254,--undefined--,213.49768949467793,235.64202674772704,231.12210489494092,223.51923047091407,212.89434914167012,206.29596758376672,204.29534625034375,200.55668334993013,196.67884346688933,192.26509411207542,192.4348859837776,185.08141896216227,185.08141896216227,185.08141896216227
natural_user4_trial_09_participant,0,3.66,3.66,,68.44435395591515,16.218016247553297,22.125037962849543,221.1542129393579,34.6319722087248,300.0352826338617,3.28,4.34,0,0.231,--undefined--,251.41263813795723,265.3335350009597,270.8161800792079,267.8801701090791,250.09281738684615,238.10898506080275,229.72426761688175,227.89827899225472,225.47892318343068,222.38782694785996,221.41283258729496,221.02923006132443,221.02923006132443,221.02923006132443
natural_user4_trial_10_participant,0,4.2,4.2,,71.9471147752124,16.33065559926842,21.45660803163206,199.8706356922848,27.526761200437676,299.59701991715946,3.10,4.25,0,0.235,--undefined--,242.2603821207617,231.13558898929406,242.6855439911024,234.63356064047966,231.15185152179416,224.5261727200819,220.83077153554746,215.9404802970603,210.46067877781198,207.45215981390373,203.15754620009346,200.14505339317225,200.14505339317225,200.14505339317225
natural_user4_trial_11_participant,0,3.96,3.96,,67.54371360129548,15.698641823338777,19.43983768783554,201.51143503644502,29.828296664984382,285.89337274646317,2.78,4.65,0,0.215,--undefined--,--undefined--,--undefined--,238.105123000312,248.45539388435802,234.5379579097252,222.56460727008994,215.0782426564173,213.11221847530976,210.69666967541863,208.4074989099682,202.19637993243973,201.33317866626948,201.33317866626948,201.33317866626948
natural_user4_trial_12_participant,0,3.3,3.3,,70.72736633673932,16.679873282270357,18.293829509782466,202.61944078152715,32.78649585700025,305.8873734367351,3.03,3.38,0,0.296,--undefined--,248.07122042352609,262.175179523044,250.21512758394195,231.8039933881872,224.92459122207174,220.2293000743563,215.89224533460322,213.669182463679,210.73796454336315,208.29891282400484,205.98885212057624,203.28786877456736,202.452205745686,202.452205745686
natural_user4_trial_13_participant,0,2.28,2.28,,73.11939172041316,15.229884592474628,19.64037348992899,185.48141856178037,31.056600050707285,250.76907036510508,2.19,3.63,0,0.275,--undefined--,--undefined--,205.890434699621,207.09127666729006,214.36698666972282,203.84079354238057,201.5650176964293,199.0183076087722,195.0162566528734,195.0162566528734,186.79102164068794,185.84823156334937,185.84823156334937,185.84823156334937,185.84823156334937
natural_user4_trial_14_participant,0,4.38,4.38,,69.81223728864634,16.018462543981613,19.831483289201497,201.25234903229463,24.76591084392528,283.20331868117717,3.65,4.76,0,0.210,--undefined--,206.2058741279279,204.7265863692675,207.1270405171406,212.67627079156156,208.84712226064516,206.73720380268531,205.41865655987283,204.5275401534412,202.34224731431428,202.063040863363,204.07181442076927,201.74864052560804,201.74864052560804,201.74864052560804
natural_user4_trial_15_participant,0,4.32,4.32,,70.39355243781995,12.199451348007447,17.768154906406878,190.6901731871846,47.075253514882974,281.3996044187093,3.47,4.60,1,0.218,--undefined--,249.3273256515908,233.01567409017156,225.28124913697127,214.39739875964494,209.38944001628224,207.84202154017066,207.84202154017066,204.9539924093442,203.30324126748664,197.7495098389397,190.90748188429305,190.816450759327,190.816450759327,190.816450759327
natural_user4_trial_16_participant,0,2.64,2.64,,70.72688220750997,13.743529858051557,22.728867023718877,200.1349074544328,26.28364744764792,270.88736136633935,3.41,4.33,0,0.231,--undefined--,258.904683182089,237.1616800835557,225.81001694115773,219.32740638302235,211.91871220658226,206.93856550494735,206.0817207394867,205.2613823097478,203.809679325392,200.51818158748668,199.98930988681752,199.98930988681752,199.98930988681752,199.98930988681752
natural_user4_trial_17_participant,0,4.8,4.8,,72.00986342725665,12.813743414140488,12.258614260027374,182.57603447091424,31.56672202879936,266.43891376717653,3.12,4.53,0,0.221,--undefined--,238.73926516960756,218.58550961773668,209.7458200510061,203.4834437750663,199.68381707369647,194.70515698922284,189.65153608050477,188.937640213401,184.11378097384952,182.91854673950107,183.049324487782,183.049324487782,183.049324487782,183.049324487782
natural_user4_trial_18_participant,0,2.46,2.46,,73.37451803981413,13.179898323302456,18.483672398519357,186.01163128746126,33.59046978932421,287.32066015103493,5.28,6.09,0,0.164,--undefined--,--undefined--,174.5863311928534,213.04803206395275,206.4459913725888,198.61054205506517,189.64679173862572,188.3136256799652,186.84003695470582,187.07517917787314,186.30845571419005,184.67797150531328,184.76436660301567,186.12736963031236,186.12736963031236
natural_user4_trial_19_participant,0,3.42,3.42,,75.14545573113207,12.823624383513058,15.356593964333316,181.06060542604564,43.93333924218609,269.78368663262575,5.56,5.56,0,0.180,222.7175529742348,158.73524161665782,155.16613700599038,149.79873567785395,159.14300469655524,172.1779023053128,176.49314475272,179.2071924874704,180.01903804851068,180.93227824526184,181.0292543745815,180.34300441074694,180.74336438480537,180.9966778327838,180.9966778327838
natural_user4_trial_20_participant,0,2.52,2.52,,72.39684467476987,14.075595964012951,21.414494760814392,206.88524000288143,52.13583009263253,347.2961937109263,2.78,4.13,0,0.242,--undefined--,--undefined--,257.4680147073296,259.50142319822004,242.85509800775597,236.8325589578368,236.8325589578368,229.75607987759773,221.5924355297018,220.1515970122878,219.83542304425822,206.37256027681093,206.37256027681093,206.37256027681093,206.37256027681093
natural_user50_practice_participant,0,1.74,1.74,,73.93844643023655,7.863928331067743,9.06618146418025,218.94950718786242,76.7343238958256,327.16306658191513,3.45,4.20,0,0.238,--undefined--,--undefined--,293.65129940449003,292.9412246003736,294.18889811243963,257.02724158586267,258.77864280109145,256.8207885154891,249.11500361511045,242.87165882984561,220.21224895679117,218.6229082627322,218.6229082627322,218.6229082627322,218.6229082627322
natural_user50_trial_01_participant,0,2.88,2.88,,73.4564817971677,8.644694550639027,8.272502841299222,242.8828921243721,57.8599428833659,371.4641494327703,4.51,5.23,0,0.191,--undefined--,--undefined--,287.13108259980726,293.1002171745524,283.25836014054215,281.9104622365406,250.84476036526775,248.5655340956426,250.468669934189,249.9215692662138,247.1690357796268,243.84597132112194,243.08148413024816,241.68553522038607,241.8947000089432
natural_user50_trial_02_participant,0,2.34,2.34,,70.66180707126887,8.696443951816187,11.194104753291116,230.14348253897577,47.940548614228305,338.0358948651324,5.13,5.13,0,0.195,325.27444623758635,297.1061767445928,264.921476272028,261.4223830923309,262.2704477225961,260.51704165459205,260.35080733397587,258.8009177923291,255.36607022511473,254.67237884780718,251.54024108101632,248.29347862690722,244.27204725062393,239.90161294942178,229.5986170695313
natural_user50_trial_03_participant,0,2.82,2.82,,68.54881628270657,8.5173279384932,8.012325833913692,243.16262918065178,46.547591963685484,367.04331860376783,4.61,4.61,0,0.217,335.78794892264915,279.5521188378003,294.0466492811801,274.7317730174743,275.0842823682684,263.4506012597305,262.0768525431934,258.6344438050242,258.28674226346254,259.835777302716,258.0468725229991,251.02756854437564,247.4659830515549,245.18931689215097,243.05659846797403
natural_user50_trial_04_participant,0,2.82,2.82,,70.55668589138592,9.704815047296384,11.162484462419371,206.58948604580797,53.08151026954108,361.8416356712948,3.90,3.90,0,0.256,345.1862778391079,235.38871330803363,248.86720663863696,225.14319825200013,222.03425251507443,228.1824029918952,220.08116426324966,201.66678686012034,203.0638263669457,199.82830275772776,201.89859980488114,202.78295538901511,203.643879804342,205.95054987522352,206.35963175585846
natural_user50_trial_05_participant,0,2.52,2.52,,70.90832047371654,9.451358519904204,5.594259769559569,236.9931347776339,30.532914550350966,359.4594013106083,3.57,3.57,0,0.280,--undefined--,286.4820063779627,283.71116180997353,251.6785929373113,253.76702392935914,253.6187331993911,248.04481830799133,246.0004645377563,241.67826908763968,241.02598518238705,242.5123220582348,243.28156038453224,241.71224166814972,238.89812059577844,236.88519838615406
natural_user50_trial_06_participant,0,2.88,2.88,,71.22962057550109,9.529163092020111,5.643263770959988,244.13788718777204,31.937963747135438,359.78352633541704,4.51,4.51,0,0.222,--undefined--,275.24187022686937,276.5653294206251,285.8705365646156,268.60482213159486,259.30421469046576,256.4917463151917,252.82899647563477,251.02195148242083,248.7873531503204,245.7984206485554,242.52990078919228,241.71855515364535,242.87293595877628,244.29203110818415
natural_user50_trial_07_participant,0,1.68,1.68,,73.91234255027192,6.785187331015647,11.060420921507674,230.8820236155205,56.02638563401439,301.45571758673276,2.38,3.09,0,0.324,--undefined--,--undefined--,--undefined--,93.65048811556056,233.4661080294243,259.7401269209444,264.5480511769205,255.36049849754244,246.26013832577294,246.26013832577294,244.91278505443512,243.00237134341634,238.32217182716866,236.57339330615258,231.67528397701477
natural_user50_trial_08_participant,0,2.82,2.82,,71.21474963779123,10.480735416792701,12.703019460736417,212.53060372190475,38.723965074840756,342.1617066059873,4.61,5.24,0,0.191,338.67675123844685,324.8755958036863,286.0528382398868,219.52741224172004,191.657585691469,192.71069730662884,195.6483871575207,202.14023184399946,206.2654766992559,208.6815156356504,210.05227402613917,211.95794453691724,211.35113338892404,211.374403436095,212.26471846136153
natural_user50_trial_09_participant,0,3.66,3.66,,72.74182161775619,9.621600167418297,12.918618022810914,228.53913488830645,50.13321408368689,366.10215939398137,5.19,5.19,0,0.193,--undefined--,303.6006385906136,252.2247388153115,236.5651096543079,241.4222066412057,230.45020104577614,236.21404792397425,235.38919679872754,228.0688085305197,230.33211593963964,229.66852698290236,230.4698232555836,230.15106307677746,228.29234012588302,228.10754624100537
natural_user50_trial_10_participant,0,1.98,1.98,,76.34046751954669,10.064013868209932,10.758727075142179,221.90786035614846,74.50755843002803,361.1770843435676,2.02,2.62,0,0.382,--undefined--,--undefined--,--undefined--,276.17442078356424,286.4784946698343,299.8271851018312,285.4182112924687,273.3871909111738,266.05665489607156,261.73567805917304,254.86738187051586,250.77288755194027,250.77288755194027,237.88158839751122,222.30900123637971
natural_user50_trial_11_participant,0,1.38,1.38,,77.43221331233498,10.617263869990788,9.013988416321684,264.48828716621347,32.03990803142396,348.35353849790425,4.35,4.35,0,0.230,271.3314106229149,276.0911889732249,276.0911889732249,276.0911889732249,283.5871741268932,290.50553660170766,279.5693485382738,270.1464223032511,276.6874596784998,273.84902403942266,269.5684499431795,265.2811582213493,263.55377338712594,262.95773725923806,264.295846767549
natural_user50_trial_12_participant,0,2.76,2.76,,70.96212588172891,10.064156748033419,2.4350491975738895,258.47214934775513,28.135730481522064,345.92913042395793,4.35,4.35,0,0.230,335.11150334031936,295.8103649889092,281.958032645963,272.57610973225786,276.09574969513335,276.39028019550045,276.9255993544049,276.9255993544049,276.6304928964953,273.6792916871143,272.2643778974549,269.22724625444334,262.77937628620003,258.2400615107924,258.16994987750775
natural_user50_trial_13_participant,0,2.64,2.64,,72.95920586328802,10.901762558688038,12.538831311434448,229.93620612361318,43.565669143178056,354.68673213439433,4.17,4.17,0,0.240,342.09196053238105,288.921403575862,225.75757199862016,204.46401897470088,215.88685985614535,222.1841413083403,225.62074257001126,226.33116485020284,227.19080576520622,229.42364531285577,230.1288449962634,230.57333277022104,231.15128107212846,230.55300231859468,229.51101615942815
natural_user50_trial_14_participant,0,2.82,2.82,,73.19699602820354,11.307018952479545,16.70666205849799,235.55944652704486,46.945774800005445,331.4484254166634,4.96,5.64,0,0.177,--undefined--,--undefined--,298.735647310121,297.4513770919107,257.70486025261897,258.0945778841014,256.95342661751823,252.89718474969857,249.337827853914,247.31912004343113,245.34980684163133,241.91545464080943,239.63895642421178,233.1974949801911,235.21811038350816
natural_user50_trial_15_participant,0,2.34,2.34,,73.14245818569695,12.026612695344163,11.081686242001219,255.20747543778114,47.18802140773057,360.0785872664547,4.70,5.49,0,0.182,--undefined--,--undefined--,302.65993871211526,321.8550877354457,301.36652648112647,294.52086392897894,254.73443550425094,256.15730518660666,256.0838674157982,256.90823347027805,255.59749232434035,253.2600347678724,251.19018382927285,252.07896235479438,254.71570035077494
natural_user50_trial_16_participant,0,2.58,2.58,,70.83110711563947,10.488674438482407,12.091926898494814,250.70380947945733,30.525726837780592,330.87304870499935,4.26,5.09,0,0.197,--undefined--,--undefined--,294.4117472872259,286.900939090698,253.65535250373628,251.81835808077668,249.39672859717285,248.27237095001135,249.56937749955586,249.2652877704284,246.45690591818084,245.1572290036858,246.096177837022,248.3964577064346,251.06110092589708
natural_user50_trial_17_participant,0,3.48,3.48,,71.81597501246728,11.601228954547308,8.83380109716034,257.8795282458122,31.166100822164417,357.42859142491005,4.31,4.80,0,0.208,--undefined--,310.7917349599978,272.2803779069944,276.42004911392075,272.4015709920395,271.02003118556735,268.2951849332457,261.88317419744095,260.2745242253814,255.04261240021697,254.42739066961187,253.4176752107774,253.74214315053322,256.9427593199643,257.8871071356601
natural_user50_trial_18_participant,0,2.64,2.64,,76.29972350731362,8.5267103020309,10.611175426313839,237.93055398041358,45.257364901766735,331.4042472007771,3.41,3.91,0,0.256,--undefined--,156.02270649004907,284.0953365211117,281.54019074648005,275.9607224312272,270.6087173992325,245.35477911473942,245.51114480066698,242.9298679210983,240.9071072093387,239.90073838766745,239.0872756713612,237.69452683010158,236.69223943684827,238.01741752558783
natural_user50_trial_19_participant,0,1.92,1.92,,73.63861671966325,10.205331632107947,12.16654251403093,261.216175015064,37.3916745766767,335.6357515158208,3.12,3.73,0,0.268,--undefined--,--undefined--,289.7953217998624,300.1111448553006,302.856203001178,294.6375515786185,289.49428654684493,286.58424053014437,278.6285642526483,278.05942257235,270.92433745001443,262.8031168661566,258.74215997975455,258.74215997975455,260.92952182196706
natural_user50_trial_20_participant,0,3.06,3.06,,72.16525277195093,11.372563119766946,11.420739411079738,225.98252239768624,39.053409202808226,368.4776676970707,2.29,3.55,1,0.281,--undefined--,278.22644346386033,246.0223708867867,249.84778705261957,248.7162312441686,248.7162312441686,248.7162312441686,248.7162312441686,248.7162312441686,249.14979817732626,243.3028933148361,237.81674734930684,231.48992230908667,226.94940008610303,225.7872816924294
natural_user51_practice_participant,0,3.12,3.12,,72.66403275965227,10.832641254725434,13.988570853748751,200.93459589380248,50.93089654218863,345.4689583118714,3.21,5.63,0,0.178,--undefined--,--undefined--,--undefined--,251.5836968876859,248.78490612966326,243.34040591957992,231.5589668131911,204.73426906858742,203.23598326161175,200.10099038048776,198.18180786578893,198.18180786578893,198.18180786578893,198.18180786578893,201.8058977354369
natural_user51_trial_01_participant,0,6.42,6.42,,73.55241916790206,14.229782065209339,15.76203050864689,204.941524890763,45.49541823034153,306.8995105609991,3.43,5.07,1,0.197,--undefined--,241.4299481727587,261.50193348111986,250.12939587011542,234.53868340420027,225.36319665024004,221.2933009638905,220.92481016700518,220.92481016700518,217.11543345913998,214.69802769255858,213.46025568681134,207.56313656853843,205.6525056026092,205.6525056026092
natural_user51_trial_02_participant,0,5.1,5.1,,71.32335576563972,12.123435336037694,12.823364828934691,202.79491794290365,35.610335572020226,346.8812161561701,2.94,4.53,1,0.221,--undefined--,--undefined--,231.27817894793424,242.10310549823245,234.97521837520893,229.7177241622403,224.5673339543012,218.55280809542816,218.55280809542816,217.4904514996439,214.65885371191163,209.92052690918808,207.10704038806645,201.9222018277409,202.54973002829686
natural_user51_trial_03_participant,0,3.84,3.84,,74.73032956885582,14.5667127293576,15.735155275814233,210.92101439498785,35.93949147694205,342.3115050021989,3.39,5.02,0,0.199,--undefined--,--undefined--,285.6255300912037,235.49839521674275,256.1463948415967,246.0809597954194,235.84384494787713,230.0759655028874,223.2566395040917,220.80029256648442,216.96826075358956,212.2495059382204,210.3895559929746,210.3895559929746,211.04263494846583
natural_user51_trial_04_participant,0,4.14,4.14,,73.48552378837778,13.894619374750171,17.75993757133255,214.16972899890123,30.941790084555464,292.9589494540165,2.90,4.39,0,0.228,--undefined--,--undefined--,255.9193826898703,243.32880792168072,253.71762313609344,242.2038695804168,235.91858402691722,230.07801095476688,225.16059828519664,222.76724479987536,220.22352147218615,214.1441505748201,214.1441505748201,214.1441505748201,214.1441505748201
natural_user51_trial_05_participant,0,3.18,3.18,,71.1734855802578,12.76245078571079,16.20179337657546,213.4399758057092,23.34033402744077,347.7196259926668,3.46,4.84,0,0.207,--undefined--,--undefined--,235.85779346678186,239.33471529849342,229.8107622482566,227.57423564111096,220.7088676991279,214.88185663875126,215.33639408135937,214.3425860403879,212.15734561914113,210.336631925003,211.11467487056626,211.31946620091566,213.6590983421329
natural_user51_trial_06_participant,0,4.02,4.02,,73.18108667264683,11.843459955611403,15.539741657605898,213.3357379257171,35.046082033950455,304.5836364571625,3.73,4.78,0,0.209,--undefined--,--undefined--,255.96274149953786,250.04431705062268,248.87859508205972,245.02814984676493,239.26992146127856,232.76430114416004,227.47426341649114,224.79283164488962,224.1619031111529,219.43766874465405,218.1644868364294,213.09546310067964,213.09546310067964
natural_user51_trial_07_participant,0,3.54,3.54,,74.9989279552452,14.228706437915925,18.020496574685886,210.73674653109757,51.636030992199984,320.6080897527237,3.11,4.98,1,0.201,--undefined--,268.39510382683056,275.2830026060574,264.936495693226,259.9099319666602,259.9099319666602,249.80360672857174,249.80360672857174,249.80360672857174,245.14141135139238,235.2216095706643,226.99872328142592,221.39304730019379,211.23733779124973,211.23733779124973
natural_user51_trial_08_participant,0,3.84,3.84,,74.39402777598428,12.121706903654363,10.267373909419993,209.48959060704254,32.24288865990613,297.8201767538261,3.91,4.56,0,0.219,--undefined--,--undefined--,241.3147925487087,231.47417314643786,227.39362612919058,225.96633695671017,224.42862781121855,223.53899172593995,220.08724536160724,216.33595647188287,213.07403401981574,209.90008385623995,206.39222947476821,209.0577051421512,209.0577051421512
natural_user51_trial_09_participant,0,6.6,6.6,,76.63787528539147,15.998474774914284,15.513965968934203,212.30271798041514,33.61414103120409,305.39143624714524,2.58,4.01,2,0.249,--undefined--,233.828871423157,244.5936755636149,241.4413201536406,241.4413201536406,233.5361555637908,229.07159576729816,224.17644035215162,218.9897631407772,216.5873810152965,216.12799795527567,211.24079284412272,209.1791355977275,212.29881607093256,212.29881607093256
natural_user51_trial_10_participant,0,3.78,3.78,,74.96152197850834,14.880885214249565,15.040569655192016,239.58440080394524,39.1169310073427,331.54579473306455,4.23,5.85,0,0.171,326.22919679671526,315.65240278178885,291.4804232512763,276.37333893462994,284.05896977705396,269.62937733556123,265.94362440772403,261.0201495110024,258.5279952526284,253.27039602560762,251.70846852719475,245.42919887466888,240.01840348252927,239.41868339181315,239.41868339181315
natural_user51_trial_11_participant,0,4.5,4.5,,70.86314857703289,9.196813343637274,11.625155502651058,183.76642124917834,38.47646961437032,316.99561593271216,3.33,4.04,0,0.247,--undefined--,--undefined--,232.35549542515804,220.59007521199783,217.81732184642,208.94193687236424,207.30625380319256,199.2912192099689,199.02023827293996,195.1738688045854,185.3872996149861,184.68532651810696,183.39701156719403,183.9438750947397,183.9438750947397
natural_user51_trial_12_participant,0,2.58,2.58,,72.33033147668105,9.997534380895429,8.083425221464127,194.41035953939743,44.95549323210299,316.77714577310405,2.71,4.13,0,0.242,--undefined--,--undefined--,219.8989193535598,219.69514907555117,234.52668477143544,228.91444624423696,215.5370529155643,215.72980911005894,202.78720349331223,201.3451952667171,201.64731609627063,194.88057613123246,194.3928291947731,194.3928291947731,194.3928291947731
natural_user51_trial_13_participant,0,4.02,4.02,,68.02242485668772,9.30682467433789,4.118930021376684,186.43467772453616,23.434448781697387,236.57953539220082,3.98,4.65,0,0.215,--undefined--,--undefined--,206.63341875287307,206.8946448993216,212.0783926772126,205.83109304747705,202.56244872653295,198.1044327758484,196.70315605723832,197.1052398991998,195.8378279106762,190.87662845491008,189.18110338088033,186.34713191783524,186.5224283329661
natural_user51_trial_14_participant,0,4.38,4.38,,71.18073019569498,13.107347576413764,3.858778752274512,199.44331482700446,24.123275293401928,257.1634086361905,2.74,3.54,0,0.283,--undefined--,234.00851035390258,228.51036316989675,214.617808171452,212.16106813112398,210.04213738348514,209.20053971805805,208.2210187335757,206.99868392846753,203.0731776020403,202.9519306258812,200.45914221503787,198.45234125040744,199.20732524692372,199.20732524692372
natural_user51_trial_15_participant,0,5.04,5.04,,71.5116246760992,12.2326017168943,11.216975427856429,199.59642510834817,28.303394163571294,273.70851499980705,3.77,4.68,0,0.214,--undefined--,235.53049066753425,221.31150261255948,218.5556239034469,218.77248007072853,214.92088170459505,212.67110642152215,210.3113241522619,209.721531444514,207.8998384575035,205.3655702271785,203.2828751240661,199.93076803961523,199.93076803961523,199.93076803961523
natural_user51_trial_16_participant,0,2.76,2.76,,67.93434008278598,8.643567083933617,5.073259010713908,203.23487512891288,43.195950052241855,297.99221692061553,2.54,4.86,0,0.206,--undefined--,--undefined--,293.1424587385517,230.36896545935215,235.6826993036041,232.31854526361394,225.95026092100306,218.34131821075715,208.13844989577976,208.13844989577976,203.83903496684582,203.83903496684582,203.83903496684582,203.83903496684582,203.83903496684582
natural_user51_trial_17_participant,0,3.78,3.78,,73.99566559537904,10.213672343551316,9.584799888105621,195.43302529846858,37.41818094965414,343.57796143615104,2.65,3.63,0,0.275,--undefined--,--undefined--,246.9388985482871,239.8144355600373,231.52483544513734,218.12073813251288,211.83820456057887,200.4441468740032,199.95928890021173,199.50154995377042,197.59743302195494,195.11903892848065,195.19798767614805,195.19798767614805,195.19798767614805
natural_user51_trial_18_participant,0,2.88,2.88,,68.7665108027411,9.628465340088225,10.968864748410102,199.85088762724948,28.844485861409034,262.3873746275657,3.12,5.80,0,0.172,--undefined--,--undefined--,212.32539627334495,206.26305130280934,208.06413463067994,212.53601034101462,214.72311194626883,207.25737798416634,204.25435427248485,202.07269506288816,199.93527322463768,199.93527322463768,199.93527322463768,199.93527322463768,199.93527322463768
natural_user51_trial_19_participant,0,2.58,2.58,,71.79004131725381,8.87695121201809,8.89751110452934,196.5025858491066,39.76466345848744,266.27479741814614,2.71,4.17,0,0.240,--undefined--,--undefined--,234.62919381699766,234.00542283790108,230.8157786619937,221.2544543745212,214.6017101658001,209.39450575449797,208.77152904549249,208.4241575240552,195.75587393319472,195.75587393319472,195.75587393319472,195.75587393319472,195.75587393319472
natural_user51_trial_20_participant,0,6.12,6.12,,68.2954428312321,10.838299406535626,8.664694942551016,198.6754020940395,33.05033918662493,317.8069845558387,3.59,5.11,1,0.196,--undefined--,200.96298347440833,215.75253969852253,219.44848418563805,216.0979270989495,214.31803831149605,215.47231641458396,215.47231641458396,214.98121916466633,213.57069847580837,206.83328739301572,204.2520288479033,199.97146116474642,198.61632007724322,198.61632007724322
natural_user52_practice_participant,0,5.16,5.16,,64.02200641811994,10.537875158828326,7.330616818481371,177.0870712855703,85.24572586785483,353.18358488881177,2.71,4.72,3,0.212,99.44887301435483,98.57189015515605,94.8218674198784,90.76404205521742,90.76404205521742,90.76404205521742,90.76404205521742,115.73002827423045,141.828799188135,141.60226753978722,151.88990535864224,160.03501029506384,160.03501029506384,176.7927600334028,176.7927600334028
natural_user52_trial_01_participant,0,3.36,3.36,,69.49871538699801,10.157724665552912,5.425003907433233,226.74971712913677,51.34483806609547,319.55144112119086,2.98,5.63,0,0.178,230.44658850225045,230.44658850225045,230.44658850225045,230.44658850225045,243.74621616555072,243.87001785305864,242.37426327771914,237.41894517737404,235.21704427638508,215.46282885508003,220.07106560884984,226.89607938746107,226.89607938746107,226.89607938746107,226.89607938746107
natural_user52_trial_02_participant,0,4.62,4.62,,72.17663243271411,11.08038750420667,8.55968322754167,208.08851242363426,47.58891333886982,298.08851918895283,2.38,3.02,0,0.331,89.97653748294523,89.97653748294523,89.97653748294523,218.2881137884652,209.57155402975886,212.1275802835797,214.87365638191648,211.20455286830273,212.268388725177,212.17604448351767,208.7978148033365,205.90676517821493,202.38619447980906,205.27684282100856,207.95027186530638
natural_user52_trial_03_participant,0,3.48,3.48,,66.2921765412994,10.026502756782088,14.462956811511132,196.5321932396097,45.64311474017336,270.113972667499,2.30,4.42,1,0.227,153.8594076761716,153.8594076761716,153.8594076761716,153.8594076761716,192.7864081468788,209.12932669323956,210.40298004391587,205.96862161600868,207.6005838512342,209.50979182656226,197.74460445991542,197.1923709557609,197.1923709557609,197.1923709557609,197.1923709557609
natural_user52_trial_04_participant,0,4.38,4.38,,70.60399648602257,9.02026160570928,11.316018670896128,210.03447876111053,54.22558171880179,338.9573307697817,3.88,5.23,0,0.191,223.5502486043059,223.5502486043059,197.42269079726617,192.504132933798,191.18939500880944,206.82735744208574,211.07962648805952,211.6294196506126,202.94439119568918,202.35342168398887,205.43551714474302,210.34063997485381,214.52333807521057,210.5291287843288,210.5291287843288
natural_user52_trial_05_participant,0,4.14,4.14,,"NA","NA","NA",--undefined--,--undefined--,--undefined--,0,0,0,--undefined--,--undefined--,--undefined--,--undefined--,--undefined--,--undefined--,--undefined--,--undefined--,--undefined--,--undefined--,--undefined--,--undefined--,--undefined--,--undefined--,--undefined--,--undefined--
natural_user52_trial_06_participant,0,5.52,5.52,,68.06931864685615,11.949508584290415,13.045555765502264,214.61881597517527,49.42151344084298,333.2504928402048,3.62,4.44,1,0.225,--undefined--,--undefined--,255.4734072137367,248.37156347914038,226.28950217468994,225.7409836900804,226.04619977066372,227.8980991765931,228.75382374723765,225.34377705653213,224.5204666601553,224.33798325775075,213.2575076676972,214.1580919439703,214.1580919439703
natural_user52_trial_07_participant,0,3.96,3.96,,69.13088116253775,11.064799661857359,15.359120289509526,233.92479514152382,51.77430739743862,333.27686713673796,2.78,4.58,1,0.219,--undefined--,--undefined--,--undefined--,106.66156502906922,188.98124950971751,237.20203012835512,236.94211526237837,236.94211526237837,234.7380420577853,232.0588165267719,233.04804892136414,236.02780458249842,232.7069175629879,232.7069175629879,232.7069175629879
natural_user52_trial_08_participant,0,3.3,3.3,,70.68979130388445,11.327507820906398,9.849894577493707,244.2841168977422,25.32487581159071,286.0367159907671,3.33,5.37,0,0.186,85.95628303986973,85.95628303986973,85.95628303986973,239.34902217525197,243.8448468604594,249.48315911930928,251.76908920985503,247.12751642971787,245.01713348432304,244.26585070324055,243.1237265839937,244.73875476455777,244.47911083017183,244.47911083017183,244.47911083017183
natural_user52_trial_09_participant,0,3.72,3.72,,70.36845536279009,10.78881508781962,10.805598384867494,224.23866193521278,44.47909468276494,329.8103141468809,5.38,6.00,1,0.167,186.37715467009932,186.37715467009932,213.37047786691505,226.24827192290314,240.39803346074234,236.7084421722881,235.71242485159044,234.26578773785238,232.62708120804118,233.42600232963508,230.02411226809468,230.0802859586505,231.0290942860019,229.60884879966588,224.20139864932688
natural_user52_trial_10_participant,0,2.94,2.94,,69.89569089307062,9.03215468281595,6.535949832010452,263.31338688418975,41.35123220582881,317.84200929466056,2.72,5.81,0,0.172,163.7259379866823,163.7259379866823,163.7259379866823,249.30805095164644,270.29503112845015,271.1446142785401,259.9133379228516,256.88135679706784,260.1767865101988,262.71866047332077,262.71866047332077,262.71866047332077,262.71866047332077,262.71866047332077,262.71866047332077
natural_user52_trial_11_participant,0,4.02,4.02,,71.20456963892326,9.294467959583775,11.026813666849353,192.84940762503584,67.41335032950478,302.17778537359595,4.98,5.38,1,0.186,93.18715868843339,93.32393886899912,158.26041235772115,187.84433709301496,186.26521378809963,191.44649385402337,194.91681611265093,197.29314239082177,201.02712308592868,199.89025468493702,196.97085020498028,199.6142221189277,201.56031593132084,196.32707282877254,193.2172785173886
natural_user52_trial_12_participant,0,3.42,3.42,,71.73073464961737,11.53904530472287,17.515727465072487,194.6725975625161,70.15629731801572,331.97979586342666,3.51,5.02,1,0.199,185.3377119299136,185.3377119299136,256.2886537003917,258.6572590878682,254.7765020980916,248.21560287159298,244.16209661023555,239.84394267134792,239.52875116644492,241.37357152646044,232.70627287719495,215.29806479644552,205.0012355178051,196.0227217584484,194.56498431617476
natural_user52_trial_13_participant,0,4.44,4.44,,71.9188123303492,10.552666250670764,7.254035778027488,154.70624735886315,63.38272512866172,269.16483050263236,4.05,4.39,0,0.228,93.7161448840544,95.20275056396156,99.16086061548582,105.17092457311918,107.14898805284763,107.15233421771514,120.43745910660037,132.10971521108493,141.5034732581113,141.13808410567617,149.28459400866916,150.8436243107854,155.7869007445662,154.87276871180808,154.87276871180808
natural_user52_trial_14_participant,0,3.9,3.9,,66.86446977956946,11.260212866319918,10.062209569431271,222.62974698392284,55.40127647776208,342.5182543814253,1.79,3.94,1,0.254,--undefined--,--undefined--,193.1397647107924,177.60049467904602,201.28038461550773,206.11840632497572,211.5186311124971,211.5186311124971,211.5186311124971,215.3606740048716,221.33898825540746,221.83107930491596,221.83107930491596,221.83107930491596,221.83107930491596
natural_user52_trial_15_participant,0,4.44,4.44,,70.21703775527445,10.129143843789075,14.894056284546105,181.17129057082488,69.35475667266046,284.2696437206372,3.83,4.63,0,0.216,88.86193566122617,88.86193566122617,165.3867398870862,202.9076715369319,215.75106830196793,223.1490873769432,227.66217871956792,228.8149018380145,222.0421375139079,210.32181431093187,204.55172566383902,195.83023978201714,187.33010660912205,185.6968773723618,180.8697787355293
natural_user52_trial_16_participant,0,3.24,3.24,,70.95623815775348,10.649882250617045,14.423110898922618,212.56651064790006,67.2990987872234,321.7495775083178,4.01,5.10,0,0.196,191.68492582289866,127.45184709301995,111.6485949401703,158.71747883750413,181.5519211203256,197.22967603161445,200.86353938279873,202.1624193588434,205.52398809703848,206.88742520064648,205.84291896131037,209.45318487268577,211.02113410353024,211.7885696051877,212.54121262146543
natural_user52_trial_17_participant,0,3.72,3.72,,70.21383087959057,10.558336369426305,9.116056086036867,247.02031182190095,28.333619919408864,298.4201540233578,2.69,3.15,0,0.317,--undefined--,--undefined--,119.54186085046534,247.81241871292133,265.43054630082344,263.79954192211864,261.1797524026713,258.83244087937624,257.69084655259746,252.40347628790545,249.75599418678527,247.27778657161195,247.27778657161195,247.27778657161195,247.27778657161195
natural_user52_trial_18_participant,0,3.12,3.12,,"NA","NA","NA",--undefined--,--undefined--,--undefined--,0,0,0,--undefined--,--undefined--,--undefined--,--undefined--,--undefined--,--undefined--,--undefined--,--undefined--,--undefined--,--undefined--,--undefined--,--undefined--,--undefined--,--undefined--,--undefined--,--undefined--
natural_user52_trial_19_participant,0,3.42,3.42,,72.075883252832,10.676966890374425,9.21648191643007,227.2741661598409,12.905101273592651,323.3909616400416,3.80,4.46,0,0.224,--undefined--,--undefined--,250.1441559140022,238.6243394730104,237.0127931081452,233.34293656610276,232.56658468008717,230.70562701801123,230.2684813901483,228.8731736602693,228.03340164844252,225.89930468715812,225.3058622086163,226.6853182893675,227.04116212221516
natural_user52_trial_20_participant,0,3.9,3.9,,75.3974944347136,12.7053759435617,12.964644932014755,230.07612605460255,34.320574911657936,283.701548403921,3.59,4.76,1,0.210,260.4067114511685,260.4067114511685,260.4067114511685,260.4067114511685,257.54327177966644,256.6087774736525,254.9255349480473,253.15005297949372,249.0765904733574,246.92404174115154,244.83051534970593,233.88025523793493,231.50441744508802,230.57370395726005,229.85526308145245
natural_user53_practice_participant,0,3.12,3.12,,68.86643098391096,10.631440526007712,14.66186457357514,135.7402203769595,26.65851813466876,206.01762882810692,2.24,6.16,0,0.162,--undefined--,--undefined--,--undefined--,--undefined--,--undefined--,137.1573986759151,155.61604327247156,149.13195666644427,142.58397608778293,138.52740233516644,135.57546840124553,135.57546840124553,135.57546840124553,135.57546840124553,135.57546840124553
natural_user53_trial_01_participant,0,4.2,4.2,,69.75114227608402,14.353483645751833,19.601429534093523,141.0277361870214,24.65571488221142,255.63008525653595,3.33,5.39,1,0.185,--undefined--,--undefined--,--undefined--,--undefined--,180.18031266121167,159.37069255458462,161.38455374955208,150.9898308963909,150.0802124298668,147.55877678317705,145.16249400701292,141.55138144592163,141.12850399487516,141.12850399487516,141.12850399487516
natural_user53_trial_02_participant,0,4.44,4.44,,69.48233137333419,11.019896061509819,14.21732819059909,135.81964485727207,22.36195098243507,201.23430250260319,3.38,5.93,0,0.169,--undefined--,--undefined--,159.4672387451465,139.95780032148403,152.80765624942856,146.3353215740054,149.0909847125291,143.4677228597663,141.49134540927614,136.80441038569384,136.01592376220378,135.94427632776086,135.94427632776086,135.94427632776086,135.94427632776086
natural_user53_trial_03_participant,0,4.32,4.32,,68.99851000403602,11.651804522853169,7.960240773179791,141.81572268813542,24.829187168054517,238.7492781786181,3.47,6.21,1,0.161,--undefined--,--undefined--,--undefined--,--undefined--,187.07972856166617,165.83736115885614,159.02951129656807,155.8331147945967,151.45765253107376,149.56674212712025,142.20249826521064,142.8312867298722,142.19695729370622,142.19695729370622,142.19695729370622
natural_user53_trial_04_participant,0,4.62,4.62,,70.06252257215004,11.686284662839826,17.74417334579634,146.3409282279874,45.98887287123167,336.6607484435176,3.25,5.27,0,0.190,--undefined--,--undefined--,137.1294700599233,145.25970827958608,153.86032414651706,151.48272331106963,163.49003694557223,158.24275981316845,154.7404023004239,149.64940382770604,147.50562732088787,146.69757340911414,146.69757340911414,146.69757340911414,146.69757340911414
natural_user53_trial_05_participant,0,3.18,3.18,,68.69979081670408,10.544598258408485,13.238105868853218,141.7696559805734,23.334666884710657,188.71914370190856,1.89,4.50,1,0.222,--undefined--,--undefined--,--undefined--,--undefined--,--undefined--,--undefined--,145.54856811906205,150.70759667521565,153.5665682651892,140.2355002538043,136.05953269728192,141.85080454995955,141.85080454995955,141.85080454995955,141.85080454995955
natural_user53_trial_06_participant,0,4.2,4.2,,68.51400706918477,10.981025642867193,13.534524621068966,129.52315674552523,18.95700018256625,178.91934926027167,2.86,6.04,1,0.166,--undefined--,--undefined--,--undefined--,--undefined--,--undefined--,147.59723262448324,149.9310719018114,145.89998742847047,140.3797751507698,135.24499274373727,132.54497399398088,129.3429069828247,129.3429069828247,129.3429069828247,129.3429069828247
natural_user53_trial_07_participant,0,3.84,3.84,,68.82336945017721,10.580184625827945,16.225068462213727,137.77223122586147,23.20393416078038,203.5749130325428,3.12,5.84,1,0.171,--undefined--,--undefined--,--undefined--,--undefined--,154.19776345021776,172.2049716281598,162.40797981211884,152.13794905574943,148.32230038239783,148.22305414201742,141.87217431837462,138.23902732780894,137.50536428792674,137.50536428792674,137.50536428792674
natural_user53_trial_08_participant,0,3.48,3.48,,68.57450552126899,11.031804335397366,18.54084109416275,143.7936602582172,21.76951849587037,188.32402256548568,2.01,5.83,1,0.171,--undefined--,--undefined--,--undefined--,--undefined--,--undefined--,161.94296594505235,158.8648061951767,164.3874158442366,155.55264467184114,153.0611460080992,152.04777181672353,147.66561092627606,144.4922028346197,144.4922028346197,144.4922028346197
natural_user53_trial_09_participant,0,3.42,3.42,,69.98975636667984,11.608321806912844,13.96601858595972,150.88189852377604,33.450405307659636,219.94779731017977,4.09,5.76,0,0.174,--undefined--,--undefined--,155.99344577031343,178.1674140711789,187.71641809553205,182.3406731160996,174.62371379542125,172.41210275626779,164.7676612680716,155.0190958907875,152.53438807807626,151.07148569760716,149.86988813395345,150.44853207682502,150.87955958663082
natural_user53_trial_10_participant,0,3.96,3.96,,70.66261819472096,11.748837527603781,15.346696682207492,146.10963923087093,24.5301311474062,217.2288874882908,4.29,5.10,1,0.196,--undefined--,--undefined--,171.67800512158757,187.31916449172607,176.59265901524466,168.91398102539327,166.92695699097297,165.36234247736974,159.32420077373368,159.1426381983173,153.96375810219368,151.10965512193815,148.09567938701932,146.42394211277488,146.42394211277488
natural_user53_trial_11_participant,0,2.34,2.34,,70.25626182058947,11.04793273764488,15.717446412887806,145.0822690041119,19.928147215630073,181.56880420867307,2.56,5.86,0,0.171,--undefined--,--undefined--,--undefined--,--undefined--,--undefined--,151.38556060501267,156.17287057807002,157.9981491614446,155.41658858648267,152.18412153626184,150.2517065573799,145.81292763316446,145.81292763316446,145.81292763316446,144.98896198353376
natural_user53_trial_12_participant,0,4.02,4.02,,69.83246068732092,9.71875101025222,14.319547623169196,130.48816520305726,23.28961580959393,196.79733002113403,3.48,6.12,1,0.163,--undefined--,--undefined--,--undefined--,163.63421911266005,158.59239662689245,150.37529038199202,141.44906921402335,139.2171844968281,138.33474572588295,134.76664050230463,132.1923247994195,132.06737098205406,132.06737098205406,130.4977173876403,130.4977173876403
natural_user53_trial_13_participant,0,2.94,2.94,,72.22789638774239,13.27215899802011,16.742066725301253,138.77810446143332,19.454189519360245,182.55323168518558,4.42,5.40,0,0.185,171.6539619129077,171.6539619129077,149.50426700305658,158.13618445667626,146.692849150088,150.32738809760326,148.1116209834423,146.46968697801086,143.3377876470046,142.43033829968263,141.79743621541311,138.70977395165235,136.98803181755167,137.47366290507603,138.74762782752506
natural_user53_trial_14_participant,0,4.62,4.62,,69.89017204425932,14.764127514720887,14.218990467689538,148.1257551052998,22.413204406955472,203.61304540693587,2.60,4.72,2,0.212,--undefined--,--undefined--,--undefined--,179.21327117595126,179.21327117595126,179.21327117595126,179.21327117595126,179.3330393322718,174.18082781971393,166.07255814835617,161.95818170083623,159.5709698757308,151.40620670267344,148.16273172177355,148.14722109238443
natural_user53_trial_15_participant,0,3.24,3.24,,72.03982400008854,12.892045457245136,19.683386168926894,148.10990512153833,40.336420120729194,263.71464071481813,2.47,5.15,0,0.194,--undefined--,--undefined--,--undefined--,--undefined--,178.04415376575892,206.95153940802564,185.7442791197364,185.7442791197364,168.79776901066543,159.2276513901513,154.99197469748654,148.28332310379278,148.28332310379278,148.28332310379278,148.28332310379278
natural_user53_trial_16_participant,0,3.24,3.24,,71.08297509567068,14.03037925816842,16.76607201668667,154.1531375239774,43.53197418963734,327.64494307808667,4.63,6.12,1,0.163,166.471439485313,166.471439485313,161.96729478277467,189.55918918767503,187.221959930628,177.5436529433665,167.10462635513545,160.7284878600709,156.74609621033102,153.17776646123136,152.09108578582916,148.12817881054883,152.14203797246694,154.33468713909033,154.33468713909033
natural_user53_trial_17_participant,0,3.06,3.06,,71.09425910582993,9.912562361686385,11.177393038941705,146.12506520488495,37.798650084782196,305.7768380648455,3.92,5.63,0,0.177,--undefined--,--undefined--,--undefined--,--undefined--,190.7702273804129,172.31036207829732,167.4562830560303,155.9540375276074,151.51796044678994,147.46773162601198,146.2129846138038,148.09760101541303,147.88490369514582,146.19135804377362,146.19135804377362
natural_user53_trial_18_participant,0,2.28,2.28,,66.71345829588259,12.998556617675787,16.00061030390791,136.79660464641975,17.47015216841627,199.8067607033892,1.75,3.42,0,0.292,--undefined--,--undefined--,--undefined--,--undefined--,--undefined--,154.61609060839191,154.74272700372154,148.25093495633507,145.79621579995847,141.48772097379407,139.09571102054178,137.58347243437646,136.86480074052918,136.86480074052918,136.86480074052918
natural_user53_trial_19_participant,0,2.76,2.76,,68.27496972870017,12.415830134149795,16.159584997195275,142.90350002278677,39.57017580905558,294.46046661733493,4.71,5.79,0,0.173,--undefined--,--undefined--,150.03188757038401,158.06509213006865,166.62599025779903,158.26389772271128,149.30061135304223,143.89690994129322,142.89101811762373,139.35522988183072,137.8464940621866,136.74124226915882,136.04204506870403,143.21787569780625,143.21787569780625
natural_user53_trial_20_participant,0,2.28,2.28,,68.87660102904849,7.6790743163114605,6.543053180541333,154.62555960269592,46.57245545616634,310.43894456649366,2.63,4.87,0,0.205,--undefined--,--undefined--,--undefined--,--undefined--,182.22189302966436,185.95032192290716,168.6312215540532,160.6392794237231,148.49992005378445,148.49992005378445,153.95879443017236,153.95879443017236,153.95879443017236,153.95879443017236,153.95879443017236
natural_user54_practice_participant,0,3.96,3.96,,66.89026997339326,11.337006300887976,9.830004580128989,203.20290119472784,40.33605527583024,273.2693317063264,1.77,4.92,0,0.203,234.81470831743474,234.81470831743474,234.81470831743474,234.81470831743474,234.81470831743474,219.06298956637457,219.0701951956224,211.86405669770573,206.2449253828445,199.75838369527452,202.5989838783154,202.5989838783154,202.5989838783154,202.5989838783154,202.5989838783154
natural_user54_trial_01_participant,0,4.8,4.8,,71.55536436356685,14.239201285844285,12.040981097456074,214.72732819031486,35.47274774713515,331.2358445173955,4.17,5.53,1,0.181,259.6240138736744,259.6240138736744,252.39774661283755,274.15107339262784,253.28743272070594,240.37798132594077,230.37670074116932,223.55859827384566,223.55859827384566,221.2604047222477,218.18145470428152,215.4209787179579,214.09837725438538,213.73266307573684,214.8242839553429
natural_user54_trial_02_participant,0,4.62,4.62,,72.17581021188451,14.789247118567289,14.059108440189194,205.11027011180974,30.391856249265828,276.74242856033936,3.03,4.16,1,0.240,--undefined--,--undefined--,--undefined--,251.91149999415188,237.0945610465329,224.1345754733675,211.44051873891482,211.44051873891482,213.21287033579694,212.48828120584014,211.81954206390512,210.32802456778515,205.76308336221086,204.71699263488676,205.244215736596
natural_user54_trial_03_participant,0,3.24,3.24,,70.57723290005396,14.975705773548663,14.09186744194485,220.8090500184148,23.769866675910652,279.06031904382075,3.40,5.46,0,0.183,260.59524943033557,260.59524943033557,260.59524943033557,260.59524943033557,253.713472411093,235.37690051969017,237.28259468625933,230.76043956578505,222.886937171322,221.4302777740578,219.37808964535049,217.46030342757865,218.54390324732006,220.69564036758305,220.69564036758305
natural_user54_trial_04_participant,0,2.58,2.58,,70.96334865755526,13.006595413342001,14.517147036545467,215.30427999090233,33.44184885472557,272.3103307171011,3.49,5.98,0,0.167,258.96476102846157,258.96476102846157,258.96476102846157,258.96476102846157,233.31822004880038,234.87650802558025,240.88711270742238,230.93347402295416,226.39954117858227,224.516049964375,221.0691760724366,221.0691760724366,215.03666327788153,215.03666327788153,215.03666327788153
natural_user54_trial_05_participant,0,3.48,3.48,,70.35270963767879,14.716119510301262,15.399375800683899,215.8796180458808,37.296743162658856,347.1512586879544,2.30,3.37,1,0.297,258.180909287499,258.180909287499,258.180909287499,244.91899667795326,238.44628113596008,245.55828924448357,235.98087053072447,236.94107366908486,236.19024028459327,225.36472058238846,219.42657345126915,218.1317127386453,215.18178251523443,216.16595761657405,216.16595761657405
natural_user54_trial_06_participant,0,4.08,4.08,,71.49403015782615,13.790683011871993,15.655458441322915,211.0506605692387,24.27948476390597,286.0682634825506,3.43,4.97,0,0.201,254.77772394978166,254.77772394978166,254.77772394978166,230.30122608623276,231.67056101649854,229.35627831976336,229.56623257129925,224.22000813099243,221.1815531400634,217.13229717301107,213.03758903382607,211.67441935987765,209.71782617745458,211.0219584358096,211.0219584358096
natural_user54_trial_07_participant,0,4.2,4.2,,71.89030828047059,14.96827992969234,16.224352953681148,205.3271506593497,26.06517753231008,295.9182526505057,3.81,4.60,1,0.217,--undefined--,--undefined--,--undefined--,240.35769699151157,248.27577139903775,239.32948964741794,232.13291282122137,226.35446911814714,221.1752882469663,219.18308249636937,213.20892916467247,210.82247442171,207.89203588982792,205.37440620832115,205.38960891841197
natural_user54_trial_08_participant,0,4.8,4.8,,71.98401162614164,14.414923538101574,13.42728626781743,225.43577198713757,36.57054487314179,320.4565212560536,3.12,4.46,0,0.224,254.27192247429835,254.27192247429835,254.27192247429835,254.27192247429835,237.3205949662842,274.58919652047854,251.04641176326817,242.4282938146054,232.00652626786857,232.3076816929659,230.94877557611065,229.42790199374153,225.24557841767316,225.35914545329453,225.47589827498035
natural_user54_trial_09_participant,0,2.64,2.64,,71.0446801105659,12.382217955734713,14.542683787675783,231.31145270058013,41.096503665198895,316.80759071673793,2.27,3.99,0,0.251,255.9083930348566,255.9083930348566,255.9083930348566,255.9083930348566,248.88028683513738,255.28383573017027,253.21040346976434,263.1923769091984,256.13010959722254,241.49665231603723,238.16985510602981,233.40181804219455,231.47402678668223,231.90452672527243,231.90452672527243
natural_user54_trial_10_participant,0,4.32,4.32,,70.39539842118953,14.048856128637631,13.824442726637947,214.74015579117457,44.489526008798855,319.2414535712372,2.55,3.32,0,0.301,271.44584976018183,271.44584976018183,271.44584976018183,237.83359684862253,270.30597261793406,250.77397040994413,233.94073066028406,226.00168762864115,220.16243325674785,218.11971069542793,218.11971069542793,215.06115589285292,210.21108473817492,214.90281758133975,214.90281758133975
natural_user54_trial_11_participant,0,4.32,4.32,,73.15823523704036,14.398496561692788,13.443712517597277,208.6473199840684,43.83608344366039,329.9605468651154,3.01,3.78,0,0.265,--undefined--,--undefined--,--undefined--,275.3743592453998,255.1584657151475,247.0383638146658,223.3841249974646,221.9989423129659,216.50266156165085,214.28528011760417,208.48358172154994,211.24902199226958,207.60514279964258,205.55635795611644,208.5473354647949
natural_user54_trial_12_participant,0,3.54,3.54,,72.53067700843343,14.470826585216182,15.54091557735851,210.1576915391648,35.117629957703386,327.791645763841,3.67,4.78,0,0.209,--undefined--,--undefined--,--undefined--,233.52304739163267,240.2938185474283,252.7767280340381,241.2439872189993,236.09106795593635,222.93824374209763,218.25862011199288,215.71891712663415,209.00062042575883,207.0381881119234,209.6117525773372,210.20346501324818
natural_user54_trial_13_participant,0,2.7,2.7,,72.5684571758808,14.395876044125277,15.863547499990283,226.55088975531936,35.13128065945177,310.7050447976967,1.85,2.83,0,0.353,256.2529202807112,256.2529202807112,256.2529202807112,256.2529202807112,256.2529202807112,235.39002313743833,234.58074940082614,221.71386946122843,227.026440345833,230.4230825253815,219.33362093438578,214.972817330097,219.2931584130892,226.74117897125487,226.74117897125487
natural_user54_trial_14_participant,0,4.02,4.02,,72.70097154273746,14.20030109166284,16.176031069721265,211.68287364101744,32.89791825932482,300.2615351205301,3.23,4.37,1,0.229,254.39533353070755,254.39533353070755,254.39533353070755,278.61606448371464,242.1537974158514,234.910939696903,228.09032678098774,226.2230851774397,224.24147835594644,219.88696953753671,216.5970962982986,212.48531579289062,210.20637043068362,211.30853635213575,211.30853635213575
natural_user54_trial_15_participant,0,3,3,,71.66811313625699,14.45860332840628,12.730844131809981,209.39535552098744,40.812445552085194,285.6589314613259,2.33,3.73,1,0.268,123.75869219566566,123.75869219566566,123.75869219566566,123.75869219566566,217.80247299795386,256.03612130070053,237.22084346840302,231.25708502632943,216.99733735884342,213.242437921575,208.4900746835949,206.60930038459432,208.08007885366882,209.44885347833434,209.44885347833434
natural_user54_trial_16_participant,0,3.84,3.84,,70.66578794826881,13.547824187756705,14.548961335770015,211.8057161942536,51.41196686789214,343.95975147601894,3.12,4.56,1,0.219,260.45426293672904,260.45426293672904,260.45426293672904,246.56943911270977,252.78943251980246,278.0298786847576,252.3003481261795,242.82276233858744,234.45118557226195,226.88264446332457,220.2704572751144,218.50997845596297,211.04376660563867,211.48265015641206,211.48265015641206
natural_user54_trial_17_participant,0,4.44,4.44,,72.93611083414375,15.00699576785792,15.946975105883904,209.7577721024633,30.316542971413675,288.8114902050459,4.05,5.04,0,0.198,254.88926881277536,254.88926881277536,254.88926881277536,264.2745666137697,244.06362692840338,233.60495166604736,226.76466470731006,222.85722428424097,219.8085073667168,216.85256885323028,212.3058567763231,211.05309339149372,209.0408888736391,207.75894863500778,209.7624136612212
natural_user54_trial_18_participant,0,3.78,3.78,,74.1334019338653,13.801173813625821,13.322267707367699,217.84802134720215,34.01146744177593,345.8499197191697,3.97,5.04,0,0.199,253.38029977703388,253.38029977703388,253.38029977703388,244.2010571085945,249.21937667591527,239.68199361305165,243.00345817412244,236.23920130207824,229.18173715336502,226.23207682207965,223.17689984353456,216.34156939139726,215.055814372139,217.1177674680688,218.03919614274218
natural_user54_trial_19_participant,0,3.24,3.24,,74.1410958378171,15.548284041727213,13.974507860319223,212.63169943331087,37.26768522307132,289.60521813000105,3.70,4.89,0,0.204,259.1623169096373,259.1623169096373,259.1623169096373,258.823550865672,242.04378102946717,251.69793983392003,245.9387524441698,237.1240502016028,232.62924257609438,226.92209223664113,224.73875828799348,220.12220232168332,214.8911036511995,212.9870128173193,213.4824284776049
natural_user54_trial_20_participant,0,3.72,3.72,,73.52232994803167,12.494255374182506,13.807434282305165,199.68501867579508,28.818293405087974,273.5066495597588,4.30,5.49,0,0.182,255.51346470982412,255.51346470982412,251.7376492930238,225.8941031083509,213.01650348567736,222.6127851872224,218.70716041228388,215.31849213667468,209.6408287143038,207.75650876013523,206.29939295607267,201.78651531247243,199.66055036495743,199.34467173617276,199.68351833689871
natural_user55_practice_participant,0,3.84,3.84,,72.2409969197343,16.002627685358163,23.088030058491867,234.2030253818261,43.81423179085437,311.5139345058217,2.34,3.74,1,0.268,--undefined--,--undefined--,--undefined--,--undefined--,253.52245287087163,252.90375061268685,255.03428149252775,255.82976956313755,253.2189409820836,250.02994794901474,245.81294730065932,248.29442779864868,241.2059151074506,238.1373271188176,234.43429762214646
natural_user55_trial_01_participant,0,5.1,5.1,,73.38727412488184,15.036769994808772,17.05668337819535,229.6867894112081,42.68613585917677,340.1544706351862,2.75,3.26,0,0.307,--undefined--,--undefined--,150.71567770306373,239.36818263465264,247.1319819996179,247.29797698799797,238.76415057946335,236.16913378334448,235.76115659723692,237.80340774420551,235.54946497627944,236.3644649119512,233.5777309184732,228.42696493983513,229.76467134800114
natural_user55_trial_02_participant,0,4.26,4.26,,74.50295854871118,13.693041300894196,4.1933533520224335,203.00246841759449,48.79784786698934,306.4632456648345,2.82,4.49,1,0.223,--undefined--,--undefined--,261.9491355159278,271.5555598929686,255.16047191516614,219.04688199738493,215.69937217417987,202.68465785142806,202.04561230494164,202.2540425263359,203.28548649589635,204.31907337750823,204.7565499534362,202.3869257433578,203.0012644958081
natural_user55_trial_03_participant,0,4.92,4.92,,72.79295677559075,15.258397330706726,9.221854930566545,251.6856974228603,49.983137849528596,367.40116173891664,3.25,4.98,2,0.201,--undefined--,267.70550035911134,274.9675559246554,297.68916440404854,285.49735861106626,273.111592927645,268.4769050823672,261.0775428335435,258.30545701161435,254.38885728411103,247.88679618396606,245.01430232183765,248.98228471129832,251.21531166933843,251.21531166933843
natural_user55_trial_04_participant,0,4.5,4.5,,72.02991216099949,16.952027263956907,16.870992763713414,238.36404072148196,40.3327939674056,345.2366055273283,3.56,4.52,0,0.221,--undefined--,--undefined--,224.13618868774967,262.99476003073255,269.22930087755685,271.8201932046611,273.8309664727853,263.74485307241764,250.99558692950384,248.5876805708837,245.2473666547381,240.59829202190602,238.53851813872012,236.07737149846105,238.52969813872951
natural_user55_trial_05_participant,0,5.04,5.04,,74.25769873925489,16.76442356084295,15.88010893033706,239.06985761756872,51.663451672753105,343.97083571678013,3.57,4.54,0,0.220,--undefined--,225.82151914327991,277.28038235844184,286.47023412017506,273.9250243544184,263.97077320827486,261.1734593641347,257.03311212227334,243.38038574378334,244.27006636624827,249.74383216949332,246.04342591703193,244.20337135352426,241.6748417205732,239.1379463614885
natural_user55_trial_06_participant,0,2.82,2.82,,70.98971764645633,13.153348774287744,18.397363051638052,240.99519246178855,59.83258472101707,367.5728220216038,3.19,4.23,0,0.237,--undefined--,--undefined--,--undefined--,305.3842603892936,300.0656960330934,297.8215235848735,292.1502469183799,292.1502469183799,275.7125211011773,266.0080430857932,251.2576413399234,250.33773698283971,249.8869018738401,240.78282434906487,240.78282434906487
natural_user55_trial_07_participant,0,4.62,4.62,,70.1853691580705,13.409100874662537,14.108870617779266,226.0200792057297,59.884796866380064,336.8343243849117,3.68,4.30,0,0.233,--undefined--,--undefined--,312.8044158366664,293.79935931665125,284.63541303436597,276.5512980224134,267.407552622788,264.5362434977904,257.4660906445681,254.00107113532,246.94513283703716,246.94513283703716,228.43223438629653,225.51518404915822,225.86218541433544
natural_user56_practice_participant,0,3.24,3.24,,71.92064070600969,12.170250629556644,14.237208735817324,199.25541720958373,39.494533142438705,260.43587621720707,2.16,4.81,0,0.208,--undefined--,--undefined--,--undefined--,--undefined--,213.64167069063035,217.330959545587,225.2302867410303,218.84977127852346,212.43698478960195,209.00706785120175,199.46938105139523,199.46938105139523,199.46938105139523,199.46938105139523,199.46938105139523
natural_user56_trial_01_participant,0,4.44,4.44,,72.73507750684516,13.050386800580949,9.278780163704937,199.0667549698861,20.393140461798467,238.31900420595255,3.15,4.86,1,0.206,--undefined--,--undefined--,216.50040813930565,222.20563040578094,217.12328607155513,215.2119800404788,213.57168657723557,210.93101947799602,208.49981857848726,203.15932572463757,201.79534290267,199.0954852956652,199.0954852956652,199.0391354042085,199.0391354042085
natural_user56_trial_02_participant,0,2.94,2.94,,71.99415067935743,13.023036213666673,15.079633677825889,214.4618223044273,36.04732703218138,288.475992765163,2.04,4.26,0,0.235,--undefined--,--undefined--,--undefined--,--undefined--,223.3308427566223,250.56500656006494,246.08212159951677,234.40669704374312,226.56369453170674,224.18544842987026,217.80689526729185,214.45365450543184,214.45365450543184,214.45365450543184,214.45365450543184
natural_user56_trial_03_participant,0,4.8,4.8,,72.65413112132754,13.948095554360583,16.31726936182926,194.87480980990176,34.24726374081681,284.0823917231679,3.33,4.59,0,0.218,--undefined--,--undefined--,233.20000691598383,229.61875963059174,225.54886375562242,215.39203664846355,211.86259267958908,207.45526555935174,206.08261531070443,202.58177826570602,198.98573860784728,196.801426998876,199.38348645532898,194.60767107636983,194.60767107636983
natural_user56_trial_04_participant,0,4.98,4.98,,73.30389852060732,14.43669970045643,13.643134797955359,203.15562350871144,32.48910461796838,277.80862743965486,3.21,4.65,0,0.215,--undefined--,--undefined--,241.2687050696638,228.02253444966163,234.1861675607082,225.0863896245076,219.48179141083298,214.14661307075838,214.86311216524845,212.0260607056403,205.72030755558035,202.5777638308013,202.7980307472658,202.9768717418279,202.9768717418279
natural_user56_trial_05_participant,0,5.04,5.04,,70.67493201619193,12.16201659440105,15.60605081287654,196.44280303618774,33.46417967396787,320.2751725560986,3.97,5.56,0,0.180,--undefined--,--undefined--,229.05273421180672,220.1110276831059,219.01688592391938,214.71119683478318,202.7887421706646,200.03844000606807,200.71783674777694,198.85354365106534,199.62445325518254,197.8942753671569,196.60432743869075,196.6549781238976,196.6549781238976
natural_user56_trial_06_participant,0,5.52,5.52,,71.66015172459292,12.914949619688176,16.898557141572073,194.92257409104732,41.95342267348976,263.95859645614473,3.26,4.28,0,0.234,--undefined--,--undefined--,240.3732433550074,231.9283760209554,232.2327114624704,224.2776777947308,217.45463676788467,217.2553787855391,216.28214796594648,207.38862626298067,204.71886715968935,203.16692465882073,197.07709622135314,194.82270992764938,194.82270992764938
natural_user56_trial_07_participant,0,3.24,3.24,,71.88255289235201,12.291009665807655,16.38440969543935,206.52153993814218,35.147856181516396,279.3051872064743,2.16,4.01,0,0.249,--undefined--,--undefined--,--undefined--,235.32414846694266,241.43205154988385,239.45003126343278,229.45334420439366,219.57911793494156,213.92831592192752,212.04743044123953,208.39989619677434,206.45456584117562,206.45456584117562,206.45456584117562,206.45456584117562
natural_user56_trial_08_participant,0,4.32,4.32,,71.75953791892276,13.942748018491537,15.137034811961074,196.28377544041965,33.60268477481855,272.08123205315394,2.55,4.41,1,0.227,--undefined--,--undefined--,232.5480682649524,243.2903740459267,223.92220790139703,215.09924622620414,210.6613984159491,206.21573337428384,204.3964443108754,203.50660294063388,200.91180432745,196.2248226217037,196.2248226217037,196.2248226217037,196.2248226217037
natural_user56_trial_09_participant,0,2.94,2.94,,71.51733463802107,14.653847178894328,19.41150497855184,214.2647100280598,28.798005181590106,256.9669788604593,2.04,3.91,0,0.256,--undefined--,--undefined--,--undefined--,--undefined--,243.04299389639755,235.17996625999217,221.9441532529654,227.06434107798574,220.4496470922833,214.6333146446494,212.2372093347348,214.35169003414373,214.45963903765332,214.45963903765332,214.45963903765332
natural_user56_trial_10_participant,0,4.38,4.38,,71.46626284505776,13.899127806452734,15.998761716220521,199.53507869826348,27.480730972316376,265.407852668301,2.28,3.47,0,0.288,--undefined--,--undefined--,233.326801061491,224.77212137187266,233.47999867364928,221.19869602100218,218.4651656519533,214.73269615411877,208.48412371613878,206.23605785476286,205.06765964485496,200.0753811296918,199.63579071569671,199.63579071569671,199.63579071569671
natural_user56_trial_11_participant,0,5.7,5.7,,72.0334260744696,13.944372305822299,18.32182576638407,202.28517790860292,35.106042579352675,276.2364850051549,2.81,4.24,1,0.236,--undefined--,235.31895647428587,223.83770894490647,232.41018450557024,232.14200330740866,229.05526600066565,222.95430448564804,220.7267181235882,214.92554465273633,211.1375258257076,208.427980518877,206.19401604892406,202.41182123427996,202.41182123427996,202.41182123427996
natural_user56_trial_12_participant,0,5.04,5.04,,72.16128368679172,14.857339561074527,14.301372255552566,192.22031372549128,24.547896904047462,267.6526974021087,3.37,4.64,0,0.216,--undefined--,--undefined--,239.706747355191,219.13775953474726,212.1806194384079,208.3524327654722,206.55437056600067,199.80317097697423,196.48649318719072,195.23258722152852,193.61131381396157,191.28377855921966,192.28800166918077,192.28800166918077,192.28800166918077
natural_user57_practice_participant,0,3.36,3.36,,68.21938018706685,8.121575493020643,13.66916561121493,106.50041379376526,12.840919182282752,141.83225948302106,2.38,4.35,0,0.230,--undefined--,--undefined--,--undefined--,--undefined--,130.08854224810574,121.62990041812725,112.20200256290624,112.79742555961879,112.54111182096162,109.16804092385092,108.42916371673871,106.80511487328401,106.80511487328401,106.80511487328401,106.80511487328401
natural_user57_trial_01_participant,0,5.16,5.16,,67.78474720505828,10.156884024650694,12.42461590484192,94.61586195676536,14.102517501164503,137.57990793393827,2.52,3.56,1,0.281,--undefined--,--undefined--,--undefined--,117.81406707206608,109.7620947868043,103.38313027284082,103.30511193964425,101.99761628260681,101.38295551885211,99.48206029019651,96.68969651932866,95.02309058778332,95.02309058778332,94.55501314233283,94.55501314233283
natural_user57_trial_02_participant,0,5.88,5.88,,74.07092974059859,9.848082527626028,14.803801537379117,103.3602197306411,13.064440861211262,145.453054991447,2.21,3.98,2,0.251,--undefined--,--undefined--,139.73701496386883,115.14870741199353,113.07232776961682,114.53079318336141,110.28800010171544,106.95277303401156,105.47017405995226,105.28912756229536,104.60172601248169,103.48054361802662,103.48054361802662,103.48054361802662,103.48054361802662
natural_user57_trial_03_participant,0,4.44,4.44,,72.7748343434204,9.498150970560959,11.766400546098323,115.49528088866853,19.986770608936297,159.65836738807673,2.25,3.43,1,0.291,--undefined--,--undefined--,132.51567987575174,132.7561788144623,123.85363108865204,118.79031910251987,119.97481079982376,119.97481079982376,119.41353336295933,118.78837590243602,118.78837590243602,116.68499385555546,115.56712990367605,115.56712990367605,115.56712990367605
natural_user57_trial_04_participant,0,6.54,6.54,,68.26488884330887,8.828198930221594,12.825116092269347,113.40333289414927,15.617287608423004,159.81548911664717,2.60,4.04,2,0.248,--undefined--,--undefined--,141.075887482461,129.0684627872239,120.95702811225291,121.62424901820577,119.19238197778623,116.48674803336246,116.48674803336246,115.76401294295057,115.65356426746182,114.683101822372,113.47150103090813,113.47150103090813,113.47150103090813
natural_user57_trial_05_participant,0,4.98,4.98,,69.98395643889528,7.385042533640421,11.124467857534029,112.73319031887321,26.068786970270324,162.7137901625104,2.61,4.28,1,0.234,--undefined--,--undefined--,--undefined--,157.73297157401203,158.29155386135898,154.93309139736937,127.0711164802245,116.40866892919016,115.95408504158392,115.69730133495956,116.61773421998497,114.25955853122696,112.60372390983633,112.60372390983633,112.60372390983633
natural_user57_trial_06_participant,0,6.54,6.54,,68.66310594830571,9.560645465908626,11.718342491304774,106.4317016920429,16.986810635165945,140.79637984155613,2.45,3.21,1,0.312,--undefined--,--undefined--,135.83147818527442,127.27588510470817,120.76009422996563,115.98173154439854,114.00563610910663,113.2887428661516,108.08369708213876,108.08369708213876,106.97844372634823,106.46807099328177,106.39624187741637,106.39624187741637,106.39624187741637
natural_user57_trial_07_participant,0,4.86,4.86,,68.38641049364362,10.837819013783154,13.652177523537652,101.4034328134579,16.073581589656175,142.99586336017535,3.09,3.89,0,0.257,--undefined--,--undefined--,120.75563480424593,119.16387223289011,123.9971164996796,112.70334625374959,111.79030067494134,108.02123847880733,107.4382543278609,104.70988802361155,101.96649381790473,101.27653237894388,101.20964802806417,101.28105658589294,101.28105658589294
natural_user57_trial_08_participant,0,6.42,6.42,,72.08851893306738,11.393889066963565,13.861289549307722,117.77173192301488,13.255850179467586,156.5503111735374,2.65,3.86,2,0.259,121.35853702086884,118.11371670251944,114.12566564600154,121.54883819403312,123.51488501335821,124.34084946303571,124.95192579072472,125.31794685963008,125.6223978752783,123.6755063436003,122.22638674450116,121.22240177928724,119.09289424948676,117.7573941727394,117.7573941727394
natural_user57_trial_09_participant,0,5.34,5.34,,69.04217168742116,9.655946599581455,12.298886452445853,100.6058852799858,14.164591745815493,139.17571406579887,2.62,3.35,2,0.299,--undefined--,113.50922480468941,112.44745966649526,115.07691617204713,109.80335037544272,106.95011155592489,104.87936543299531,104.87936543299531,106.11278099704099,105.34950318527076,103.60082787506813,101.91248427942608,100.59100084718906,100.59100084718906,100.59100084718906
natural_user57_trial_10_participant,0,5.4,5.4,,70.80255636130897,11.854703032931068,14.026673418631024,104.33448774151003,14.831580121777641,134.16628851340437,2.59,3.77,1,0.265,--undefined--,--undefined--,--undefined--,116.14311350910823,120.07598600570739,116.50294536825493,114.32679994626666,109.9136823432938,110.01065036880614,108.62267079073358,106.01266361676942,104.53358814371303,104.27523834576915,104.27523834576915,104.27523834576915
natural_user57_trial_11_participant,0,6.6,6.6,,69.267028925905,10.30230978788283,12.490824516709885,102.03353704512259,22.412772668026154,339.3138573187509,3.18,4.28,1,0.234,--undefined--,110.53220330584978,116.66603430209248,105.8110086295579,105.76814984017898,104.6348438145469,104.41826238142974,105.53803765016167,105.53803765016167,103.53318665676915,102.38196111612112,101.60974375524158,100.52542595112651,102.13886955579603,102.13886955579603
natural_user57_trial_12_participant,0,3,3,,71.14488858343032,7.282142233956124,12.900351121225462,106.76998621200609,11.841008111624404,126.75517945053669,2.67,4.55,0,0.220,--undefined--,--undefined--,--undefined--,106.45662168396896,113.09419847137698,115.25925299046897,115.70312467635296,110.4123898278861,107.79743246011658,107.34656660452518,107.02628845830411,107.02628845830411,107.02628845830411,107.02628845830411,107.02628845830411
natural_user57_trial_13_participant,0,4.92,4.92,,71.36277909142204,9.126691091370041,12.781194748896265,101.86619970920103,13.910802497105017,135.97803889727163,2.24,3.66,1,0.273,--undefined--,--undefined--,108.78713536613103,115.32698545374176,116.31098570269937,113.34188562385127,112.63062450541987,112.63062450541987,108.14197745079636,106.12771199793794,105.00840398179845,102.80730397265071,101.85173763383108,101.85173763383108,101.85173763383108
natural_user57_trial_14_participant,0,3.9,3.9,,68.90849836190853,7.69871016642774,13.589803768728286,94.13511065359735,14.871719148830497,146.5066824687904,3.08,4.36,0,0.229,--undefined--,--undefined--,--undefined--,142.67125843052057,111.2588766464368,110.86955054288134,104.2757378839851,103.24607796047795,98.77631753706117,97.08280056900098,96.0622143318056,93.95881515166332,93.57274991403442,93.92454876245519,93.92454876245519
natural_user57_trial_15_participant,0,3.84,3.84,,74.46154060646303,5.670062525200288,7.1344002153679265,137.6320049962545,30.18995975098843,180.655513810369,2.08,2.91,0,0.344,--undefined--,--undefined--,164.97674852501984,167.9545036772207,162.8336507985439,164.2912144478977,155.47990649041742,150.22243665994787,144.14045379057876,139.31513904361367,138.55112712860142,137.2265488408758,137.2265488408758,137.2265488408758,137.2265488408758
natural_user57_trial_16_participant,0,3.6,3.6,,70.45846658371718,11.275738331007979,14.763456123132876,102.35280615372368,18.111568273231875,154.65470206269168,2.50,3.52,1,0.284,--undefined--,--undefined--,149.25784487255777,131.21778383882042,119.94102535650063,119.58983693563316,119.58983693563316,119.58983693563316,113.78427337502536,109.42325833495597,108.11135290039104,104.06828774903364,103.29136873101987,102.15628628640205,102.15628628640205
natural_user57_trial_17_participant,0,3.24,3.24,,71.3273105184352,6.559836141203415,9.596438332642881,115.59848337261626,20.060951210195906,159.01371727059632,2.47,4.85,0,0.206,--undefined--,--undefined--,153.74074980679433,135.77600553995674,128.7638204814574,123.7529745801579,120.8699431003232,117.50745777982323,117.50745777982323,116.81072210841236,115.28208170533458,115.28208170533458,115.28208170533458,115.28208170533458,115.28208170533458
natural_user57_trial_18_participant,0,5.52,5.52,,69.96585875838873,9.44110321608901,14.763827259779394,96.4282041504194,13.164236630968649,143.22516517712094,3.44,4.60,1,0.217,--undefined--,127.27888951500782,124.98444159145735,116.24599092735924,110.28254188735977,104.50792857378491,100.40781087865645,100.23590886041922,97.92910404223488,97.76346327242771,97.52732408551775,96.52297410539335,96.40478005659777,96.40478005659777,96.40478005659777
natural_user57_trial_19_participant,0,4.68,4.68,,70.4895474118558,9.423737351100483,13.281409126879094,110.64801784058947,17.76839566400086,142.5459924669585,2.78,3.08,1,0.324,--undefined--,--undefined--,134.61153319157285,131.17353314684834,128.51196995575503,124.2511871982599,121.38583103461605,118.62218623691003,118.62218623691003,115.45118615859474,115.45118615859474,113.6161586539889,111.64303795042522,110.65420161413519,110.65420161413519
natural_user57_trial_20_participant,0,5.4,5.4,,69.71630207435751,11.270276980793625,15.140671341830629,103.82605057548297,21.95416461491158,156.55609744015754,3.33,4.25,0,0.236,--undefined--,130.36882510475726,145.39919843373076,134.24895980319656,128.56715750262074,121.12802584173188,112.7356698980822,111.889702873736,109.27311236516321,109.07653730400149,106.70367901141111,105.1027215917142,103.82314018772168,103.82314018772168,103.82314018772168
natural_user58_practice_participant,0,4.14,4.14,,68.39994286064493,8.517924823240214,8.994028210167539,226.06365284234877,38.5883505828587,312.2406227141231,2.66,4.22,0,0.237,--undefined--,--undefined--,244.53599728006282,242.0468366733291,242.5928376084913,239.79243719157145,238.94238408126563,241.73162752435644,240.55955430770516,235.48796006705626,226.63801879331618,226.63801879331618,226.63801879331618,226.63801879331618,226.63801879331618
natural_user58_trial_01_participant,0,5.22,5.22,,72.09166549522467,10.688399572640131,10.80827508991563,245.98459171340036,25.828982245694096,329.00384508626934,1.53,3.09,0,0.324,--undefined--,249.5749408338336,270.9784044879522,264.0684034244917,257.5854754178357,251.49474622300627,250.64117589751226,248.6255952780809,247.24104195582632,245.95701074621886,245.95701074621886,245.95701074621886,245.95701074621886,245.95701074621886,245.95701074621886
natural_user58_trial_02_participant,0,5.94,5.94,,71.65047094397113,11.8386119120329,9.784816206759993,244.47933535300825,25.43068430642369,322.2870599978298,2.02,4.29,0,0.233,--undefined--,262.64478261783364,279.132098255991,269.72201011030444,262.68578234329976,256.5229831130507,249.8374208394751,245.26912156347453,244.30679431074023,244.30679431074023,244.30679431074023,244.30679431074023,244.30679431074023,244.30679431074023,244.30679431074023
natural_user58_trial_03_participant,0,3.3,3.3,,70.11079073519555,11.086134722855645,9.764964178575923,248.43337626037456,20.436357321129805,311.7398339518067,2.42,4.17,0,0.240,--undefined--,--undefined--,--undefined--,291.1284531927494,289.074932914822,266.88300158340246,264.69742129256525,266.15920561130343,260.19427688572796,254.5945263586954,252.29511611573074,248.92798326742528,248.5265539817223,248.5265539817223,248.5265539817223
natural_user58_trial_04_participant,0,3.48,3.48,,72.32279207888597,10.035675968983872,6.752532781554445,248.34994353514193,16.333439265387636,280.1551493636714,2.01,3.94,0,0.254,--undefined--,--undefined--,265.53078979547774,252.3680841190521,261.93931933031126,259.8019661086017,256.34488491870246,252.10600704547338,250.4807890930326,249.6073694022749,248.1934851708958,248.1934851708958,248.1934851708958,248.1934851708958,248.1934851708958
natural_user58_trial_05_participant,0,4.92,4.92,,72.39667588416492,11.507115490242297,6.457790612126556,245.57948015996558,25.87996271348627,301.61991237153126,2.85,3.72,0,0.269,--undefined--,288.5817337494749,277.5933499409017,266.59203347743244,263.1569111298356,258.9422166080218,257.8677983600017,255.4881267728874,250.40341999229787,248.44520339668233,246.75090491817213,245.5535085171401,245.5535085171401,245.5535085171401,245.5535085171401
natural_user58_trial_06_participant,0,4.68,4.68,,70.96631405602143,11.937623110252503,6.901659054807954,259.2452775966794,29.27419453776647,343.77583576292363,2.56,3.49,0,0.287,--undefined--,--undefined--,316.0305269161495,302.12817262122707,284.40311390332585,278.73156650760853,275.0186594799397,268.2798757165721,266.674239430863,269.58033927666196,266.29141514428966,263.3970103350417,259.37123747110473,259.37123747110473,259.37123747110473
natural_user58_trial_07_participant,0,6.42,6.42,,70.73444578404211,11.218476253247891,9.525244130882784,248.09478259987688,29.163729240733225,341.49878565492224,2.80,4.12,1,0.243,--undefined--,289.7020503171422,304.35141566603374,286.6906936923466,283.07760439313756,277.8300804624331,273.68008404509465,264.5540837376368,259.332877711956,257.76785118268845,252.80169781410777,250.38368899996414,248.00433407712944,248.00433407712944,248.00433407712944
natural_user58_trial_08_participant,0,5.52,5.52,,72.50658859993447,8.980447030492268,8.520267912849247,233.79270161296643,26.8467814525032,295.7636509077695,2.72,3.40,0,0.294,--undefined--,279.87835206573567,278.06909354943446,262.5342257407355,255.80529062306667,248.33746829510906,244.82659649781743,243.332582432003,239.2989244364069,238.61917764216986,235.08624188714117,233.8917827316771,233.8917827316771,233.8917827316771,233.8917827316771
natural_user58_trial_09_participant,0,5.7,5.7,,71.87563497974749,9.557022860295383,7.395694070600154,234.14773968376699,26.41400138986923,318.40895539914425,2.63,3.99,0,0.251,--undefined--,257.88977145686925,283.9117919530289,264.0283707691109,258.07366156321956,253.4005549061224,248.6095415579946,246.37788144827098,243.67431975689837,241.71947589417022,236.27595583892543,233.97610180950846,233.97610180950846,233.97610180950846,233.97610180950846
natural_user58_trial_10_participant,0,5.28,5.28,,72.73668822464656,11.323563042348981,10.9214926562842,227.7114039910731,39.99625033069316,341.5459893560339,2.08,3.32,0,0.301,--undefined--,--undefined--,302.2539544520178,277.37954171629605,256.88401280531156,253.2815874400566,247.7738658880027,243.72255806679038,240.45310709223932,233.92578279023803,228.87331314854518,227.5281945804296,227.5281945804296,227.5281945804296,227.5281945804296
natural_user58_trial_11_participant,0,4.86,4.86,,72.96834069209113,12.599409003984578,11.229877498267973,230.8349028585805,16.952542990927334,277.20536691709464,3.29,4.93,0,0.203,--undefined--,253.53323116491342,253.88959434362548,251.49502152817635,244.87821604548571,242.70479137079857,239.91960017547575,238.1575096035879,234.99963871086436,233.71798934975803,230.77879565419133,230.70934567059385,230.70934567059385,230.70934567059385,230.70934567059385
natural_user58_trial_12_participant,0,5.7,5.7,,72.63321123417244,11.758868633116448,11.310011954147255,232.29919877154566,18.17247630231608,316.88005123833256,3.33,4.60,0,0.217,--undefined--,260.74847083690787,253.70433127094464,250.63644178959527,247.25475455413147,243.2003654327538,239.67009783266064,236.37349412740292,234.49192455610822,233.3983730157987,232.01043417297947,232.01043417297947,232.01043417297947,232.01043417297947,232.01043417297947
natural_user58_trial_13_participant,0,5.52,5.52,,70.89254896405902,12.112769823416146,10.241162255519452,232.33732547864275,23.058092028375484,293.8004602276283,2.54,3.80,0,0.263,--undefined--,278.2291990158213,266.0907306752733,264.51264377980243,255.95951931340088,251.70594297667714,246.28693919538864,242.34943479407764,236.416130048299,232.97168438253757,232.60875710096832,232.49458938811594,232.49458938811594,232.49458938811594,232.49458938811594
natural_user58_trial_14_participant,0,4.92,4.92,,71.66134131232316,12.079540272966344,8.727999822841713,229.27438417038184,18.029238866765684,283.54632553885637,2.64,4.56,0,0.219,--undefined--,--undefined--,252.9292052567287,259.24582329925977,240.57782066064854,237.12106217127138,234.34518578828684,233.7577109203554,232.98789733805907,230.68652627716145,229.4089509279656,229.4089509279656,229.4089509279656,229.4089509279656,229.4089509279656
natural_user58_trial_15_participant,0,8.82,8.82,,73.84134400772426,12.50917319755581,11.701663317841227,244.53715858565522,26.612884804792223,316.4976686676551,3.51,4.33,2,0.231,295.9292394535967,289.5385514684789,281.6001162777615,272.010388913385,270.49671467757673,267.780911932834,261.83795593547615,260.3315098175308,258.4281881183373,256.4288107103242,252.87841490945033,250.5244944217638,246.25863692041042,244.40636116042933,244.40636116042933
natural_user58_trial_16_participant,0,5.16,5.16,,72.24317478265115,11.802306185166056,9.83594054956753,240.15120299657315,23.68622856881296,306.9774990086906,2.33,3.57,0,0.280,--undefined--,293.98608239029335,288.92117932545915,273.2969200471352,271.1530314569321,260.4855428368409,254.9082273046202,253.13492549633975,249.56194124432508,244.42077504991872,241.2638204019834,239.7689615475184,239.7689615475184,239.7689615475184,239.7689615475184
natural_user58_trial_17_participant,0,5.88,5.88,,71.7062025781882,13.169265050228365,9.023771771014514,240.38876521310823,23.31268229205066,315.90783288595577,2.89,3.89,1,0.257,--undefined--,296.0790351993379,273.4268049489261,262.4318089809194,255.87374104969535,254.12733861838694,252.09980042777732,251.43996854402295,247.82658223147936,245.41931750902506,242.89235357822417,240.50123080190352,240.40286178223997,240.40286178223997,240.40286178223997
natural_user58_trial_18_participant,0,4.68,4.68,,72.59655584979893,12.471137873108209,8.392448515465476,240.68583908482577,26.747759997565552,311.1846054030449,2.14,3.16,0,0.317,--undefined--,281.8133495439453,282.1125932303659,267.8868736096187,260.58287549993486,257.98780195192614,256.85004385028145,254.30415199336733,250.22158337786362,243.8997496925826,243.01107662958083,240.9293897537845,240.9293897537845,240.9293897537845,240.9293897537845
natural_user58_trial_19_participant,0,8.04,8.04,,70.63009188606914,13.362622796391527,10.089495500719657,242.72315688210867,33.44821905588311,316.873254415212,2.74,3.99,0,0.251,259.3854785771636,280.8916689549169,267.49098387938017,254.13679278476977,249.1662957582764,245.28387944630344,245.28387944630344,247.09133509832483,247.9323673632323,242.37287913901795,242.61942961981813,242.61942961981813,242.61942961981813,242.61942961981813,242.61942961981813
natural_user58_trial_20_participant,0,4.32,4.32,,72.06530380833887,8.995609346822963,8.433759382747331,264.6131067374835,37.207408737567675,345.3507534284291,2.31,4.40,0,0.227,--undefined--,--undefined--,313.0872376509926,298.8280407990006,297.8047498312847,282.8701261801139,271.27525564155593,273.43857926682136,272.3371113878737,264.91624266957643,264.91624266957643,264.91624266957643,264.91624266957643,264.91624266957643,264.91624266957643
natural_user59_practice_participant,0,2.52,2.52,,70.54364862848452,8.283475646750418,19.130595411282368,125.81269797234219,20.56157415418073,184.27740648551736,2.78,4.51,0,0.222,--undefined--,--undefined--,--undefined--,--undefined--,132.51304998009152,142.3196939017101,138.99447583112314,136.08871400834397,133.40406345405015,130.44908176988844,128.6791379837875,127.8473439658344,125.92717299940858,125.92717299940858,125.92717299940858
natural_user59_trial_01_participant,0,4.26,4.26,,70.02289987301424,8.289836313903907,20.20100357469838,121.21016410258555,28.394187852628328,194.71034779802412,3.29,4.53,1,0.221,--undefined--,--undefined--,--undefined--,140.6338228954966,149.54587026474846,136.92385730321632,127.45298426044207,128.03108287500078,128.03108287500078,124.80673661305302,123.26134918171572,121.1835800853873,121.78122651778533,120.5239478529575,121.40004230654799
natural_user59_trial_02_participant,0,5.04,5.04,,69.30533049917618,9.401574878391141,18.780441805746445,121.42342004748619,31.43338877911931,197.8484928950158,2.78,3.79,1,0.264,--undefined--,--undefined--,123.87254692200605,145.962312614695,141.2114862067883,136.0442532502717,129.94355458286782,128.99634702660273,128.30472224482898,123.2771909724837,120.30155720360564,120.30155720360564,118.57215077578687,117.91490607175876,121.04621570976948
natural_user59_trial_03_participant,0,5.64,5.64,,67.7312999712685,7.144676066195078,13.889313218984858,114.22067469184698,30.637514319391244,286.3854091471024,4.26,5.12,0,0.196,--undefined--,--undefined--,120.49148851675992,124.16261252862023,128.91348764766764,124.62744714502388,121.26802178828464,120.51036804516438,120.393784137708,116.74908851488541,114.39420135073695,112.4977127294962,112.17729016979156,113.08058663759111,113.5639789244216
natural_user59_trial_04_participant,0,4.86,4.86,,71.41207790362164,10.508554508181758,19.171439439157737,116.5498476701937,20.258981628709346,208.27634842054604,3.91,4.34,0,0.230,--undefined--,141.6748379325343,136.34909384518585,132.2904858163404,132.21843383845447,130.96777286708777,127.07717918038352,123.31355010724906,121.75560798516612,120.47433804925774,119.52840737947753,118.54606871709682,117.14739482981726,117.126932174679,116.82814617774555
natural_user59_trial_05_participant,0,4.26,4.26,,67.76075219866182,8.752808372049985,16.459482847271147,123.22613382466352,24.839255025424013,191.88257491754,3.99,5.39,0,0.185,--undefined--,--undefined--,122.78482629454899,127.00830966498478,145.7670993474986,139.0939052462872,131.7217402809237,129.84281184314534,125.92628529064405,124.49520732551477,123.3063901115326,124.71932761591628,123.61707229943558,123.40521394691483,123.40521394691483
natural_user59_trial_06_participant,0,5.1,5.1,,68.92263106637132,9.955888287003665,19.476137103445986,120.69201351261711,26.239076245251272,201.4503448382474,3.53,4.04,0,0.247,122.80121398593496,122.80121398593496,146.89431644512678,144.88608700960145,139.88839303341254,135.09928675900446,131.91549459931477,134.7399759736268,131.7644853642766,130.96601660038098,127.04423305558764,125.6953571838265,122.78190025534799,120.75340921047696,120.64502498869498
natural_user59_trial_07_participant,0,3.12,3.12,,67.51853467825404,7.355190394892538,18.933815353665217,128.44167445346818,24.966586798227823,212.2596749687265,4.17,5.35,0,0.187,--undefined--,--undefined--,--undefined--,142.07193581570013,144.4850910983749,138.76827132622756,138.45079790212037,132.8874822875581,127.98538280582004,125.26305330602656,123.82719716974617,126.08645687970478,126.28737149386555,129.02101325253366,128.50665960240195
natural_user59_trial_08_participant,0,2.34,2.34,,69.58233162203607,7.2908796993704295,17.610805705358686,135.7654892840487,39.11394606931994,292.1361138381538,3.42,4.31,0,0.232,--undefined--,--undefined--,--undefined--,135.03158455235908,143.25554106523288,146.09608095574927,139.30253778713936,138.28858219824215,135.56807114929137,132.36226524518378,129.14496913831627,136.45842822552436,132.21523347818552,135.45591600029508,135.45591600029508
natural_user59_trial_09_participant,0,4.92,4.92,,68.9558991701747,9.923920241505128,20.79838357997285,130.99091143855367,37.71582424322967,224.47134551875476,4.47,5.07,0,0.197,--undefined--,--undefined--,161.91923056169585,172.12223313919807,170.11714887637044,154.81191850411741,151.91244967162476,141.0963408402642,136.39911653864849,133.94492690085852,132.77084803962654,130.55450390423445,130.00792405687915,129.10917217999386,130.84948573710014
natural_user59_trial_10_participant,0,2.16,2.16,,71.89803601790788,11.379514398408002,20.680765536607225,131.1789548098168,31.954580851060424,207.18226628063903,3.24,3.87,0,0.258,--undefined--,93.37350465910336,139.20959696499983,158.00296697433185,171.65157225081435,169.79506463808505,158.22213011845946,152.67880529590693,150.37036380952904,147.04064501505704,142.8646922858159,139.6404773914054,136.99469730266628,133.77964005477722,131.02806447201726
natural_user59_trial_11_participant,0,4.26,4.26,,70.88054116179636,8.845501599161706,19.108924269192023,116.80116942377053,24.40181737836397,216.0554058297054,3.52,4.18,0,0.239,--undefined--,--undefined--,129.35393384098774,133.76148717577001,135.72270935179523,130.35929700368834,129.2505706815365,126.27896486384464,123.00820126809673,120.94450915608626,120.84971731264959,118.72938088403981,116.64816796525398,116.19852544642673,116.18524064528825
natural_user59_trial_12_participant,0,2.1,2.1,,72.69256921726969,11.333030910810102,23.397281630005242,120.44339694959582,14.141247287429966,154.33930141855976,3.33,4.50,0,0.222,--undefined--,--undefined--,--undefined--,--undefined--,125.5735311058448,125.1723649471184,125.81921954483434,124.52890799694038,127.33708184891991,128.4299407331572,125.43763548423205,121.89771980405992,120.7889261425781,120.67963318519095,120.67963318519095
natural_user59_trial_13_participant,0,4.14,4.14,,68.71179863422272,9.892711088317913,18.765982312611122,130.87552352773977,35.45552903612177,224.54008365956216,3.62,4.86,0,0.206,--undefined--,171.98016061090001,143.32210973347622,149.57099777711363,143.87671080780882,137.073418147424,135.77281400802656,132.9941151934413,131.36632247756307,137.59880909429808,134.6381440262237,130.95032569238603,131.02170600180708,130.13322618586238,130.85241341381703
natural_user59_trial_14_participant,0,4.68,4.68,,70.52945411139574,9.131369147397699,20.263429832712042,116.90422061150004,30.17710005014343,204.04877254430116,2.99,3.77,0,0.265,--undefined--,136.0101434049322,151.37699420717587,166.18334483052615,148.19555422985536,136.4528520278145,131.9526335935423,129.50963309997562,125.1679753910684,121.74181652864988,118.9835434754903,118.67460715558047,115.71660334496296,116.78761711703469,116.85904167513789
natural_user59_trial_15_participant,0,4.92,4.92,,70.57408330506551,10.370019391966679,21.133870050027937,116.88347023127076,20.71109609097848,213.03060945437002,3.46,4.33,1,0.231,--undefined--,127.0332975467527,125.8510660446958,128.68467155877912,128.0684380364605,134.82766998956933,133.46986314884944,128.31060367598576,125.22190929222204,124.25937539363396,122.73469479748553,120.32811970298047,118.42648807953002,116.88963573528173,117.01826422439792
natural_user59_trial_16_participant,0,4.14,4.14,,70.47718314856105,9.73133603935875,17.1373923050114,118.35500718098395,24.06961508413978,215.8530010214305,3.62,4.25,0,0.235,--undefined--,--undefined--,142.71448976721862,134.625892921599,130.78720072631828,131.50331379966278,125.56409454367063,124.78602604035416,122.9992262255277,121.86290401882036,122.06322818105734,119.50660159288469,117.6593481841475,117.54170453134215,118.42608583581035
natural_user59_trial_17_participant,0,2.46,2.46,,70.70783101188067,10.357852578808307,21.230864705825375,132.46349711839906,23.779560297171432,214.50544208580808,2.85,3.31,0,0.303,--undefined--,--undefined--,147.7909731301881,156.17279560717523,156.51573117100176,147.92403189821272,140.0557855347845,136.4596978145827,136.4596978145827,133.88672503428438,132.2463039727794,132.2463039727794,131.9760895214702,132.40956815364368,132.40956815364368
natural_user59_trial_18_participant,0,5.7,5.7,,70.17148103590836,8.552904736473389,20.262809624940544,117.30364776680896,27.51729485771487,203.3280795251632,2.46,4.00,0,0.250,--undefined--,--undefined--,192.93261730938232,143.74428110625655,150.67565906305379,142.97180058066948,130.89934509913178,125.61234429786148,123.87574203866956,122.61069794604136,120.36743494080767,116.58051350208787,117.37143092375264,117.37143092375264,117.37143092375264
natural_user59_trial_19_participant,0,2.34,2.34,,68.88655997653709,7.6170265714675365,17.929727112235497,122.19640856031204,27.079398682508234,181.78729192768836,3.85,5.11,0,0.196,--undefined--,--undefined--,--undefined--,--undefined--,132.907518169744,136.6863472949316,144.87758524702826,140.39333216837161,139.41230307348343,132.11820600260842,126.12815873584682,122.12894000954559,122.12894000954559,122.09955650972825,122.09955650972825
natural_user59_trial_20_participant,0,4.02,4.02,,70.25808265074839,9.220081903288436,18.96308161219273,127.54817620463781,31.51902551041139,218.94947567322515,3.23,4.62,0,0.217,--undefined--,--undefined--,113.40063278567386,131.44734536346556,130.72686335468939,125.96283186653598,125.01796010445076,123.45015465090908,122.65205356254359,126.6536331042121,128.7614021113981,126.59719368413876,127.221008704666,127.221008704666,127.221008704666
natural_user5_practice_participant,0,3.54,3.54,,77.71612588408556,7.8385137900891015,6.431960706685321,219.31665461557043,68.34782053540637,342.7340429505502,2.26,4.85,0,0.206,--undefined--,--undefined--,--undefined--,--undefined--,322.0331667606456,289.22323630501273,267.17710859070775,227.05411111621405,228.8326302370988,226.0317871811047,218.84404475399725,218.84404475399725,218.84404475399725,218.84404475399725,218.84404475399725
natural_user5_trial_01_participant,0,4.98,4.98,,75.34988958183797,8.471656556678985,6.161992600370045,186.69933482506156,48.55740763645738,333.6478285432532,3.61,4.87,0,0.205,--undefined--,236.88882644309632,248.06698490613223,238.74639425874813,231.8931217264773,210.2614106538246,203.43732616591996,206.71651099557232,204.68230784070482,202.58570215913105,196.5529772706937,189.52279066086072,186.7139291933555,186.7139291933555,186.7139291933555
natural_user5_trial_02_participant,0,4.32,4.32,,70.46443758412781,11.195382757974732,5.805790195454068,193.24058506909856,42.43193771882453,288.25786503381903,3.01,4.49,0,0.223,--undefined--,--undefined--,240.42168639957197,239.59306104302945,214.31235628033593,212.07582632317641,208.39312054269155,204.929713030149,201.2814131324356,200.81426270651815,197.7677791182154,195.3012835929979,193.31098010683783,193.31098010683783,193.31098010683783
natural_user5_trial_03_participant,0,4.62,4.62,,69.95843315841459,11.302126694075353,6.4396454891960655,209.42898515834375,38.282316690458515,285.5705982948541,3.46,4.90,0,0.204,--undefined--,--undefined--,258.3956485468671,237.30670629363158,241.98991709510437,234.67912213021972,230.0409488794191,227.4889810886745,224.11004755013508,221.15336418426003,219.21344969726024,214.20853658006982,208.97139621763546,208.97139621763546,208.97139621763546
natural_user5_trial_04_participant,0,5.94,5.94,,70.18514078199867,11.255128488785395,5.84838929166167,227.53533123885992,27.036716938857435,327.9863159548785,2.86,4.23,0,0.236,--undefined--,233.03087915536375,231.20596832400105,241.53298014065803,238.97963203319657,240.32733199665608,235.4537935185476,231.7865571992551,232.07069484199835,229.18742558104398,228.28653487682936,227.3758811978433,227.3758811978433,227.3758811978433,227.3758811978433
natural_user5_trial_05_participant,0,4.44,4.44,,71.52284983592727,11.07581841978292,5.617388029927607,207.73886179372246,43.42575317851663,312.52614416352156,4.05,5.74,0,0.174,--undefined--,218.3183652657509,222.41412102903587,217.89172219598868,228.207014271181,229.770393682672,225.63313245687905,225.1907600513656,222.31436641243002,213.45683813843843,211.53228758509152,211.62510341487024,208.1153300032223,208.1153300032223,208.1153300032223
natural_user5_trial_06_participant,0,4.26,4.26,,71.50965952216828,12.925015347700848,10.627124924863107,225.02895502328377,40.77100855963119,317.3990348540398,2.82,4.26,0,0.235,--undefined--,161.18242336608577,256.3312585050985,252.81719059322347,254.05320899781336,253.444659282539,245.16155923204417,243.25847102185858,241.55219568779276,238.01492869048582,233.3309455271475,224.56620493344306,224.56620493344306,224.56620493344306,224.56620493344306
natural_user5_trial_07_participant,0,5.94,5.94,,70.99512155279771,11.33323852395019,7.11674216179783,207.6185421779117,39.72795600500469,322.20976640463664,3.54,4.53,0,0.221,--undefined--,242.59618061579616,268.8303629502738,261.92709466689604,245.8226741845199,237.74168013580467,231.8436942705199,230.00710377514332,225.29148564972346,219.995773646693,217.1374449317965,213.60310843787943,207.88105985674397,207.77833886522885,207.77833886522885
natural_user5_trial_08_participant,0,3.36,3.36,,71.16634978987548,9.188209869997667,7.166679623645126,216.63849754927057,26.32036905693453,271.76992031799887,2.08,3.59,0,0.279,--undefined--,--undefined--,--undefined--,245.40454509051287,246.94233592645716,245.5082389019755,235.69663055735037,227.00060272053096,224.60076347248452,222.10798692102227,217.14685792795686,216.74321322526615,216.74321322526615,216.74321322526615,216.74321322526615
natural_user5_trial_09_participant,0,5.04,5.04,,69.78857684715052,11.419158406060351,11.336894073462982,207.3188992361662,41.03260026912174,278.49081011693767,3.17,4.63,0,0.216,--undefined--,--undefined--,232.93510632728982,246.29997737137748,237.7336672774725,234.9573229110256,231.05037365801817,226.80039576419563,221.91751945529805,214.69783670106662,207.04523341071874,206.52277678619936,207.71643527997475,207.71643527997475,207.71643527997475
natural_user5_trial_10_participant,0,5.04,5.04,,69.93757635546439,9.847757012586431,10.319850149008596,217.67964988241715,45.850124101221354,336.4338433964112,3.37,4.94,0,0.202,--undefined--,246.6326029150357,257.52083877611324,246.73963234796594,236.97361085863312,227.83427673554527,220.26206488314017,218.15691103335917,216.83168931618113,216.53581307783935,216.32498414759658,217.8995088865407,217.8995088865407,217.8995088865407,217.8995088865407
natural_user5_trial_11_participant,0,4.8,4.8,,71.38705712506868,11.910017039395742,7.201872509123697,210.718733373563,34.957966684483786,293.3685389696752,2.29,3.93,1,0.255,--undefined--,--undefined--,263.6218825271164,263.8189168469377,251.70395265518968,237.82635873465065,231.5326692950434,227.3131083017176,224.453508685141,221.25921664901557,216.53315361102383,211.28516224404288,211.28516224404288,211.28516224404288,211.28516224404288
natural_user5_trial_12_participant,0,3.9,3.9,,71.56560543686395,10.42341186531775,10.44628292464868,234.49478494721183,48.28846170581591,346.91837208486834,1.54,3.91,1,0.256,--undefined--,--undefined--,250.81223802088437,296.59013703593354,280.18588562371303,268.84980238268054,259.5408049483737,247.0459024738273,246.04125503207337,235.49202037364245,234.39004348325213,234.39004348325213,234.39004348325213,234.39004348325213,234.39004348325213
natural_user5_trial_13_participant,0,2.94,2.94,,72.78240905427364,14.248761298389665,13.754683808256429,246.08871240275107,24.286328927041016,302.8842655799456,2.72,5.15,0,0.194,--undefined--,--undefined--,254.0437262209387,247.23249256959792,241.4602498731627,243.99339203495558,249.7627091100041,241.26372663468138,242.09759520058836,244.08937367944776,245.99150595194826,245.99150595194826,245.99150595194826,245.99150595194826,245.99150595194826
natural_user5_trial_14_participant,0,6.48,6.48,,68.6880580774993,14.610737589103955,10.921754893150624,216.97646824685967,31.921491728373137,279.4760588000509,3.09,4.79,0,0.209,--undefined--,--undefined--,266.53757248006315,252.8400118816197,244.69189120476307,232.9921687158725,226.589265630046,222.92937034358297,221.927539875946,220.4321832962945,217.02128985143983,216.69077063107528,216.69077063107528,216.69077063107528,216.69077063107528
natural_user5_trial_15_participant,0,4.56,4.56,,70.68284809450401,11.130165166767066,9.63312112772101,204.7876473137413,34.704297894305796,304.96302186004294,2.63,4.55,1,0.220,--undefined--,236.3868137624326,251.76201146889866,233.5676938610199,223.01218580906777,217.14077431390336,214.35470323806928,206.38558901609986,206.38558901609986,206.38558901609986,206.42804906505242,204.83600446108542,204.83600446108542,204.83600446108542,204.83600446108542
natural_user5_trial_16_participant,0,3.78,3.78,,72.76291114493253,11.272549098145575,9.993460045145854,216.53082679339775,27.241769353809126,284.0854175126425,1.85,3.65,0,0.274,--undefined--,--undefined--,252.61180296886042,249.3767715213761,235.0717932673413,233.63691144114182,230.29899066455437,228.48162480305692,225.05831983863,216.4363641544662,216.4363641544662,216.4363641544662,216.4363641544662,216.4363641544662,216.4363641544662
natural_user5_trial_17_participant,0,4.08,4.08,,73.86131096832207,12.527885903724647,10.25357163773651,204.1114420660461,34.15409855180834,334.7088712928003,3.43,4.65,0,0.215,--undefined--,--undefined--,272.92581967535295,251.89504194246285,235.30319991026502,228.3631639663829,224.87529553337671,219.4252888702859,216.75129932739296,215.9620310629475,211.630678999154,207.9774272220686,203.68820508677638,203.68820508677638,203.68820508677638
natural_user5_trial_18_participant,0,4.44,4.44,,72.48520391481489,11.65792967035728,7.358749784690591,218.92119265801483,30.992681849503747,276.28046338864135,3.38,4.69,0,0.213,--undefined--,--undefined--,242.29748804077386,237.3786700844843,245.99811690528094,241.55906487751628,241.48176649350262,230.01979795269634,228.8417528424974,227.36202119582092,225.50536723910713,223.36509799332828,219.32746208727053,218.64975092231464,218.64975092231464
natural_user5_trial_19_participant,0,4.86,4.86,,71.72665297737379,12.994484936458008,10.554447120683708,205.65475837548976,31.19648251318931,270.02264219473636,3.70,5.02,0,0.199,--undefined--,--undefined--,240.73510709304452,231.97952345916767,228.48124581560515,223.84152508151138,221.2901173425889,219.23768166296415,219.36495417541713,216.21806182589208,210.6894135451769,207.0791627807791,205.60698777063803,205.60698777063803,205.60698777063803
natural_user5_trial_20_participant,0,3.36,3.36,,75.18505938283782,11.201424117238984,10.716117051964192,212.4581639949697,33.40486056591829,289.9006392976431,2.38,3.68,0,0.272,--undefined--,--undefined--,229.46601576611812,246.2753103904279,237.32893737791136,236.79076360322475,236.79076360322475,230.08180423224422,224.220510820646,220.11848136938002,218.79124710132453,212.7481195700129,212.5188200336958,212.5188200336958,212.5188200336958
natural_user60_practice_participant,0,2.22,2.22,,60.05923701201647,6.1294197681321005,-0.5570557092431822,204.4042893348032,23.90713602734548,257.37300057739606,0.90,3.68,0,0.272,--undefined--,--undefined--,--undefined--,--undefined--,--undefined--,--undefined--,--undefined--,--undefined--,200.80225207502505,195.12484355755652,203.5667086000292,203.5667086000292,203.5667086000292,203.5667086000292,203.5667086000292
natural_user60_trial_01_participant,0,3.54,3.54,,65.49916674873167,10.385373265756499,6.632612403117224,175.96004728883045,38.17372667702809,242.44234904427861,3.39,3.88,0,0.258,--undefined--,221.45507719523923,228.32181556465864,223.48306838741837,216.88374465814087,215.26822650629296,208.7854341994428,200.65003567874257,198.36863168510848,196.3315113223435,192.3315075334478,188.61776176159435,183.28453843580752,176.03334842630406,176.03334842630406
natural_user60_trial_02_participant,0,4.32,4.32,,70.44235140763749,11.046899299636147,4.197500206079221,190.470639711806,36.15906606326991,264.8364149862974,2.78,3.66,0,0.273,--undefined--,--undefined--,225.0147306013967,226.48578806679242,224.7771496374345,224.6154956172655,220.60346656162412,212.7793191289194,209.51869508870257,205.16237554946454,201.1033872287664,196.58676679912867,192.67030138829224,192.67030138829224,191.20669256401828
natural_user60_trial_03_participant,0,2.04,2.04,,69.65402969698236,9.394201087527538,7.122991526555498,197.0350320660479,33.05376339084541,240.2425742448374,2.94,5.60,0,0.179,--undefined--,--undefined--,--undefined--,--undefined--,223.83613248031926,229.52686540605117,222.39029622578224,216.73978422114322,211.09630800487562,205.95514816666176,205.95514816666176,202.06689769889508,202.06689769889508,202.06689769889508,196.48319548586323
natural_user60_trial_04_participant,0,3.9,3.9,,70.67413889080542,9.143761550618432,7.880852090763355,179.84229776258843,32.19103382023481,258.0055516886418,3.59,4.08,0,0.245,--undefined--,--undefined--,224.6825809477551,216.8026570241195,209.95813751991955,205.94690280825802,202.17128179658766,198.0027613624522,198.0027613624522,195.44608400281166,192.0359447691157,188.17043385220245,185.95471533054905,184.37379262019343,180.2582749902124
natural_user60_trial_05_participant,0,3.54,3.54,,71.26811525735751,8.488460631835553,4.940346972946813,193.78845943244463,35.82577513572771,315.3378840295113,4.24,5.42,0,0.185,--undefined--,--undefined--,--undefined--,231.78304179184468,221.3817575822557,222.63375502052463,222.78998994053893,216.21812301376897,207.69278637941554,205.55291768884257,203.92493951820742,202.61792403940356,199.8061008860566,196.7201021355407,193.78806770128426
natural_user60_trial_06_participant,0,3.36,3.36,,73.76390209053233,8.83990545573974,5.910261642978591,193.9338243819635,42.01834525059414,263.58585002894796,4.46,5.17,0,0.194,--undefined--,--undefined--,231.93916536610843,227.38613394353828,232.11134938360394,230.3733940943262,224.39854042035805,219.37595163262105,217.34270894008677,214.83554930266814,211.24591966623737,204.5921397597993,201.29924051462842,197.4438708344189,194.08866610264946
natural_user60_trial_07_participant,0,3.96,3.96,,70.62311435353777,8.791118136725233,7.069289189985778,179.8298682844488,33.0957516378222,236.03760721584436,4.55,4.55,0,0.220,109.81923231554858,167.33017053508232,211.84786565108578,209.485973993951,205.52288587616465,201.0092698171154,196.10545455766245,195.42816053114333,190.9476620896086,189.4267850975822,188.9379675134584,187.42454218416512,185.93242375225145,180.33460466324988,180.33460466324988
natural_user60_trial_08_participant,0,3.36,3.36,,72.87316989320765,7.9430495666150955,4.916663835542298,197.47551914610025,30.604473757976493,271.34016910258305,4.46,5.86,0,0.171,--undefined--,--undefined--,234.88750396503792,239.96447465474967,231.07291635167905,222.77963760873615,219.11520208739427,214.00367711452347,212.52576495210386,210.58587441905635,208.52535942464257,204.71532223252268,199.19895652489498,197.88647089388806,197.88647089388806
natural_user60_trial_09_participant,0,3,3,,72.80031610606065,8.593341358599929,3.007751627709701,201.0842929153084,22.97009070969716,242.80338816158692,3.00,3.51,0,0.285,--undefined--,--undefined--,228.87076348680702,222.48709824530124,227.94341260864488,221.29600649402917,218.11876476418487,215.56222132883437,212.9797929124278,209.71293674274827,208.18165296377913,203.3715641033402,201.0243871642269,201.0243871642269,201.0243871642269
natural_user60_trial_10_participant,0,3.3,3.3,,65.35984970673792,11.697214855618265,7.979247234805673,199.0038216819786,35.52531048518922,274.82335831723685,3.64,4.23,0,0.236,--undefined--,--undefined--,227.71952375674832,236.71593857372605,238.90805710874824,234.37191123654907,229.25935454505887,224.98303103080448,219.64108310861565,212.52144162340784,210.80507830938012,207.83149944349933,203.78086688747757,200.9290855668389,199.1840746605986
natural_user60_trial_11_participant,0,2.28,2.28,,65.83497749253573,8.016950184105115,5.278924844758186,201.3523516959374,35.399300703113,270.2151510174355,3.51,5.32,0,0.188,--undefined--,--undefined--,--undefined--,226.86662097317353,242.02254913862993,235.9169783996215,235.9169783996215,230.20173149256286,222.22268637092574,215.79970123675432,213.48955175915768,205.4722786081789,201.37732994321237,201.37732994321237,201.37732994321237
natural_user60_trial_12_participant,0,3.6,3.6,,62.11840413320311,8.873534816580623,3.9512509484212015,187.7959196985518,27.80457608717176,264.99459218605233,3.33,4.26,0,0.235,--undefined--,234.49036164750788,232.71091517675148,211.0192838888822,208.42359327516525,205.22082485718533,207.3894501651427,201.97499209021893,199.63160276094519,197.52785087217796,192.7557858329554,191.3563304356311,187.85786575368226,187.80385810964992,187.80385810964992
natural_user60_trial_13_participant,0,3.18,3.18,,69.27808717438948,8.852379780607091,5.112498667731043,190.03758168456423,40.74822330844965,249.91591454372715,3.14,4.08,0,0.245,--undefined--,--undefined--,236.48348106326753,224.7925822659951,223.32874851735443,220.944007947681,208.0429359011248,205.93362774650427,205.16792471018505,201.55027627956753,199.0636203296386,196.6063035228403,194.7425903019986,189.79677463193013,189.79677463193013
natural_user60_trial_14_participant,0,2.7,2.7,,68.0289017281444,10.554811359134249,6.37952347710981,211.73528489250637,30.656761296242056,283.1688697435528,4.81,6.35,0,0.158,--undefined--,257.27301309285303,268.76892588124576,249.24678526301037,249.219699245691,243.79535029601445,232.93571189871173,227.0902352346746,225.61803549950264,224.7181819328199,221.83362557466262,216.49575711005295,211.61634500336547,211.54270988692906,211.54270988692906
natural_user60_trial_15_participant,0,2.4,2.4,,69.52657940292981,10.18392047864317,2.356195427592197,205.61939836318606,29.460986815327093,257.5346963643872,2.50,4.17,0,0.240,--undefined--,--undefined--,249.70185537156277,246.5872729874766,243.02418155608478,239.38500049885104,238.2310214608094,227.67458112965815,222.47986276451414,216.24670941890588,208.54785586226203,205.7733551493911,205.7733551493911,205.7733551493911,205.7733551493911
natural_user60_trial_16_participant,0,4.14,4.14,,69.53576340414998,8.088133908403176,3.030626432063324,191.346481536963,45.34366274120228,296.95762770953286,4.83,5.76,0,0.174,--undefined--,207.26410908311064,250.91969563570456,242.17605580317422,232.40826348515088,225.97078003168332,221.52768851838215,214.17813997487954,210.27751159419213,207.94113122525238,204.4663206251338,202.24048214895657,196.4128430123772,190.7310861479001,190.7310861479001
natural_user60_trial_17_participant,0,2.22,2.22,,71.32090181548678,9.154799395631024,3.6746953754259106,199.76289838562258,39.77475141102643,270.36272982370116,2.70,3.37,0,0.297,--undefined--,218.31326993319226,233.24398009932176,238.97576135837355,230.91125855935502,215.37057697871,215.0148451889628,209.8504083494593,208.57658749020723,207.75078038592858,200.62340652600753,199.63520169203898,199.63520169203898,199.63520169203898,199.63520169203898
natural_user60_trial_18_participant,0,2.82,2.82,,68.68577102743691,7.926877133266028,4.678553728549459,187.57118868886096,52.5726628861165,346.0443053822919,4.61,6.02,0,0.166,132.4562063507579,172.4813833539316,220.60789230887084,222.42412645909084,216.86894119364135,209.93638773076103,207.37544965676318,201.78635404920843,200.49537850013454,192.3677377177671,186.6827685269628,186.9295238391683,186.9295238391683,186.9295238391683,186.9295238391683
natural_user60_trial_19_participant,0,3.36,3.36,,67.7350151456853,8.046649471960093,2.8826347835789634,172.04391897540603,43.918125290088895,274.5040818364584,4.46,4.46,0,0.224,143.3893372724419,158.97873179543174,196.83301997820791,196.70768958420956,196.72533110949774,196.14188781436263,194.79700075700373,193.49213791861416,192.4479181867211,191.6969781430891,184.81211334237838,179.50845879674026,172.8072108971875,172.8072108971875,172.07593258444626
natural_user60_trial_20_participant,0,1.92,1.92,,72.78935662041738,8.752557754671518,3.4401928126448036,194.3093935368339,57.851350433666845,341.4590521466181,3.65,4.53,0,0.221,--undefined--,341.4590521466181,259.02703758387116,247.66858295864364,247.0999100477777,241.36368213661333,232.5030477005765,224.30808385906147,211.59449390119372,211.59449390119372,206.09482531125073,194.8467984874184,194.8467984874184,194.8467984874184,194.8467984874184
natural_user61_practice_participant,0,5.4,5.4,,69.3840197664349,15.971324900730645,20.46892545421493,227.13271267868282,25.614888366095027,336.2553677091869,2.04,4.71,0,0.212,--undefined--,--undefined--,230.4525094034239,244.34836480211703,238.96890585883347,232.2981308433541,231.85321116663792,227.44388649171168,227.44388649171168,227.44388649171168,227.44388649171168,227.44388649171168,227.44388649171168,227.44388649171168,227.44388649171168
natural_user61_trial_01_participant,0,5.7,5.7,,75.62946334172453,19.47582262027104,19.848660420025254,233.4239383793565,23.980587321298003,297.1968126497094,2.98,3.89,0,0.257,--undefined--,245.16804560903967,260.9989350972313,247.38060517302574,249.11688875679053,249.05043159915297,244.2985749975375,240.7794157097372,238.60490720212084,236.5473727220134,235.96334370867967,233.19427616964174,233.59734848732876,233.58512029814915,233.58512029814915
natural_user61_trial_02_participant,0,6.06,6.06,,73.15246585021401,15.715145347035934,17.16830111147242,220.43515898352595,24.196661293724024,364.5979697731268,2.64,4.44,0,0.225,--undefined--,261.0263495925265,250.80729102911982,234.62962237489032,228.49483646678826,227.1654859848133,226.06607201573158,224.4753358026342,224.4556712235783,221.79833261815145,220.44401633361406,220.44401633361406,220.44401633361406,220.44401633361406,220.44401633361406
natural_user61_trial_03_participant,0,5.1,5.1,,72.41209474814367,17.099736439512583,18.048655944745157,236.34907501140984,35.36012042829867,335.038596454933,2.75,4.53,0,0.221,--undefined--,--undefined--,257.0038879542136,281.7053061524346,268.58271224811125,263.97623978618293,257.61698040286063,251.06060387291186,243.81745945742693,241.66409453348126,237.2454684751916,236.63765651760698,236.63765651760698,236.63765651760698,236.63765651760698
natural_user61_trial_04_participant,0,4.92,4.92,,73.1337715312734,18.748567538547203,16.64912397729084,235.4504953807236,31.42963306884863,337.6506757493475,2.24,3.56,0,0.281,--undefined--,--undefined--,277.01345565751654,290.59168021554814,272.70451900654984,266.23450449110226,249.25761798386506,244.49990127688108,244.42562372924334,241.41815662718514,235.80247262210648,235.37670555162083,235.37670555162083,235.37670555162083,235.37670555162083
natural_user61_trial_05_participant,0,5.1,5.1,,71.68469457484272,18.832990069455725,19.075764107039205,235.53435989665655,24.3941166394174,331.7558781208817,1.76,3.33,0,0.300,--undefined--,--undefined--,276.00832131399574,254.3500700372379,247.65416320655257,240.60091988429716,235.7380449595181,235.6200771135381,233.75083754947363,235.13224973173376,235.4969808221968,235.4969808221968,235.4969808221968,235.4969808221968,235.4969808221968
natural_user61_trial_06_participant,0,6.06,6.06,,73.27290362987044,20.511828896007042,20.826230765388573,239.55987401314607,27.714504906051822,368.4397888073334,2.64,3.98,0,0.251,--undefined--,--undefined--,263.4519531943915,260.6766474411878,254.03865854744328,247.72439725630014,242.3074859367939,240.70381142695902,240.78011862762654,240.082982243383,239.33690015920965,239.619194162847,239.619194162847,239.619194162847,239.619194162847
natural_user61_trial_07_participant,0,4.14,4.14,,70.01655908511637,20.013896007079772,16.005256139644196,244.30159622048453,28.13262417436581,341.2887737710496,1.93,2.81,0,0.356,--undefined--,267.8481855514576,257.4453341967312,272.156414752959,266.4007607265773,255.9403605773797,249.08962146399801,247.1129956244243,246.1466375617278,245.17937809004806,244.97901999785435,244.37898216605294,244.16272338164904,244.16272338164904,244.16272338164904
natural_user61_trial_08_participant,0,4.8,4.8,,71.18622180843249,18.599642892336572,16.222993971468487,256.57689647630815,35.54756346580133,367.91776343983815,2.92,4.35,1,0.230,--undefined--,252.8836965539646,252.83623977360622,264.1018314342674,264.32202466720526,264.03755567874487,262.38092281536024,259.8220775621642,261.3680713120164,261.70370796967796,260.22242262458946,256.13658210648174,256.25673142773434,256.25673142773434,256.25673142773434
natural_user61_trial_09_participant,0,4.62,4.62,,72.82093411809466,20.01200120829187,17.89341337068302,248.83948238349615,33.176057236028754,366.81506654543523,1.95,3.06,0,0.327,--undefined--,--undefined--,269.64211975333376,276.4510813053435,267.4375476531261,262.3878909420629,259.5007440323224,254.76661292145215,252.2405486171695,251.27689356048467,251.0378620557474,248.84321189950202,248.84321189950202,248.84321189950202,248.84321189950202
natural_user61_trial_10_participant,0,3.72,3.72,,69.41086713301604,17.315208763081785,13.609694873295403,244.53113326959632,35.62742264031615,363.24537881775984,2.69,4.96,0,0.202,--undefined--,--undefined--,256.7702423517868,275.86890745543457,258.28317684427486,250.58713939666214,249.72319703704392,250.33992235560984,247.30548883471533,246.3200266767842,244.38021613541642,244.38021613541642,244.38021613541642,244.38021613541642,244.38021613541642
natural_user61_trial_11_participant,0,5.28,5.28,,70.60794321386759,16.73319250910969,15.960747422117091,249.32578635403715,26.754578675605643,325.04864351167396,3.41,4.79,0,0.209,--undefined--,--undefined--,277.65984854255976,276.2565250455174,265.7185184904131,258.7273276618127,252.69386731357048,254.9257254198658,258.10640292746143,256.2975359656009,252.5333605483832,250.32489662294367,249.44117038516754,249.44117038516754,249.44117038516754
natural_user61_trial_12_participant,0,5.7,5.7,,71.59864477404295,19.30678661638254,16.194901684896283,237.01646098150658,33.80945514985882,327.35221683557205,2.46,3.63,0,0.275,--undefined--,--undefined--,308.09587494540983,269.5856461505345,249.47722003836608,246.77118510359824,243.65432621186974,242.00710942983687,240.81267936796476,239.1616215231233,238.6957665006328,236.32205880167146,237.53790308796695,237.53790308796695,237.53790308796695
natural_user61_trial_13_participant,0,4.92,4.92,,74.95476105312582,17.117250034415402,16.98870932534507,226.18424871341225,39.70363237776926,292.088780439432,3.46,3.92,0,0.255,--undefined--,--undefined--,277.3119714567426,269.8976257543173,254.5696198391328,250.14795249453053,245.9052375373831,242.79505928748281,240.8209019154667,239.94132415985473,240.08733752640217,235.05367430159586,229.83816254428712,226.54473689415022,226.58949941390927
natural_user61_trial_14_participant,0,3.78,3.78,,70.84390099854421,13.812899727416763,12.29215241220132,248.6383737495979,36.377906260139895,338.00249942992144,2.38,4.36,0,0.229,--undefined--,--undefined--,--undefined--,321.25278521641764,286.97272597530394,282.1649955203131,277.84855428155726,264.4902690703133,257.69555709597176,254.95091819883524,251.02714732940152,248.37096194911211,248.37096194911211,248.37096194911211,248.37096194911211
natural_user61_trial_15_participant,0,5.76,5.76,,74.44339711116532,20.27636491690941,18.783830690132646,242.40467959239155,25.52071155490772,334.88503126719945,2.60,3.46,0,0.289,--undefined--,264.5350165985339,287.5097869094999,270.2134221265579,264.84156104822523,256.70889293636003,252.01376308457338,250.59704529663907,250.1040994498939,246.48013794292459,244.68464010864034,242.68440644282208,242.193069659208,242.193069659208,242.193069659208
natural_user61_trial_16_participant,0,4.98,4.98,,73.37145042319044,17.648618987607026,18.67470935861935,241.4364718896086,27.465105985515162,330.2682974895606,3.41,3.94,0,0.254,--undefined--,270.4752869039446,273.62945148279096,271.36712611029725,272.01172135895445,268.71492666654603,262.810425823504,255.78661881394024,252.55357663080974,247.29280814860277,244.3247706094413,242.52048328551643,241.5162017550293,241.6135960707497,241.6135960707497
natural_user61_trial_17_participant,0,5.28,5.28,,74.28941086922177,17.74936550374067,18.017187850380633,245.45515617839814,27.55615299766101,350.970312870416,3.22,3.70,0,0.270,220.1777251585632,267.9923525156324,262.998373418408,258.0799816404094,259.0683687970551,264.2267386018971,261.2332626793587,259.01188693232723,258.5612276707912,253.22382577056837,250.76667096517843,247.97527507945085,244.9044247773038,245.1172344319813,245.1172344319813
natural_user61_trial_18_participant,0,4.8,4.8,,72.32989056426614,17.547606139539592,16.772142007237537,233.71649799259518,24.484730786298964,311.50280887801176,2.92,4.23,0,0.237,--undefined--,254.66544360294012,271.47328333946285,262.2490081788531,254.76875280432924,246.90443670510933,243.72229431288136,241.49727401764233,239.88182240957875,237.91888799176493,234.74199982540594,233.79924482775985,233.79924482775985,233.79924482775985,233.79924482775985
natural_user61_trial_19_participant,0,4.98,4.98,,73.80498187599943,18.144559961677462,13.758390781041626,256.17867200486916,35.511431067393886,336.54403425083746,3.01,3.80,0,0.263,--undefined--,--undefined--,268.9185814575874,286.66193560848996,289.26544768115934,282.61528614568783,273.47723656521873,269.5294384427618,262.5971901126414,258.1229163871214,257.9232402122979,258.0585001832502,256.52945608767607,255.647676677339,255.647676677339
natural_user61_trial_20_participant,0,3.3,3.3,,73.0486808057832,17.738061343815616,19.123850739959803,247.3627273401775,25.75405535499357,300.95675425586325,1.82,3.57,0,0.280,--undefined--,--undefined--,--undefined--,249.0834544902304,246.02625115980837,248.77799823620188,265.195038710304,263.7714049194379,253.01807299629218,250.79198428416902,247.69418750211528,247.3840541606906,247.3840541606906,247.3840541606906,247.3840541606906
natural_user62_practice_participant,0,3.48,3.48,,71.6421065973089,13.08886139385173,15.147810256340586,223.61714259307567,64.86228914802959,304.72656524291494,2.01,3.77,0,0.265,--undefined--,--undefined--,--undefined--,245.30716933651735,262.2506689716881,269.6427632435479,258.79510112352216,253.04958608320695,234.5122929109277,223.0374642312576,223.0374642312576,223.0374642312576,223.0374642312576,223.0374642312576,223.0374642312576
natural_user62_trial_01_participant,0,5.52,5.52,,73.2350844324547,14.050551554566322,13.082853677389766,235.2981600322195,29.146084105721542,370.3669795737289,3.62,4.50,0,0.222,--undefined--,280.9043829962644,261.2137466087181,254.74656599879157,260.8201854070655,251.05175022409253,245.48662262988861,245.9061490319918,244.07576679370362,240.2011310923189,238.59411022526012,236.61738863520364,233.9685936928895,235.11680734841747,235.11680734841747
natural_user62_trial_02_participant,0,5.1,5.1,,70.32889403289239,15.624875300373974,10.107927082628667,238.98813896571434,40.95667762179321,345.96505134090376,2.55,4.39,1,0.228,--undefined--,--undefined--,320.6262550532348,297.7041606444269,270.6636416632458,263.7860046528659,260.71699387063825,259.694501272015,254.42300777310703,245.72977859974839,239.46584167659867,238.42422899183475,239.22560195613679,239.22560195613679,239.22560195613679
natural_user62_trial_03_participant,0,5.4,5.4,,70.7583775402068,14.084504650361781,12.349964678225048,226.39200069949138,48.81608675734923,318.8745302279698,2.78,3.94,0,0.254,--undefined--,--undefined--,281.8266799600624,277.9652543009955,278.42721900730163,269.38932771969843,262.96653509643403,255.23411996511356,252.03187937496122,245.63761972559683,243.1112448043614,240.11809948510898,227.76839914910482,226.36490928480015,226.36490928480015
natural_user62_trial_04_participant,0,4.38,4.38,,70.77296168236494,12.514408307872685,14.051623799223849,234.13686502223632,44.396011731573395,367.6260821257936,2.28,3.42,0,0.293,--undefined--,--undefined--,--undefined--,280.084154622032,259.53071135686145,257.87179492966715,256.8625481688774,255.12547076796338,252.3758909580794,245.21847101532862,244.38371192865577,234.92486305345693,234.35845273458153,234.35845273458153,234.35845273458153
natural_user62_trial_05_participant,0,5.52,5.52,,70.6867468098042,13.87541744177931,14.815441716444553,225.23896976470138,33.99915615253774,365.21471938155,3.62,4.66,0,0.214,--undefined--,--undefined--,259.8750613091335,256.3487427882818,248.68200709162022,244.06393732181112,240.27099480007172,238.37375624048704,234.96321531143957,230.6475543130187,229.45914779720732,227.7565591402063,225.63064560254253,225.63064560254253,225.63064560254253
natural_user62_trial_06_participant,0,3.78,3.78,,70.63814227994293,15.645102150819064,18.252470737266705,244.02055937082702,25.11794122965273,292.8613628224385,1.59,3.05,0,0.328,--undefined--,--undefined--,--undefined--,263.01959802028637,264.9780682699951,244.8445215402616,252.5626815082485,255.2269548819627,243.66362379735764,242.62315290502832,244.00150271338018,244.37446597286836,244.37446597286836,244.37446597286836,244.37446597286836
natural_user62_trial_07_participant,0,5.04,5.04,,71.58032590701731,14.661383640582978,12.200407612970501,235.8607712537715,29.6043354583524,319.7653407609029,2.78,3.84,0,0.261,--undefined--,--undefined--,277.3118105714903,273.33749358853174,267.46116984068846,252.38729370086153,250.85327026965143,249.08924756429727,245.65255246215773,241.41993197170515,238.91807358001975,235.89732276250024,235.86047166461165,235.95680247237934,235.95680247237934
natural_user62_trial_08_participant,0,5.34,5.34,,71.88877871857832,14.943131699871016,12.60538464704078,240.82513947425826,31.026789041378944,349.2123732058376,2.81,4.49,0,0.223,--undefined--,--undefined--,281.165111198657,268.8564715056098,253.74986556156702,255.94798947807155,251.2063359583296,247.57862097891478,244.6123059417834,240.21741327023125,239.20724519064493,240.91359053722763,240.91359053722763,240.91359053722763,240.91359053722763
natural_user62_trial_09_participant,0,4.56,4.56,,71.21703512197874,13.181315980837015,13.516480503163846,216.58076274369387,43.79587060806794,271.9986661683579,3.07,4.58,0,0.218,--undefined--,--undefined--,245.19253534928873,255.14100084326077,245.9274099236219,249.52494430812413,243.09260363574447,238.17464642559145,236.5522135322944,236.61177213427055,233.35954047054315,228.9430074310171,216.52593584609787,216.52593584609787,216.52593584609787
natural_user62_trial_10_participant,0,5.82,5.82,,74.57341050788223,15.03581690474701,17.416901505547823,239.87044593345433,39.78026776943914,347.25194095318096,3.09,4.29,0,0.233,--undefined--,--undefined--,258.99442742981705,267.8038362855001,256.3343226264744,254.135495488709,254.25441703973715,258.29689351513935,256.5263252413742,252.88546453861014,251.1197166658844,247.23048832823864,241.11530973163303,239.80718738833605,239.80718738833605
natural_user62_trial_11_participant,0,4.2,4.2,,73.05476801308903,14.63761219809007,16.255883601362275,220.3479813248592,57.55834905057141,366.35936009717824,2.38,4.06,0,0.246,--undefined--,--undefined--,--undefined--,261.62220833595956,265.7471065448374,256.6184602242526,256.6184602242526,252.28541768111873,244.22621326501653,242.56563195083814,236.8326751065478,220.55018343348513,220.55018343348513,220.55018343348513,220.55018343348513
natural_user62_trial_12_participant,0,5.22,5.22,,72.35727677402566,13.973657639643292,13.530118092999677,231.9319729856183,40.150148920292786,314.70660560955054,3.26,4.70,0,0.213,--undefined--,250.43983309848034,255.39545173723127,280.65549625062357,266.0884267775695,258.39995598828966,254.91318560308824,247.585650896166,247.413859139517,244.4935081509574,239.9276803837579,231.6573391252941,231.6573391252941,231.6573391252941,231.6573391252941
natural_user62_trial_13_participant,0,5.76,5.76,,72.94538317446465,15.803086076092244,13.437273772927607,259.9032879780969,30.288088692699397,341.40239921703267,2.43,3.40,0,0.294,--undefined--,--undefined--,282.0394403093655,268.57217449490895,271.8440914679134,263.55398930306626,262.6712996254058,256.7427034683237,256.7427034683237,257.3669491941268,258.5189381836494,256.5980797706779,260.1846042876198,260.1846042876198,260.1846042876198
natural_user62_trial_14_participant,0,3.24,3.24,,73.31730608409607,14.254861154143295,13.723437337667011,255.25889591760526,40.817768416457575,365.8067757672109,1.85,2.98,0,0.336,--undefined--,--undefined--,253.29854186344573,278.20772407741214,270.37540487305864,262.06806600144506,271.6657269110724,272.595293818758,265.5185033130504,265.1587265234096,262.4441538780857,255.10342134056614,255.10342134056614,255.10342134056614,255.10342134056614
natural_user62_trial_15_participant,0,5.4,5.4,,71.68161982046581,13.97740392568958,13.937744806881902,241.79898762326272,28.427442914291948,359.63138774572036,3.15,4.90,1,0.204,--undefined--,--undefined--,258.8606090469638,251.42371920510521,248.80792388815092,256.8843996168696,255.0567131205529,249.99165005743214,247.63457937216802,250.16689353523333,250.06526737848884,246.0211469347866,242.32275232983784,241.8619793373083,241.8619793373083
natural_user62_trial_16_participant,0,4.92,4.92,,71.78235873639647,14.097700738630616,12.972576189133067,234.52117792622846,36.80055284340455,341.77721843655985,3.25,4.67,1,0.214,--undefined--,--undefined--,255.64728169876057,283.4270156153761,268.8366416918104,271.7660726720432,262.32677289326006,252.09247017285995,248.061420044438,247.03073691390375,247.03073691390375,243.02036737764973,238.2859683496646,234.3008784810692,234.3008784810692
natural_user62_trial_17_participant,0,5.76,5.76,,71.78163165337178,13.562310976494143,11.856357661010193,239.47712974992362,42.34727940958849,369.6682847901745,3.65,4.90,0,0.204,--undefined--,270.1019745174361,254.34700185197616,281.81799864785205,271.7526057742191,263.89689026791393,259.609898025442,259.0302452625917,254.1098874817577,249.14499226126708,247.62480252436131,239.5694194996119,238.84292980183614,238.84292980183614,238.84292980183614
natural_user62_trial_18_participant,0,4.86,4.86,,73.34553251635154,14.300627543411457,13.990627469219401,241.90376586893305,29.990881407039893,340.256809108378,2.67,3.44,0,0.290,--undefined--,249.84526918684418,283.6845697004449,281.7785909926836,263.93663832685166,260.0966938800227,256.4403651139876,252.7780261815128,250.22940931427442,250.54331984304707,248.48349799271045,244.93421709664017,241.74973953407326,241.74973953407326,241.74973953407326
natural_user62_trial_19_participant,0,4.02,4.02,,72.44032297660058,14.89790614789875,12.484768081724454,241.67205354540295,32.81870826252471,336.9246853966798,1.99,3.18,0,0.314,--undefined--,--undefined--,252.34503334508653,274.39252926719024,276.1292167387788,265.68366770614267,255.34394762097853,254.53321275237784,250.40686040735937,247.8332856984268,246.84616298252874,241.47242104120727,241.47242104120727,241.47242104120727,241.47242104120727
natural_user62_trial_20_participant,0,3.9,3.9,,72.21740188267056,11.223345279143038,10.014753270042211,228.75316347345182,57.07982958093774,336.28036275266123,2.05,3.85,0,0.260,--undefined--,--undefined--,281.77824164930684,278.6537974330795,275.2357174778131,261.0753023845388,247.14409224993227,242.35004200944988,243.1867407292182,232.82882702841607,228.20362281591935,228.20362281591935,228.20362281591935,228.20362281591935,228.20362281591935
natural_user63_practice_participant,0,1.92,1.92,,72.29140937937944,6.723889594903054,7.671507524210622,194.98007905804877,37.97764142616617,243.02468155165522,2.60,3.31,0,0.302,--undefined--,--undefined--,--undefined--,211.54103069609366,219.3600390939194,227.78273713686767,225.0592015279049,221.23869750997395,214.3753493058467,214.05204066251437,206.63555750953546,195.28543969922012,195.28543969922012,195.28543969922012,195.28543969922012
natural_user63_trial_01_participant,0,3.24,3.24,,71.72384978701349,8.438395306774712,9.731053874813751,189.33501811123762,39.67098369337626,253.19686079015707,4.32,6.39,0,0.157,--undefined--,244.15661025720902,242.63981859362326,207.46019200825427,208.8221580731386,210.12358787988993,205.9050623521873,204.46095616490803,203.80895283567702,198.6043395536331,191.80712708055844,189.11129088032547,189.11129088032547,189.11129088032547,189.11129088032547
natural_user63_trial_02_participant,0,2.94,2.94,,72.4193575755148,8.181263358684308,8.18997673457007,224.53534439906306,36.34186336191009,316.017760156492,4.42,5.00,0,0.200,--undefined--,259.399133273013,253.91905964059475,241.65531933593212,241.20733422159503,233.0721905937456,228.50284987691134,222.83275604706492,220.50241008262321,219.83175350448934,217.84419907784155,218.35186044209289,222.3372824292015,224.56069063063944,224.56069063063944
natural_user63_trial_03_participant,0,3.66,3.66,,69.95088549303279,7.711274996124364,9.170044215718221,219.71253385532094,44.06632186054167,331.31572923525937,3.83,4.26,0,0.235,--undefined--,212.67008104906114,228.3837510195106,223.33352680288388,220.62986732730093,218.28801602263923,219.59103914912794,217.45454710006857,217.82581794637147,216.9724069136749,216.3918362986246,215.7293325711813,215.2136931098057,219.67712135227833,219.67712135227833
natural_user63_trial_04_participant,0,1.92,1.92,,68.75008877892891,8.180899857273694,10.462882788811594,200.6591694289348,59.25636007157913,307.01977406197176,3.65,6.16,0,0.162,111.25785417730643,111.25785417730643,108.67321032481824,172.1572770119659,182.00363231568224,201.01682239285574,209.94077506448522,212.9310656316986,212.4247196149993,211.49492597960528,197.28959489459646,199.8799292075351,199.8799292075351,199.8799292075351,199.8799292075351
natural_user63_trial_05_participant,0,1.92,1.92,,66.72052790126426,9.25224181420207,11.5893371728309,222.31905043302478,53.46007074230365,320.90799167160145,3.12,5.28,0,0.189,--undefined--,--undefined--,250.280696329491,249.53129538824916,251.04439931094126,253.59611529587153,243.3734805848462,236.05780832816396,233.88323149038766,236.16154124208168,216.25651033893524,221.52022413193234,221.52022413193234,221.52022413193234,221.52022413193234
natural_user63_trial_06_participant,0,3.72,3.72,,60.29896275453257,9.110646166595801,10.706384923197952,181.64427152848504,83.88911136680255,349.7613093185783,1.08,3.61,2,0.277,--undefined--,264.2766461378274,262.17408937704784,262.17408937704784,262.17408937704784,254.7934657735509,242.55920815362208,242.55920815362208,242.55920815362208,242.55920815362208,242.55920815362208,242.55920815362208,178.26858971035873,180.9525808094508,180.9525808094508
natural_user63_trial_07_participant,0,2.76,2.76,,71.73411453495146,10.844575877577064,11.003502377364601,219.36927871768322,38.96723785790416,346.26200333475066,4.35,4.89,0,0.204,--undefined--,246.3513915217788,253.7587557111471,259.5263895300163,250.0627448844874,241.04397348339117,232.94048325888502,230.43152713550725,226.1538326264963,224.460117163817,220.42762342021274,216.63866468920241,219.38205888259662,220.11507782249325,220.11507782249325
natural_user63_trial_08_participant,0,4.02,4.02,,68.66148769052367,13.386333371509624,8.579896104892393,207.2849127619393,41.77709357112629,268.30892951958486,4.48,5.89,0,0.170,--undefined--,235.96950343460327,240.96663950145975,240.13787414400693,234.4120040577434,229.14691207096357,225.93973913136048,223.52068149107782,221.03869024530874,218.12039782490268,217.33932225321496,214.20080541846525,206.61986505566725,206.61986505566725,206.61986505566725
natural_user63_trial_09_participant,0,1.98,1.98,,63.776280969411516,9.164444027293989,6.9265071039434565,198.77926073019933,54.61199321186954,308.22865434767743,2.53,3.58,0,0.280,--undefined--,--undefined--,245.2858155900289,241.1382587728023,231.67531359437,229.61053774541116,233.63143068859583,221.83181454135743,215.34998525553962,215.34998525553962,206.9475135981324,194.4192371363986,198.59074994563423,198.59074994563423,198.59074994563423
natural_user63_trial_10_participant,0,3.24,3.24,,70.79810906264862,5.851165568115063,7.331137221393147,210.6413129897435,57.16752716960987,314.6719650887712,4.63,5.82,0,0.172,--undefined--,229.46277513399875,250.25152676078764,245.44221479325668,239.35706101690693,236.69944972271685,229.51666850161928,225.21484370555078,223.12615449679552,216.3569584524886,206.32608761855712,200.54713899856037,210.45858330543663,211.02815503820892,211.02815503820892
natural_user63_trial_11_participant,0,2.46,2.46,,72.0556424633433,10.373685571091189,8.725905316751572,213.3227098994326,20.414532099246152,262.01839178537585,1.63,2.45,0,0.408,--undefined--,--undefined--,237.82882020692543,241.98045598433262,230.75074222640842,227.3433268944181,227.3433268944181,220.9774402155326,218.23820333113028,218.19236361016885,213.6154268469911,213.25570490680545,213.25570490680545,213.25570490680545,213.25570490680545
natural_user63_trial_12_participant,0,2.88,2.88,,67.27185100644184,10.336022880496778,11.018757104913028,206.30750318050764,60.75363078387085,319.9222197496939,3.82,6.06,1,0.165,187.67339912363445,187.67339912363445,213.00132588219125,231.7308243411352,229.97901013046604,218.9718978648109,218.1269758830651,213.0601730402112,220.21814587485812,216.04514417646203,210.91315633753146,205.6504636629911,205.6504636629911,205.6504636629911,205.6504636629911
natural_user63_trial_13_participant,0,3,3,,66.14232078324301,12.15951988669829,12.678925328189552,233.14711868532842,36.243457013080885,333.90008309393045,3.00,5.62,0,0.178,--undefined--,--undefined--,276.7328009062156,271.39322365363086,269.5820672608278,259.43657185641723,247.42313580376813,244.7414719576518,236.90151934394896,231.2319043541073,233.09954602896025,233.09954602896025,233.09954602896025,233.09954602896025,233.09954602896025
natural_user63_trial_14_participant,0,2.88,2.88,,71.3285356429593,10.950367889123095,10.620948787011304,223.34603679701394,53.54984700908957,335.8913251472072,3.47,5.27,2,0.190,--undefined--,261.7220450045854,280.8573106941733,261.6108515572966,252.85868747577305,250.47820480491376,242.9313572857563,240.90899005653034,240.90899005653034,234.71101426069438,234.71101426069438,230.55750311397924,222.60889110116878,222.60889110116878,222.60889110116878
natural_user63_trial_15_participant,0,2.16,2.16,,71.284637746392,10.638382142172901,12.399761370321476,220.4549513414708,55.68094425038473,317.0448641468876,4.63,5.58,0,0.179,--undefined--,245.74349144835477,272.8647853923352,273.42206674615556,263.49043145807116,256.53312660985387,255.41823038827286,247.17507838133162,243.1358536658987,237.71828000108496,237.57307106865113,225.05762478528874,220.2897445103258,220.2897445103258,220.2897445103258
natural_user63_trial_16_participant,0,2.94,2.94,,70.0288642607437,11.993480435513204,15.77647724141599,224.488667437369,62.810748901324786,320.008103664758,3.40,4.65,1,0.215,--undefined--,267.64453043418644,266.99488151990647,269.733322244448,275.325583813065,258.17917399353945,255.18748505543908,253.63979764678265,251.48233469404397,250.3896767643052,236.36183332934158,234.84024298020756,222.13248835612504,227.44196557889103,224.53944814408257
natural_user63_trial_17_participant,0,3.12,3.12,,62.81452040333373,10.80997684823801,9.487426557562454,229.36594775245914,40.00056053262612,331.67830830046574,2.56,4.76,1,0.210,--undefined--,258.4160775003714,257.52654030110943,257.15082477719557,253.28939210112156,243.53132569238235,236.13709437435674,232.9350235467582,235.6280361131353,232.49955079943953,232.49955079943953,230.98823834576717,230.98823834576717,230.98823834576717,230.98823834576717
natural_user63_trial_18_participant,0,4.62,4.62,,71.33112910834251,13.257371793849712,13.432132631302283,225.1787426030666,45.970374730011414,363.1773912636521,3.68,4.71,2,0.212,246.9389360068498,245.51979914695792,260.41322459251273,254.6443187445072,253.9228734851823,244.6495573165517,234.13265174392012,227.95321842971322,227.15866256366138,224.17252037093323,219.8800577196588,218.5951408002283,224.36011235687207,224.64457384461164,224.64457384461164
natural_user63_trial_19_participant,0,3.6,3.6,,65.27051504114931,8.687731452116958,12.404573780569333,226.7041372490575,54.37043157608111,339.70399850009346,2.78,6.51,0,0.154,--undefined--,--undefined--,256.3907291296406,241.44182954725756,225.2922839295328,224.2633882155524,222.65183579736143,218.68211797026373,220.5663424929742,220.5663424929742,220.5663424929742,225.90149173757553,225.90149173757553,225.90149173757553,225.90149173757553
natural_user63_trial_20_participant,0,2.34,2.34,,72.03717250667418,8.58048784258007,3.4162330735591135,217.3903334716044,36.55888950926814,301.9433427969109,4.27,5.12,0,0.195,--undefined--,--undefined--,267.3961018119135,274.03675937617845,263.60482777620774,251.20931692703428,234.7818073844842,226.28817980227296,226.28817980227296,225.31707882176593,224.49699078176894,220.8813828826097,218.3859332289479,217.42046335606048,217.42046335606048
natural_user64_practice_participant,0,3.78,3.78,,66.25474874074992,11.70567793406941,17.632891995318886,244.79938656899543,24.607066262110184,297.3020126793902,2.38,4.36,0,0.229,--undefined--,--undefined--,--undefined--,--undefined--,256.99609924650184,263.2441648941859,262.355887126728,255.55692831958854,253.9705650904046,253.2621874290629,245.31250542909186,244.6842323795427,244.6842323795427,244.6842323795427,244.6842323795427
natural_user64_trial_01_participant,0,4.98,4.98,,72.08450538620362,16.592125605853024,16.18705608650368,257.6192785968053,30.391504768023662,343.22497891991424,3.01,4.69,1,0.213,--undefined--,--undefined--,269.2533989480149,284.626351438478,289.14864039338653,276.57462534192416,272.2991503900285,260.7357492395357,261.72849068971647,261.25547050973574,260.5384284398012,258.1930924020294,257.55352104499224,257.55352104499224,257.55352104499224
natural_user64_trial_02_participant,0,5.04,5.04,,70.85555178510292,13.178766668224398,14.45873297477355,228.63730048074362,41.27505463861418,363.63237825770887,3.37,4.50,0,0.222,--undefined--,259.73150851548303,235.23562137461454,258.50349459221394,241.08186739047312,241.09857450252312,237.2937573880867,233.20585301612002,233.48135421412925,233.64231131040816,232.09474103749832,230.15595833729773,228.58662139137624,228.58662139137624,228.58662139137624
natural_user64_trial_03_participant,0,4.08,4.08,,71.33828629164634,13.746518905924649,17.841550846898258,229.95566602222476,21.9929789270226,288.9364113576124,4.41,5.57,1,0.180,--undefined--,260.92013034196987,243.70714954884193,249.39428631641988,248.66452127056016,240.13827607670723,238.86072030638374,232.16860800445804,230.2874590287974,234.77973795972534,234.0522073983925,232.18310343092253,230.05246243722218,230.0265456593591,230.0265456593591
natural_user64_trial_04_participant,0,3.3,3.3,,71.80591251661565,15.477151233237459,15.81544944083467,235.70315072324286,35.052839756131306,348.02014793689847,2.73,3.96,0,0.252,--undefined--,--undefined--,--undefined--,249.72222033160295,271.9362315197403,268.7538003674867,262.54611950323357,251.61498132670258,246.43428386978195,246.43428386978195,241.28172569631965,240.72002824825128,236.71593764656825,235.78683021245683,235.78683021245683
natural_user64_trial_05_participant,0,3.48,3.48,,72.40252921645545,13.439986161495042,16.548980340694865,235.53958693528904,29.434232225806582,324.8183208914931,2.59,3.91,0,0.256,--undefined--,--undefined--,249.1328386441362,262.02627333368326,266.80597282065025,255.61443424921828,255.61443424921828,253.62888642002636,246.22249465871985,242.90057037328512,240.38456675778355,236.96923055794304,235.64339409119648,235.64339409119648,235.64339409119648
natural_user64_trial_06_participant,0,4.38,4.38,,69.49511890525488,11.638100751396179,16.086794510138425,234.9427779524311,28.776861830553937,312.2233158625693,3.20,4.35,0,0.230,--undefined--,260.50732029073686,266.34565118666364,271.58414803421647,256.545336956613,246.1672469346531,242.26407943807124,239.38651481147676,238.0030363173155,236.78248766605563,234.60043054787315,234.6313245460974,234.6313245460974,234.6313245460974,234.6313245460974
natural_user64_trial_07_participant,0,4.02,4.02,,70.52996009783571,13.23972864374611,12.951573620095525,221.8113620521706,33.78026973151609,344.53911279372693,2.74,4.14,0,0.241,--undefined--,229.59679610789587,236.56843618537778,270.9378193737912,252.7509947887119,248.8807705670654,239.48021462725472,234.7584103983377,231.84290268623306,226.9306460746863,222.40926056146438,221.50285699718296,221.50285699718296,221.50285699718296,221.50285699718296
natural_user64_trial_08_participant,0,3.48,3.48,,71.28278434064566,11.620813319242087,14.373677825222162,224.34352558156377,28.562292633621745,309.50502261137564,4.31,5.06,0,0.198,--undefined--,--undefined--,294.61273731618354,271.7428204458387,252.3992100734431,240.14441358390317,235.6428584272473,233.81961808767076,230.49160510554486,230.271962915672,226.15462117383922,226.4966210432032,226.8669361408153,225.60998463573708,224.794573952865
natural_user64_trial_09_participant,0,6.72,6.72,,75.14636899974016,13.162978978964427,17.067752163347862,248.9568902807854,34.23913385747176,365.8663511944616,4.02,5.37,1,0.186,--undefined--,262.4979418398981,271.051845784361,265.13717364304483,263.64431295373333,266.18447070173363,266.18447070173363,265.9134408760925,269.82373698881713,260.5023473874838,257.88275124944636,254.6601643455976,252.58136945014328,250.10289763598604,249.2162887709575
natural_user64_trial_10_participant,0,3.48,3.48,,68.40150438048681,11.448129358867236,12.714596762291784,232.95382929731136,44.61727034844365,341.94447299979674,2.87,4.14,0,0.242,--undefined--,--undefined--,236.7556651654141,262.38075503787627,280.6702976459631,261.3259407509779,247.8910602470806,249.62063401785872,244.92950570557187,244.92950570557187,239.87340671229543,238.4478548571452,232.26545965422673,232.26545965422673,232.26545965422673
natural_user64_trial_11_participant,0,4.86,4.86,,71.32258651038929,15.779628929095448,19.543494513838333,224.56627622143117,37.00981626146731,331.8688972924884,3.29,4.20,0,0.238,--undefined--,275.3002673380044,295.82354181734354,271.07077925584883,260.6765043020102,247.54849603823476,239.1572361446596,235.91052118776886,233.37676221586452,229.17482623273693,227.41741926691924,225.0079729927716,224.56335623488266,224.56335623488266,224.56335623488266
natural_user64_trial_12_participant,0,4.8,4.8,,71.86096181303446,15.592648001912371,15.377545786587849,235.6795698595772,30.47536225049771,310.351600031,3.33,4.46,0,0.224,--undefined--,--undefined--,275.62247975769907,279.3681311131285,268.5370406596623,258.8639122493242,255.78252102737352,249.30067305832873,245.05053539725563,241.3765678363258,238.7157995134527,236.8092040349928,235.66668889606123,235.48233098640407,235.48233098640407
natural_user64_trial_13_participant,0,4.98,4.98,,71.25753248919052,13.709665094311351,16.599095517805008,243.1362072012773,34.577767541770754,353.6828089510595,3.41,4.39,0,0.228,--undefined--,--undefined--,271.2159182252235,275.13628904055975,282.4621429042037,267.996992147379,257.62044478647834,256.3096623488494,256.75842221224616,254.2020320983066,251.28505946946078,249.1847468869307,245.96924559359,243.08293170575502,243.08293170575502
natural_user64_trial_14_participant,0,4.14,4.14,,71.83507381421607,14.33450413681843,18.450939191502098,248.95367357016698,38.14685948881566,348.55078456830853,2.90,4.39,0,0.228,--undefined--,--undefined--,273.9405682930886,305.63168731334656,290.8919919109489,282.7958707531513,276.3206286542553,269.28094607202155,262.4554812283632,258.03674481650603,254.09144060448278,249.39925761169997,249.39925761169997,249.39925761169997,249.39925761169997
natural_user64_trial_15_participant,0,3.78,3.78,,71.24248293384144,13.618335191423329,16.544180412257912,241.33054977672123,24.763403061157053,320.2434268883179,3.17,5.10,0,0.196,--undefined--,--undefined--,--undefined--,291.84013307954774,273.9617829319926,266.06118820063836,256.52947085152374,249.5442393855162,246.533614406799,245.67109975720865,242.61547931628945,241.56192723620853,241.19363293786574,241.19363293786574,241.19363293786574
natural_user64_trial_16_participant,0,2.4,2.4,,72.66164299284196,13.307247729259478,18.905022640064168,247.78030863472662,31.11050181120406,308.47478347099616,2.50,3.33,0,0.300,--undefined--,--undefined--,--undefined--,268.5777363306309,252.1991750865071,257.8231749644354,258.6334212467765,273.1185601739118,271.23746794360966,259.8715405553141,255.91902809499376,252.2765256624663,247.9289136034971,247.46958228031423,247.46958228031423
natural_user64_trial_17_participant,0,4.5,4.5,,72.98918979505264,14.7993249529738,17.63106902298184,234.66652179779894,27.994210758534614,338.5048662987709,2.89,3.89,0,0.257,--undefined--,283.00301909123885,297.7165472498208,262.2153219076129,254.01221072154158,257.2075767819182,246.21851299760309,241.89612615695793,239.5364746226067,238.92526268435108,236.57443669784152,234.96576991621126,234.64913497900582,234.64913497900582,234.64913497900582
natural_user64_trial_18_participant,0,2.76,2.76,,74.91894518564551,9.685702306114848,14.056517349911195,239.24080600448457,39.400130888427675,300.30257312463857,3.26,4.04,0,0.248,--undefined--,--undefined--,--undefined--,288.31024562773166,273.8853262524435,264.58458457175743,261.7335666676283,254.49559749431063,252.22681095141894,248.95506295366266,241.76996039432183,239.95527371626466,239.10001185661025,239.10001185661025,239.10001185661025
natural_user64_trial_19_participant,0,4.62,4.62,,75.68114557290284,14.5680476335668,16.54127191483475,236.28857190471857,36.6453887696016,320.97781643202006,3.25,4.53,0,0.221,--undefined--,--undefined--,278.5923198337961,286.5500535153427,263.34268491799196,258.39512443732156,253.28299519912093,252.83526179027814,250.70866655900454,240.87215048752333,240.13437996140823,238.25075036742768,236.65450248049325,236.65657312034125,236.65657312034125
natural_user64_trial_20_participant,0,4.62,4.62,,73.96808644761873,13.851139117620884,18.165507725626576,228.79497561306346,20.00033955975741,279.2368635588259,4.11,4.71,0,0.213,--undefined--,--undefined--,250.07254207950106,255.36202462361055,249.14882894584215,242.18906696881962,238.52513893282116,236.57510609190916,234.23627096066713,234.7302059964279,232.8296684498629,232.0640428287582,230.13626967258972,228.92322279390527,228.66328565760648
natural_user65_practice_participant,0,3.06,3.06,,69.14359939980456,13.688768681499027,22.806741971664554,214.0999801859438,44.248463577916006,325.3965507007393,2.61,4.20,1,0.238,--undefined--,220.28408776816087,180.46547713144562,195.4263106409232,198.14661471141636,200.23782134903428,203.2736886429872,203.2736886429872,205.8034184906843,210.71874867930157,213.85670650943962,213.85670650943962,213.85670650943962,213.85670650943962,213.85670650943962
natural_user65_trial_01_participant,0,3.36,3.36,,74.93040221651385,13.803620185301597,12.639710601758287,208.93379395483115,34.93130594530519,276.6705687875896,2.98,5.25,1,0.190,--undefined--,--undefined--,220.59304259296738,224.27436946862116,223.32392604350494,223.32392604350494,223.32392604350494,220.3513714230084,220.11419209353156,216.467298126259,214.44723598579557,216.7511788772961,208.87816846075626,208.87816846075626,208.87816846075626
natural_user65_trial_02_participant,0,3.9,3.9,,73.55749478309696,13.890151313465887,12.872597457138284,203.60389041984072,33.80248284057355,264.66365879003354,4.36,4.84,1,0.207,--undefined--,--undefined--,228.6668058070419,221.5291551034651,221.2520852069711,218.058015690154,217.58247699676502,214.97007782613977,213.8903021768244,210.83215411258576,208.37398364172816,204.07678507888042,201.2016045811,203.36243092383364,203.36243092383364
natural_user65_trial_03_participant,0,6.12,6.12,,63.41904394084313,10.621997270030626,4.853177371294671,206.55496790409717,63.221583362107886,352.7757240394904,2.94,5.56,1,0.180,--undefined--,230.51182180113895,220.83818273406342,206.1761648290553,200.2568042198418,199.76174220697263,196.75732615564098,205.8158148047702,205.8158148047702,205.8158148047702,205.8158148047702,205.8158148047702,205.8158148047702,205.8158148047702,205.8158148047702
natural_user65_trial_04_participant,0,4.38,4.38,,70.57639236910423,11.682349315569072,9.261728368835213,190.45372536872404,46.17041904435882,311.69100535934336,3.65,5.38,1,0.186,--undefined--,239.52696242937967,222.9450308140158,218.37791940607198,222.93503494312466,218.89115047069768,214.73529455090198,202.700743850877,197.62204164881211,190.23214873732982,191.64774234395452,190.5954021355105,190.5954021355105,190.5954021355105,190.5954021355105
natural_user65_trial_05_participant,0,3.12,3.12,,67.45169997039687,11.689845202235436,8.877577789719126,209.56773658423046,25.76096140826345,294.27311145079466,4.81,8.30,1,0.121,--undefined--,--undefined--,227.82067615061564,226.02364191069955,223.97108902946565,231.93603261727506,224.21780294881887,220.59962215370163,219.27620389957,218.02242413344513,215.19000142013326,212.25405653814477,209.68887935668627,209.68887935668627,209.68887935668627
natural_user65_trial_06_participant,0,3.84,3.84,,74.75259203791884,10.901892292582039,14.168575454745255,191.56964338561457,51.25540516636627,340.45693893876614,3.12,4.19,0,0.239,--undefined--,--undefined--,227.1985552473031,220.52246290023538,218.99229144557074,217.59364441634762,209.02812871086488,196.28410737012453,198.20288409537272,194.72372466778742,194.39349059870912,194.21142118152648,188.93640565054835,191.70575493512655,191.70575493512655
natural_user65_trial_07_participant,0,8.82,8.82,,65.44247251227902,10.85551440691091,5.797627054520377,200.16154572257625,35.247722113319625,267.3295767426153,1.13,6.01,0,0.166,212.33489646840226,204.5264669952591,200.58425191748248,201.63133001999944,201.63133001999944,201.63133001999944,201.63133001999944,201.63133001999944,201.63133001999944,201.63133001999944,201.63133001999944,201.63133001999944,201.63133001999944,201.63133001999944,201.63133001999944
natural_user65_trial_08_participant,0,3.66,3.66,,76.59425856099216,13.92567344614571,19.84442535148579,204.61619077804485,48.700365254598445,327.6361922975898,2.46,4.61,1,0.217,--undefined--,230.9699012433426,239.34924420025098,241.07314830002238,232.99384246102815,224.43045688303383,220.78366666816024,218.96692329695176,209.66586940205073,209.27725800337038,203.347030030048,202.1625515839185,204.0797749106204,204.0797749106204,204.0797749106204
natural_user65_trial_09_participant,0,3.54,3.54,,70.81054245454727,11.450797930678243,16.11601245943516,195.0355013652071,38.5213721889558,250.00092524029805,2.54,4.46,0,0.224,--undefined--,--undefined--,227.25011965180698,228.9109687718047,227.7273837261002,224.98782462417617,216.77824740975362,213.15911053704957,206.65402380504577,202.18247427142722,194.72911901625008,194.72911901625008,194.72911901625008,194.72911901625008,194.72911901625008
natural_user65_trial_10_participant,0,5.04,5.04,,74.31512193916564,12.440245186464404,12.105765921159772,192.27908989247578,46.35130846268104,340.3108922284063,3.37,5.39,0,0.185,--undefined--,--undefined--,--undefined--,--undefined--,97.53393599796273,209.8111753385398,209.47596993055683,212.48230678291603,211.5991737094626,213.08346668311657,209.92006829737664,205.41906566623214,202.69642441254683,192.52625250877097,192.52625250877097
natural_user65_trial_11_participant,0,4.92,4.92,,69.63926449794491,11.16630259198801,11.421080546215476,203.65095145800078,42.75543341019424,357.05093485394957,3.46,5.77,0,0.173,--undefined--,227.45467707823013,210.92494041755253,213.42091614015433,212.95474175373766,211.2103532921404,218.03981555756843,212.86852461681443,205.33191078232178,202.76908733577017,203.90213877878642,203.90213877878642,203.90213877878642,203.90213877878642,203.90213877878642
natural_user65_trial_12_participant,0,4.08,4.08,,71.43563449566933,10.908329098494178,14.204033998091088,181.28276679833937,60.944781937832246,336.56701085262944,4.90,6.61,0,0.151,--undefined--,--undefined--,217.7021859914292,222.71942234833284,222.17102016702503,219.1584288896109,223.4831865262929,208.79854792296962,197.5723949371003,196.85453272073826,188.7573390539882,187.22070147020298,181.91150311336642,181.53090286486295,181.53090286486295
natural_user65_trial_13_participant,0,3.72,3.72,,68.89466337069355,11.215591187202012,17.5069047041493,195.50572197410085,30.526931849623967,260.8802477955602,3.76,5.57,0,0.179,--undefined--,--undefined--,--undefined--,234.39829144485722,234.8764385148985,224.72340838979622,217.02252811046105,212.28576492622904,209.95806166184187,208.98918320305825,208.230438923158,201.49762137119973,195.4494827213319,195.4494827213319,195.4494827213319
natural_user65_trial_14_participant,0,5.4,5.4,,69.79859547411151,9.848776691207553,9.579757223645275,183.69428983928935,45.15356566971358,341.4170069608317,4.81,5.78,1,0.173,--undefined--,213.2610714635126,220.82167061774513,213.94518070679717,205.7624063910808,189.79301182351583,185.9410767408402,186.77390711385172,187.52809952133498,188.50238335827703,190.1403018095748,190.00255692727075,190.22196014303395,186.8858006750591,183.57731447174353
natural_user65_trial_15_participant,0,3.36,3.36,,68.68399134840489,11.18992009028502,8.113407668088128,201.57498155458032,37.78996156072382,364.71228286807604,3.87,4.68,0,0.214,--undefined--,--undefined--,229.2891636871314,235.32849466011888,223.67522628303556,217.39859334237715,207.74697186302427,205.59005384043138,210.83660683861186,207.13050572811252,202.87596847278218,200.85699524788114,197.59589213642704,196.07171004535695,200.86040214130378
natural_user65_trial_16_participant,0,2.76,2.76,,74.68068045920656,11.35675297549943,2.9811375536343614,198.8669942999456,54.51744664496573,324.7058296903832,2.90,5.81,0,0.172,--undefined--,--undefined--,246.54118511969708,224.03303358182816,222.1749460976366,215.95789955108654,214.40058896812235,215.53530468456938,221.5017372174315,206.7688350585006,199.77073310266212,199.77073310266212,199.77073310266212,199.77073310266212,199.77073310266212
natural_user65_trial_17_participant,0,3.78,3.78,,74.42143270315248,10.279890887456302,9.365101392157413,203.8293156859814,52.85660079207723,345.6076821217486,4.23,6.49,0,0.154,--undefined--,--undefined--,216.83197292033572,222.80203655757052,217.52774338513566,216.23494485797437,214.74431354134606,212.07748765531477,192.28569460857113,191.7708390928116,191.55750729217215,199.57424879699846,203.27576388924427,203.27576388924427,203.27576388924427
natural_user65_trial_18_participant,0,3.18,3.18,,67.84123750046517,10.525102906970568,17.058654874381403,167.6037467259506,59.245632682521816,285.32465552572677,3.46,7.39,0,0.135,--undefined--,--undefined--,214.02185570818784,211.97198153050454,170.39142247708222,176.79460171918726,172.1940836725481,168.83727787093966,167.5639703265409,168.16355402493298,168.16355402493298,168.16355402493298,168.16355402493298,168.16355402493298,168.16355402493298
natural_user65_trial_19_participant,0,4.08,4.08,,71.3858799550011,10.565336486192967,4.598809086253937,188.17158740387734,43.19410316852401,291.34520292795173,3.68,5.48,0,0.182,--undefined--,--undefined--,220.7421894066001,217.3275176598884,200.81712860117744,200.39527125144338,202.02014098785014,198.05645001785476,196.43121021541137,189.0942883715407,187.6628414686664,187.6628414686664,187.6628414686664,187.6628414686664,187.6628414686664
natural_user65_trial_20_participant,0,7.68,7.68,,69.37291830686023,8.79626244807231,13.841112848249438,183.52339479501921,51.01173663359774,280.1885562170301,2.21,5.27,0,0.190,231.37292139753347,214.81811010182042,191.3780955610574,188.47311719426784,188.1381910481346,184.32778181610448,183.97496085514865,183.97496085514865,183.97496085514865,183.97496085514865,183.97496085514865,183.97496085514865,183.97496085514865,183.97496085514865,183.97496085514865
natural_user66_practice_participant,0,2.64,2.64,,70.92213288939536,7.683525652012141,14.403870678763566,173.9213090293214,41.18207421617513,340.4735543238108,3.79,6.51,0,0.154,340.3801567587743,340.3801567587743,229.25841709652283,213.93390532913608,208.46834408862662,203.55872624142538,195.69311272186974,186.74911421726375,184.05264592310206,176.42861587945168,176.00683785023512,176.00683785023512,176.00683785023512,176.00683785023512,174.3178962967999
natural_user66_trial_01_participant,0,3.78,3.78,,73.72039591093794,11.878593782987082,15.278142384604312,173.45844078715933,25.440302548920577,236.56091225467426,3.70,4.89,0,0.205,--undefined--,--undefined--,215.9807617937099,205.16277401050615,198.9291398677204,192.63897799925164,184.77969595499027,182.9527763614775,182.6940184912217,178.29808391319042,175.2821111231787,174.60475927619993,172.8048814432301,172.8048814432301,173.50662331120293
natural_user66_trial_02_participant,0,2.52,2.52,,72.3317249726848,9.760682098124336,13.476571683548,180.20309460920504,40.696767384485426,341.26986856766666,1.98,3.55,0,0.282,340.5651147475015,340.5651147475015,340.5651147475015,340.5651147475015,180.695013590632,203.25145098426435,185.12646259537306,176.8309572878525,176.7160975110997,172.46006680116818,171.99937278001138,178.3667200306223,180.02328171284503,180.02328171284503,180.02328171284503
natural_user66_trial_03_participant,0,0.54,0.54,,64.07456329594538,5.4755216739835815,18.394056268807248,179.4948106306181,14.696426834972,196.71987626889782,1.85,1.85,0,0.540,--undefined--,--undefined--,--undefined--,186.35774978776323,189.8086961672302,190.90647757004487,187.57936948976698,182.16952743782966,182.16952743782966,182.16952743782966,182.16952743782966,182.16952743782966,182.16952743782966,180.6358487588169,179.3275836480757
natural_user66_trial_04_participant,0,2.94,2.94,,74.67634740642937,10.543964064964811,13.748918740135373,193.22128917630235,31.06091464388255,262.95311217902577,4.76,6.25,0,0.160,--undefined--,196.27259294466896,214.42099061290793,220.32707760909605,217.82655593006155,213.80573525796888,205.99128633541727,200.4091357633274,198.67958610000701,196.49286731049494,194.53747222058598,194.88804835276113,193.0373325950385,193.19704477705608,193.19704477705608
natural_user66_trial_05_participant,0,3.12,3.12,,75.17960747797457,13.369119750056926,10.780774276464571,193.51732117893945,29.93790354615285,253.13157605693118,3.85,4.26,0,0.235,--undefined--,220.4717395088565,226.50899423104067,226.24530145125175,215.3037662952143,210.83342915278183,209.90547459358592,207.63989378340943,205.73085294090015,203.46811965551584,198.05974316107643,195.6271055838696,192.68329730513344,191.96603730137463,193.2055659470109
natural_user66_trial_06_participant,0,3.6,3.6,,76.2483885989881,12.655427983833619,15.480816191226335,192.95630897866027,27.068175395258468,279.51556045297326,3.33,4.08,0,0.245,--undefined--,202.8407785792425,216.76495070205067,218.62805994392426,214.78409156337523,215.45342762030864,212.91990132852294,206.47763729988296,203.31339304488472,200.6070729251283,195.91719124419018,193.17335215991258,193.17335215991258,193.2289002137916,193.2289002137916
natural_user66_trial_07_participant,0,3.42,3.42,,75.13277994782068,11.497024693998183,7.6710360982892025,185.10609729423206,41.56625418628082,300.07478835422614,4.39,4.92,0,0.203,--undefined--,206.11086767855258,232.22762701559057,230.029785637539,225.5489087022407,220.83149373410959,214.85040988728028,208.14715510321855,202.29597969746672,199.41608457015053,197.698362744298,191.07800809086044,188.12093968842524,184.96768245546016,184.96768245546016
natural_user66_trial_08_participant,0,3.12,3.12,,76.32972841296566,12.321369103660471,14.164199572821992,185.91458523410776,30.561108687804694,259.8812934726498,3.85,3.85,0,0.260,--undefined--,217.2581683937731,231.44600694318098,217.6182498528799,209.36702124449113,200.7712514510402,196.91743532203708,192.7931001065542,192.51694897325856,190.60999198421192,190.60999198421192,189.30336891690058,187.26817000607602,185.83554147414642,185.83554147414642
natural_user66_trial_09_participant,0,3.48,3.48,,76.47243626803547,10.28881613571904,13.443303434761159,179.4845458259823,48.74969769391969,360.60406029523824,4.31,4.88,0,0.205,--undefined--,197.8663300766174,204.1293863189606,206.12033930501465,199.62855601143397,197.8036693200094,193.77254672821118,187.495268425066,182.80695092938137,183.62777461960124,184.70386643159762,176.48588130350643,174.6600015410844,176.74723196106555,179.77885038381632
natural_user66_trial_10_participant,0,3.6,3.6,,75.2296948982019,13.453689550332127,11.382238584798001,189.05679921772304,31.720135677949393,320.2192782056676,3.89,4.83,0,0.207,--undefined--,271.01305326045645,233.33594894180064,220.68577469232545,218.09406903370189,208.4351973898894,206.898803737092,204.3259857046793,199.96928036161157,194.99027697489225,193.74553126861827,189.23211475829504,189.01669594010107,189.01669594010107,188.72985840447237
natural_user66_trial_11_participant,0,2.82,2.82,,73.32543294597534,10.980490556324222,12.35568140351943,165.72593868386812,34.9383729349129,343.238596475699,4.26,5.20,0,0.192,343.20007620197515,343.20007620197515,255.44904178075916,209.17762572683196,203.50855274709764,194.85360994474942,188.4194355752383,183.0716483148763,180.2374067836865,174.98523144481643,175.60160614858705,172.11790568433327,167.20376972320094,166.31745966177033,166.31745966177033
natural_user66_trial_12_participant,0,2.76,2.76,,73.87730126239708,9.745320694815616,14.694914297978194,179.06265510102762,48.50244705321802,340.31626628150656,3.62,3.62,0,0.276,--undefined--,164.38712634185342,154.0981568291404,184.65871653750008,186.3719511982469,187.76804780923155,186.7339421570507,184.2094895287216,183.20143620222643,189.59969729302603,188.4355061161084,184.71629869288554,179.90618771542864,178.96872439904914,179.7587710700547
natural_user66_trial_13_participant,0,1.68,1.68,,71.46128841979655,11.83573212204117,15.6580723848687,199.87895099745182,37.614966283911656,346.6137117412853,3.57,3.57,0,0.280,344.1595446629476,344.1595446629476,281.51215746534893,242.2553988575463,241.43654401402708,226.52116490034922,226.82926569354737,227.45451558195472,221.87174378459196,212.48567187839384,207.47891341425125,202.11734128695488,199.77693492260343,200.11019735859725,200.02222576613923
natural_user66_trial_14_participant,0,3.06,3.06,,74.35251937842719,11.593263714408717,12.50604218948413,221.07400866580002,54.418659478268104,329.58137702635383,4.58,4.58,0,0.219,307.46153118551484,300.01426546738475,275.1025465347586,255.0147004076526,247.8657822806884,248.81874890829636,249.1933007649428,247.43180731449957,245.60750412143489,243.37641345871575,238.67901499612077,234.77110231320546,226.91732218684956,224.5598118112087,221.18859053004135
natural_user66_trial_15_participant,0,3.48,3.48,,75.75049169345553,9.191833914996678,13.391504815320676,192.81083940457623,57.668953526276546,297.32039324594024,5.17,5.17,0,0.193,284.76358090962384,270.47897372235883,252.11327934176802,249.4542895023159,244.0973895356555,241.13363704252222,226.19885219616106,217.53331446225334,214.11965344050492,210.2630297711186,200.84896040981215,199.67272016929132,196.39494899030223,191.8855807125725,193.6457821412902
natural_user66_trial_16_participant,0,0.06,0.06,,55.058596665228656,2.974941386383943,23.585373278595455,--undefined--,--undefined--,--undefined--,,,,,--undefined--,--undefined--,--undefined--,--undefined--,--undefined--,--undefined--,--undefined--,--undefined--,--undefined--,--undefined--,--undefined--,--undefined--,--undefined--,,
natural_user66_trial_17_participant,0,1.74,1.74,,80.59854612495786,6.679598129723453,10.243120126601408,226.18833431234648,52.75035625727681,341.9630571229628,5.17,5.17,0,0.193,164.75192958129483,154.95711381463124,154.95711381463124,188.05145842547262,202.81020478193673,212.2666615418253,223.98527894088988,225.22773154392453,222.15087689877083,220.90068582573997,216.50186331429717,215.7985310126543,223.09059827068612,224.89051545414532,224.89051545414532
natural_user66_trial_18_participant,0,2.04,2.04,,77.85285684876013,10.781062580552504,12.064266654857887,219.60615463220344,39.83701014246639,300.9380671206607,2.94,3.53,0,0.283,194.0033731381653,179.15589990099778,186.9847404668394,202.24841140727395,216.194945360618,218.52287143532917,218.04424019125602,217.14620029865608,215.0423227261574,211.77803129062684,211.77803129062684,218.4316208772378,219.04194462059144,219.04194462059144,219.04194462059144
natural_user66_trial_19_participant,0,3.96,3.96,,70.50138271274753,14.281072970327418,9.610032359412614,191.51246943092394,34.180674617266426,300.71743958687665,4.29,4.82,0,0.207,--undefined--,220.40384731698322,242.2200046391938,244.9966571418237,240.81223654387733,232.74332567954394,226.01609170782274,218.83922844822615,215.92574988203054,209.84111890919357,203.06967536722368,200.55294263177154,197.52010881193618,193.0453019645784,191.46533162964906
natural_user66_trial_20_participant,0,2.1,2.1,,78.16959556616185,11.821125309242397,12.218890506564781,202.59219251663407,38.04596622874155,287.2369261087507,4.76,4.76,0,0.210,207.50926774030742,188.35254585336645,181.69500941322278,195.8470147529095,210.17777103654367,212.23593983035187,212.23593983035187,210.39726418955485,208.10202881521045,205.78042892955756,203.68205357182202,202.01623038000025,202.95380938174003,202.90903637402107,202.45360350738227
natural_user67_practice_participant,0,2.7,2.7,,71.10791332730147,9.808728716376045,11.453320556832123,211.15983038523436,46.35854614344641,282.60196665874224,3.33,4.07,0,0.246,--undefined--,--undefined--,254.35470073354594,235.5493314427598,236.79491241778945,239.98956440887684,235.9709615550151,231.51924064857997,229.35407484485052,228.5725661209405,221.44944653831115,214.62773160910615,212.64030022952826,212.64030022952826,212.64030022952826
natural_user67_trial_01_participant,0,3.9,3.9,,70.6647688978512,11.647237315096074,11.053586540248322,209.07808847852792,23.708676357763558,287.51976222292967,4.10,5.31,1,0.188,220.19802721575417,246.75152565370763,233.98156208050955,223.40082721515606,219.97320874816086,213.7500698108641,208.99030929628745,211.22057351811634,211.29596531459606,209.75976246368023,209.0908820433814,207.40196072040416,209.15755725124515,209.15755725124515,209.15755725124515
natural_user67_trial_02_participant,0,3.66,3.66,,68.79082872637873,12.944260481397711,13.27062439408965,216.96476092975686,52.30287701757287,349.3230594516213,3.83,4.81,0,0.208,--undefined--,254.86217662298236,234.39222416974596,248.02243841509218,241.91511660843108,239.5252501732915,233.98983540253852,236.15019161981576,230.931914488246,230.9590563435403,227.64404709319527,220.3842647699854,217.276657190084,217.276657190084,217.276657190084
natural_user67_trial_03_participant,0,3.96,3.96,,67.51740887848936,11.269964260314833,12.91105183213592,205.02676188022227,53.98832555579894,312.5749422168664,3.79,4.13,0,0.242,246.1607481570681,252.50353025169633,243.77288517301147,249.34476560681276,246.7187934425744,242.203269606776,239.40964885581275,235.8199251178708,228.59385844078446,218.87461302307793,213.96982673271302,209.51203094141073,208.7700975004,205.0402058491061,205.0402058491061
natural_user67_trial_04_participant,0,3.6,3.6,,68.60432456849396,9.518077819493081,9.98182372704023,217.82717740887827,38.19297247628434,291.5743698323496,4.17,4.73,0,0.211,108.90729733887338,255.29979985064386,259.7087823694359,254.83507654774564,249.76727819925821,239.85986327229358,236.86205732411202,234.93836754166605,230.37365494288346,226.5232501385542,224.5694260515401,218.56037547113934,218.56037547113934,218.56037547113934,217.731524400294
natural_user67_trial_05_participant,0,4.68,4.68,,70.2085871491776,13.92633804366453,14.10406341823121,214.78472380585632,43.62226789806166,298.9305095608954,4.27,4.68,0,0.214,215.27439415860573,257.00901224636084,261.83679562240934,255.37738514233737,240.18501032623595,235.79997903732237,231.95101291886525,231.17975285119545,226.28133088061116,226.45315160308922,224.5192227433485,223.2157199837687,219.41647739930727,214.8703946536968,214.8703946536968
natural_user67_trial_06_participant,0,4.38,4.38,,69.11482837911765,13.465619343928106,15.218592670748691,229.8805238753066,36.12310601029817,329.0621808419794,3.42,5.58,1,0.179,236.37529649538052,236.37529649538052,258.65238795862905,261.8239126421617,257.29548154615276,249.73920224588343,244.40876309235514,242.79303395535516,239.32644137948034,239.32644137948034,239.32644137948034,237.6555329153732,232.19600734310467,230.02921313902652,230.02921313902652
natural_user67_trial_07_participant,0,2.94,2.94,,71.12162094070068,14.398101861325184,14.57474445512674,242.83542294298474,27.21233305920883,304.548024458773,3.74,4.42,0,0.226,241.0742260720543,241.0742260720543,273.11142429173816,272.34149281899323,268.7940272076995,269.2393141537826,263.0319640061518,257.67438865321856,256.5907151344919,254.61067287172162,253.911577325765,248.68014623020005,245.00755539410338,242.77328696383054,242.77328696383054
natural_user67_trial_08_participant,0,3.12,3.12,,70.20384749811937,12.3717277336373,10.343342279757572,224.17763322012883,36.860628148773415,286.93797119513255,4.17,4.17,0,0.240,239.93484323750846,267.4296954200779,261.74273684173426,256.8270906393105,251.0697870792344,248.6636697226495,246.3418300961381,244.65441822228138,243.96254955486856,238.27942257702313,236.2086403404773,230.71392580884913,229.1413144647103,224.08501520025564,224.08501520025564
natural_user67_trial_09_participant,0,3.78,3.78,,74.02532302356764,14.328359163717899,9.769913438690411,221.70534399094814,63.471666564759566,304.1310922184616,4.23,5.65,0,0.177,232.69981559797216,232.69981559797216,258.61202443651956,269.9584533571123,269.6662930308978,260.7851743173619,260.53317553944095,256.7094121098591,252.88831009654294,250.63692382577898,248.12464741696732,246.94144285699372,232.19001775160996,221.5583832308571,221.5583832308571
natural_user67_trial_10_participant,0,5.34,5.34,,71.28928509961759,14.500213414846707,10.693193629994617,241.93958238257855,26.67012294976839,307.7149031232966,2.81,3.63,1,0.275,212.68548268416356,269.96854036842836,271.96991828114983,262.6078085224954,260.1690499852922,256.68582188179676,256.61477103357186,254.7268064716158,257.2017038146906,256.88626335885704,252.63926058909848,249.80159654248476,245.51931202837721,241.63883557176314,241.63883557176314
natural_user67_trial_11_participant,0,2.22,2.22,,71.54122504869883,19.3770310119281,20.223426403429055,256.9435117237644,21.355696298424732,298.96291683827155,2.70,3.75,0,0.267,237.11240518329828,237.11240518329828,263.88311303804386,267.2645842992387,268.12265142978913,266.6886306349776,272.1112683480156,269.6008363416744,261.8961463892571,256.7182262833433,256.2251413434942,256.18783514070043,256.8578435885944,256.8578435885944,256.8578435885944
natural_user67_trial_12_participant,0,2.34,2.34,,70.23377232961477,10.456991865782687,11.373253259016916,230.42853101458655,56.34038229991663,327.1402455096117,2.56,4.12,0,0.243,210.9814867306477,210.9814867306477,210.9814867306477,255.8613151153463,263.58611787608555,264.9248120089827,262.59268454807165,260.7886801226864,257.20184157135304,252.6520011337648,252.6520011337648,234.08758597270622,230.229885811328,230.229885811328,230.229885811328
natural_user67_trial_13_participant,0,2.94,2.94,,72.91259988648558,16.915619663122495,6.553554597096275,249.9738278055644,37.915350195404145,312.6050942394959,4.42,5.00,0,0.200,210.75071056974267,246.88205275791026,265.9082939033704,273.9638190545926,269.3536818371474,269.21731311076604,268.3733890582729,271.3546014465702,270.44174623063725,265.44665540618433,260.16095696808105,257.9119678494141,252.10459656338662,249.81198424912156,249.62329183445212
natural_user67_trial_14_participant,0,4.38,4.38,,72.98969198452104,15.005317905731841,9.318289337626958,233.7632182062609,24.620382276276512,298.06347884970035,3.88,4.69,1,0.213,272.04963269821064,260.4180610909738,261.927019476611,251.1728762288825,248.44224180652418,243.02664982939731,243.02664982939731,242.06365259505193,241.88260917744938,241.24626060581187,237.9077696344371,234.51248226914507,232.7461121439546,233.48696927248318,233.5679770648867
natural_user67_trial_15_participant,0,4.14,4.14,,70.95347905568411,14.303027035801936,14.644237377731903,243.29365105996592,29.354525223512706,295.8482283675745,3.14,3.54,0,0.282,238.38345135354336,274.7787748190469,267.7983690022054,269.161034272161,269.6932231088851,266.4223820664871,264.35354616405374,257.670043871365,254.39489607808545,248.6567707827587,246.55441330257509,244.5947846036647,243.61839668464376,243.07624669587693,243.07624669587693
natural_user67_trial_16_participant,0,2.46,2.46,,69.10098601255748,13.332203813036726,16.673367222252388,199.76807930369867,45.765351627591386,264.60519419378414,2.85,4.09,0,0.245,215.09775560952664,215.09775560952664,230.83005343657615,237.86476006857794,224.70432115608816,225.03867139946487,219.72039785943926,216.43553468463736,216.7513895604601,212.715498156073,212.53565326684324,212.37866780178882,200.1841122499508,200.1841122499508,200.1841122499508
natural_user67_trial_17_participant,0,3.12,3.12,,69.59951956058975,11.344298888007577,16.617388332718296,207.71786767728088,38.382284201673265,299.7071882731442,3.53,4.07,0,0.246,106.16387068089894,106.16387068089894,120.26613138438083,120.26613138438083,185.8781462706985,192.96138037259067,203.13456309302617,209.19351943062247,211.31477479763979,211.98760529534775,214.04094981894042,210.02824010803997,206.87727570310207,206.87727570310207,207.54232518429578
natural_user67_trial_18_participant,0,3.6,3.6,,72.25216113955032,16.08579662420362,16.033298884293252,243.06648126352044,43.45672494446952,346.134496728197,4.17,5.12,0,0.195,220.24575252887405,220.24575252887405,248.9217018657389,250.1757227796378,260.2932546549267,261.56143447578273,262.83519079523444,258.8641307717923,258.03998520070746,257.0327758660232,255.63435744043386,250.1634208035973,248.70014792802115,246.00604007397934,242.53916778340545
natural_user67_trial_19_participant,0,2.16,2.16,,70.83550753638183,12.457254198497203,12.097159056061207,229.0868437649368,54.95505337377426,283.7960138521077,3.24,4.13,0,0.242,213.47326048641446,255.41974782187182,259.58138397447334,263.97976095005413,264.37844521745495,261.1976277204249,256.40503623251743,251.04070802854704,249.0575722252106,249.0575722252106,229.966015008173,229.5510833294979,229.5510833294979,229.5510833294979,229.5510833294979
natural_user67_trial_20_participant,0,3.3,3.3,,72.33483868444378,13.572242685548023,13.681444285858094,228.02927066042537,42.79080546011055,306.37953214948016,4.24,5.43,0,0.184,209.39957018631605,262.22826957163625,270.8562380040069,263.5268069693934,255.0609406818541,249.32909815444006,246.82553349582503,245.64340722090446,244.0688358371993,242.90507195794638,241.2339683120159,230.25269509419223,227.0750258617402,227.0750258617402,227.0750258617402
natural_user68_practice_participant,0,4.32,4.32,,68.93505773950137,6.475560871215426,10.092116798714656,189.26590479594248,17.131433614457553,244.84789047357043,2.31,4.96,0,0.202,--undefined--,--undefined--,--undefined--,--undefined--,--undefined--,187.02308467043505,194.84261233897163,191.95071445083846,190.92402819276668,192.78062272690207,191.99710481414274,189.28090440759544,189.28090440759544,189.28090440759544,189.28090440759544
natural_user68_trial_01_participant,0,3.42,3.42,,72.67533841239973,9.761056171407834,13.323833329090233,184.15211955362966,29.292204806054055,261.4164458823315,4.97,6.94,0,0.144,--undefined--,188.0183154188994,199.8790390504986,217.9921263707,207.813286268999,194.23802500231554,191.68303719749107,190.7189595432827,189.55778265443388,186.79774522990607,186.7960247465888,185.094179596505,184.17539061555365,184.17539061555365,184.17539061555365
natural_user68_trial_02_participant,0,5.28,5.28,,71.67654842457888,8.847714403531556,14.602870147214928,183.54999690361387,28.951059337634224,288.2780908159144,3.22,5.31,0,0.188,--undefined--,204.42116337692804,231.13859504448328,206.3815251342935,205.88559985208246,201.19844825973553,195.43590140271775,191.3568564042352,189.02051053466178,186.35346338602398,183.42664024432216,183.42664024432216,183.42664024432216,183.42664024432216,183.42664024432216
natural_user68_trial_03_participant,0,6.06,6.06,,69.44615337477114,7.752487276965033,13.475880916325504,182.03267754836332,30.956768855176474,263.0757791039043,3.14,5.25,1,0.190,--undefined--,195.34524365654562,201.57881994046906,209.7958167653062,198.3091043964443,190.7429454946719,189.42199104766308,190.42115289130663,189.51507564182435,183.96592379272766,182.96099873614608,181.90808763498922,181.90808763498922,181.90808763498922,181.90808763498922
natural_user68_trial_04_participant,0,5.7,5.7,,71.23949941028688,7.988121748656313,11.034287001395642,154.68490781691102,22.593033444108855,227.80445943726428,4.91,6.36,0,0.157,--undefined--,--undefined--,188.6989717538636,189.66678688153522,178.17902642433387,175.96671246605908,165.75351497180594,162.58882143971965,162.80353253972586,162.5519456904067,159.7560612057389,157.4557139354065,155.90151476050212,154.70626217228383,154.70626217228383
natural_user68_trial_05_participant,0,3.96,3.96,,70.38798926269943,7.597842801501968,11.885103781790797,169.24591510175424,42.18881106679038,287.7762810439086,3.79,4.22,0,0.237,--undefined--,--undefined--,232.22209475285783,248.12915018111008,219.86675818911007,200.68487186993244,190.99782915098655,184.05168239092274,180.23900496170137,179.27119976305514,174.8570299764176,169.09513171332833,169.17699855128305,169.17699855128305,169.17699855128305
natural_user68_trial_06_participant,0,3.3,3.3,,73.47118780284917,6.466379502299965,12.876104792686371,181.92565009147225,37.588715748900306,262.29920598344535,3.94,5.93,0,0.169,--undefined--,--undefined--,251.71885387261713,228.33012198541334,228.77170657821054,219.30379913702805,217.19362037600033,216.65422648365896,205.83139565751964,196.90273985666178,188.29110868328954,182.56852727147256,182.56852727147256,182.56852727147256,182.56852727147256
natural_user68_trial_07_participant,0,2.82,2.82,,71.47001430770077,10.235163382005915,18.16263568125928,210.15025716841285,29.756549686089144,262.55985315746886,2.84,5.00,0,0.200,--undefined--,--undefined--,215.78709128501006,241.02111121575183,246.8290197946655,237.4274310459322,226.0060873477868,219.11639876032288,215.0491924811506,210.7851566934719,210.01255059136753,210.01255059136753,210.01255059136753,210.01255059136753,210.01255059136753
natural_user68_trial_08_participant,0,3.84,3.84,,69.42590531218963,7.683445473223555,15.04790438937203,178.8622446782526,28.750579015739316,265.6195488003861,4.95,7.29,0,0.137,--undefined--,--undefined--,--undefined--,215.21253593697494,222.8812054668414,210.30082305761897,206.0477547009194,198.98064170187484,193.71516925652531,190.1689344414995,184.10680217399553,178.3670092988939,177.81822237245203,178.52141309439992,178.52141309439992
natural_user68_trial_09_participant,0,4.8,4.8,,70.6336297083121,8.383015377090912,16.27742203023026,180.7257350357065,37.0582145367934,310.27887751818395,4.38,4.92,0,0.203,--undefined--,--undefined--,245.42026988220306,256.2863483879433,235.3555276999275,215.21987958395053,200.84841581323846,198.19372144890895,194.38501720778092,188.51211426666376,184.0676934191285,180.58498329804272,180.44930173627571,180.64118234297638,180.64118234297638
natural_user68_trial_10_participant,0,3.42,3.42,,66.64484452002002,7.163452819116372,15.740541287215706,203.4576165019486,32.467310383405255,276.40991923327346,4.09,5.61,0,0.178,--undefined--,--undefined--,209.820895385036,236.44061144428133,229.97207357279697,215.4393362275383,208.1856414399708,204.53181596053784,197.7177170602166,193.59462288449078,194.53885737836046,199.73592332842296,202.10826906446573,203.49043618930287,203.49043618930287
natural_user68_trial_11_participant,0,3.72,3.72,,70.89200664185887,8.965626701330757,15.548215681953195,189.2845425877183,29.067379484433477,263.9709252256595,7.26,7.26,0,0.138,--undefined--,216.91160735719092,234.30054379573568,232.91360840116195,221.26570492770412,212.72587186244797,207.22695541853946,201.3267055601275,195.89839540605178,192.22082524013518,189.58672717865497,188.2744877847592,188.9408722140156,189.2300698684929,189.2498764536359
natural_user68_trial_12_participant,0,3.54,3.54,,71.01302861268424,9.59942827262487,15.449337287593828,184.17497718033545,27.733036875928157,270.2639104567555,3.39,5.03,1,0.199,--undefined--,--undefined--,227.93806577684572,241.85909218341425,225.71962296546212,212.15152785425494,203.05702400254017,195.91362219468445,189.34368102544127,185.3562417744759,184.57565958106125,184.38966603554212,184.38966603554212,184.38966603554212,184.38966603554212
natural_user68_trial_13_participant,0,1.98,1.98,,71.24732854489523,5.684200561638245,8.345017259938789,208.84472003563496,57.1825031474272,287.33514474309624,2.02,2.74,0,0.365,--undefined--,--undefined--,--undefined--,--undefined--,247.74901269822962,260.6065748764717,262.1542445475106,228.01275753479746,215.41335668183942,212.23756516230245,210.76979266044623,208.76532498282884,208.76532498282884,208.76532498282884,208.76532498282884
natural_user68_trial_14_participant,0,2.16,2.16,,72.48146373917666,11.291211734144714,13.916143395806206,193.93095693942794,8.074678844154892,211.06104617991096,5.09,8.70,0,0.115,--undefined--,--undefined--,--undefined--,188.75882448891753,191.27168913122816,193.7126426265868,196.87685134053373,194.47420039576633,192.74867526004374,192.41822743268094,193.85079993926814,193.95401511394098,193.95401511394098,193.95401511394098,193.95401511394098
natural_user68_trial_15_participant,0,3.12,3.12,,71.82699699151117,9.66388316981001,13.540276262830195,192.96031359554436,20.926057777209948,239.69925121191957,5.13,5.92,0,0.169,--undefined--,137.98060944988927,162.5543306150711,199.5031233287799,200.5899081973573,200.59904942273883,197.4181611770846,194.8272166322116,193.80820187824472,192.28650649200782,190.85975567875352,192.24023171886435,192.7849750080441,192.7849750080441,192.7849750080441
natural_user68_trial_16_participant,0,3.84,3.84,,72.30332911093397,11.909655677646153,14.64626104229284,217.44654227526195,25.39877959983058,288.88072418668276,4.17,6.33,0,0.158,--undefined--,--undefined--,272.0377555510413,257.701022279629,257.14407161137035,240.97933202976353,231.72001553016716,223.12456947920896,218.61126350034138,215.77452765597832,214.16450461806127,215.30733539669745,216.67163224335377,217.4224136042667,217.4224136042667
natural_user68_trial_17_participant,0,3.6,3.6,,72.0857289738126,8.085784802355375,13.192936452855513,187.70928450155864,27.16485095492113,281.3909488622244,3.89,5.12,0,0.195,--undefined--,--undefined--,213.13488385753743,239.79504463345287,220.89253452473622,212.85738442154639,205.70055613476254,201.6014605594624,195.96998710428497,193.29078007305154,190.0898496595367,187.8250051630733,187.95289455617322,187.94299939897016,187.94299939897016
natural_user68_trial_18_participant,0,4.44,4.44,,71.26833711132059,10.377374198655653,13.343078914330713,203.53642754090336,27.477576139411283,281.85967129536886,4.95,6.67,0,0.150,--undefined--,--undefined--,242.29413742432874,253.0027634886384,242.34451265397993,232.82002623111444,227.34176268940652,223.5529687422946,217.661102742222,212.0965228230209,208.98101189323867,204.80809147294403,203.7271423799914,203.4954349018078,203.4954349018078
natural_user68_trial_19_participant,0,3.96,3.96,,71.65767877208953,8.13404494738992,12.519210381117652,203.97480541443545,31.352090987983182,299.2597010455991,3.79,5.12,0,0.195,--undefined--,--undefined--,232.2326870472596,223.28408313847964,228.95130344823886,234.7178762674873,228.79201790287146,226.04553784312355,219.6831395161159,213.51343892788694,208.47119253808626,203.9971204713737,203.80097649069668,203.80097649069668,203.80097649069668
natural_user68_trial_20_participant,0,3.24,3.24,,72.73197328225721,8.491829568180487,11.092640871239219,183.22168226397582,30.84173770972813,259.9954540673988,4.63,5.71,0,0.175,--undefined--,--undefined--,231.43474433429236,242.77328128260072,228.71365056004228,220.98252528635572,213.22039744260576,207.60831670046937,205.22407900312245,195.93306156070358,189.6677314638364,184.19996298761464,183.34080727928063,183.12479428657994,183.2314175824279
natural_user6_practice_participant,0,4.68,4.68,,61.04677431767274,1.8425042390012305,8.248798975649015,--undefined--,--undefined--,--undefined--,0.21,0.56,1,1.796,--undefined--,--undefined--,--undefined--,--undefined--,--undefined--,--undefined--,--undefined--,--undefined--,--undefined--,--undefined--,--undefined--,--undefined--,--undefined--,--undefined--,--undefined--
natural_user6_trial_01_participant,0,3.36,3.36,,55.997912767857365,3.1713239151228003,-3.2836597867940447,340.20398866914803,5.1500353940588735,349.111387224052,1.19,1.38,1,0.724,--undefined--,--undefined--,--undefined--,--undefined--,--undefined--,--undefined--,336.4225537110249,336.4225537110249,340.2144004171891,340.2144004171891,340.2144004171891,340.2144004171891,340.2144004171891,340.2144004171891,340.2144004171891
natural_user6_trial_02_participant,0,2.58,2.58,,65.6112360174592,2.8651600564596267,2.053695468704837,81.68488607899789,0.6219880305033819,82.12469803318369,0.78,0.78,0,1.290,--undefined--,--undefined--,--undefined--,--undefined--,--undefined--,81.66729360083052,81.66729360083052,81.66729360083052,81.66729360083052,81.66729360083052,81.66729360083052,81.66729360083052,81.66729360083052,81.66729360083052,81.66729360083052
natural_user6_trial_03_participant,0,2.04,2.04,,58.419543822588516,6.888268507990643,11.162864933761634,166.6100535464378,36.00417790918218,271.3444285030784,2.94,2.94,0,0.340,--undefined--,268.7283236899564,268.7283236899564,268.7283236899564,209.67110047471672,177.48047612549092,177.05632318956728,160.574588232906,160.6319402236364,159.322686643046,159.322686643046,167.04939202607142,166.27058465118415,166.27058465118415,166.27058465118415
natural_user6_trial_04_participant,0,3.84,3.84,,62.76642560703884,1.6175130346066406,2.391183174086083,128.175977460005,48.00949614142118,174.74071677660734,0.52,0.70,0,1.420,--undefined--,--undefined--,--undefined--,--undefined--,--undefined--,--undefined--,--undefined--,127.98248192666114,127.98248192666114,127.98248192666114,127.98248192666114,127.98248192666114,127.98248192666114,127.98248192666114,127.98248192666114
natural_user6_trial_05_participant,0,3.06,3.06,,67.74510466651319,6.842893767997049,3.3297185279722963,123.8751326777582,42.78342718921862,205.37439162848935,2.61,4.27,0,0.234,--undefined--,--undefined--,--undefined--,--undefined--,--undefined--,165.92552115487075,169.1039307926625,119.96864291216926,133.54367395797433,135.80042174210433,124.993199331571,127.65182685732636,124.45422368310679,124.45422368310679,124.45422368310679
natural_user6_trial_06_participant,0,3.3,3.3,,65.76187628197778,1.04748429890971,-1.005602316433479,179.46309914038406,5.89707537613881,183.86389868022232,0.61,1.14,0,0.880,--undefined--,--undefined--,--undefined--,--undefined--,--undefined--,178.23297610538665,178.23297610538665,178.23297610538665,178.23297610538665,178.23297610538665,178.23297610538665,178.23297610538665,178.23297610538665,178.23297610538665,178.23297610538665
natural_user6_trial_07_participant,0,3.6,3.6,,76.24170205502179,5.78323212994447,8.138770159656929,133.3794580518328,42.057480197846296,203.48420184350013,3.06,3.68,0,0.272,--undefined--,--undefined--,--undefined--,--undefined--,--undefined--,80.44689882933217,149.61517284834937,154.12625597404562,152.30319586536027,138.29917395244652,128.92920695793296,127.99244666954971,132.79811072804455,134.0950482785291,134.0950482785291
natural_user6_trial_08_participant,0,2.16,2.16,,73.53074271920772,0.37502676670510476,3.1919202346346776,345.847638279281,4.059154454852489,349.8917402208936,0.46,0.69,0,1.456,--undefined--,--undefined--,--undefined--,--undefined--,--undefined--,--undefined--,--undefined--,--undefined--,345.8885676123941,345.8885676123941,345.8885676123941,345.8885676123941,345.8885676123941,345.8885676123941,345.8885676123941
natural_user6_trial_09_participant,0,3.12,3.12,,61.21636911372015,5.098579391283818,14.128964433785395,153.49765969345736,18.721321263346525,229.41265121110771,3.53,4.88,0,0.205,--undefined--,--undefined--,164.50391115347233,162.9427611195503,163.48852709112245,165.24583580597172,160.413309568952,158.51976388925925,157.08583040183356,155.2308065700122,152.90476105801392,152.9215347202395,153.38041169886824,153.38041169886824,153.38041169886824
natural_user6_trial_10_participant,0,3.6,3.6,,59.42988934124565,8.209283242958278,14.770013290823826,143.62114269265058,37.38574153000492,201.81353257245303,2.50,4.54,0,0.220,--undefined--,--undefined--,178.7177796850232,135.12544076273187,132.4407751356292,134.2243877715474,133.04801067567652,139.59900789195677,141.61466893996376,142.91519148749845,143.5242877419216,143.5242877419216,143.5242877419216,143.5242877419216,143.5242877419216
natural_user6_trial_11_participant,0,2.52,2.52,,59.67283755318455,7.2183172465980165,14.263350960825312,169.8868966889841,20.8309053199682,222.0495097008426,1.19,2.57,0,0.389,--undefined--,--undefined--,--undefined--,--undefined--,--undefined--,--undefined--,--undefined--,154.2033029609123,161.62647567330023,165.0011785090237,164.40171988146753,169.61199374603106,169.61199374603106,169.61199374603106,169.61199374603106
natural_user6_trial_12_participant,0,2.16,2.16,,64.65167292410607,13.756985162297582,19.181642141390142,155.0151822043172,30.677193168855926,265.29641413448775,1.39,2.18,0,0.459,--undefined--,--undefined--,--undefined--,--undefined--,--undefined--,157.727853018653,148.80013101714775,179.4569760471748,174.9775895942158,168.36117968666716,161.66264587048352,158.99624018023619,155.5396508042605,154.9624434851464,155.16893715315166
natural_user6_trial_13_participant,0,2.4,2.4,,64.95511000541141,14.264792389748578,23.091457285026387,148.63059855862966,13.08234938938301,195.28783887152872,3.33,3.95,0,0.253,--undefined--,--undefined--,158.83897035753006,147.66728338730653,145.2843025790897,145.21955428616496,143.62275891855072,143.3494296606062,143.10362429345926,144.29257339844338,146.3513851603754,145.9916946234644,148.5116663177161,148.74045812829254,148.74045812829254
natural_user6_trial_14_participant,0,2.64,2.64,,66.46609963610467,10.314566959196705,17.39061038797422,154.09056004513312,38.00733410325928,278.5976333222825,3.03,5.75,0,0.174,--undefined--,--undefined--,--undefined--,167.11098880500597,138.82717783634754,143.27599615350366,144.27412741990173,146.55862756772706,146.07085506345197,150.51080756685053,153.07710835651065,153.07710835651065,153.07710835651065,153.07710835651065,153.07710835651065
natural_user6_trial_15_participant,0,1.92,1.92,,66.6932603380327,6.657257244883578,16.529176753953365,131.60954799400704,40.26548297395612,195.7652854324114,2.60,3.83,0,0.261,--undefined--,--undefined--,178.1457283489577,140.38828885771846,142.51485567900448,145.22845936334966,126.94829295964384,124.82530569470742,124.36350406599347,130.32575229217437,130.73086220231187,130.73086220231187,130.73086220231187,130.73086220231187,130.73086220231187
natural_user6_trial_16_participant,0,2.58,2.58,,64.68928556994564,11.85363980968564,17.86726808467327,151.26382846593245,28.509952765889313,215.23172638193657,3.10,4.09,0,0.244,--undefined--,--undefined--,--undefined--,158.99657801807325,139.18795812059037,141.6515087174091,144.97783432291536,146.161436542852,146.161436542852,152.25953306608685,152.68121897437507,149.70211917626492,150.8462242431481,151.11329766347183,151.11329766347183
natural_user6_trial_17_participant,0,2.64,2.64,,64.86629098081946,7.352223570332736,18.069025831135423,150.635466909073,13.777229852176726,194.41450358800725,3.03,4.67,0,0.214,--undefined--,--undefined--,151.00663893342352,147.43952045920673,145.7852402496085,146.55149896434617,145.90085984164236,146.9228006891957,146.9228006891957,147.35721000418218,150.80386585121582,150.88470632611023,150.88470632611023,150.88470632611023,150.88470632611023
natural_user6_trial_18_participant,0,1.68,1.68,,66.61619431026304,6.32184583288207,15.787400118626806,149.07987360818808,16.53741894584172,190.8331556145277,2.38,3.79,0,0.264,--undefined--,--undefined--,159.90350422535641,154.4640236509205,148.26490416768206,149.5344062766185,150.56687501006624,150.56687501006624,150.79664476703675,150.8441510490773,149.39327255867616,149.39327255867616,149.39327255867616,149.39327255867616,149.39327255867616
natural_user6_trial_19_participant,0,2.1,2.1,,68.89752014938583,9.941171131303319,16.962656746188614,148.316978635538,28.39625408924527,188.4778105072826,1.90,2.91,0,0.344,--undefined--,--undefined--,--undefined--,153.07544424424123,153.93511102739714,154.84590899688703,153.23711302387653,142.63449857549745,142.29386731977638,146.19521914777673,149.62233676107815,148.44532035264842,148.44532035264842,148.44532035264842,148.44532035264842
natural_user6_trial_20_participant,0,1.86,1.86,,67.8839614723842,9.511085999062212,17.652226630037426,143.79109066997682,27.645537137972365,217.22763927734766,3.76,3.76,0,0.266,140.71024480409838,148.44727263919407,146.60522932152043,145.63938039114154,139.11327827220867,143.3385051219101,143.3385051219101,143.48004450712276,143.56414308422563,143.8819929245866,146.25301371761876,143.92809344804442,143.61326782302345,143.61326782302345,143.61326782302345
natural_user70_practice_participant,0,3.66,3.66,,71.38164926977677,5.2728567640079795,16.9927147009866,150.3224358743945,15.88309836294054,188.64607475191877,1.91,4.15,0,0.241,--undefined--,157.4802028534717,157.4802028534717,157.4802028534717,138.97182823844585,138.97182823844585,138.97182823844585,138.97182823844585,158.29296531724896,151.6852136689119,151.76668117604032,151.13541604720868,150.8025465369036,151.09911081491964,151.09911081491964
natural_user70_trial_01_participant,0,4.62,4.62,,62.17722957955107,8.233788156387762,14.299950413585428,142.700995525145,9.907424113657047,167.5312494017041,2.81,4.71,0,0.212,--undefined--,--undefined--,--undefined--,--undefined--,--undefined--,--undefined--,157.13761396771977,156.54211716632784,153.11828220538436,149.48930738308908,148.01341214999877,146.16038121566214,142.99343794163272,142.51159500425456,142.51159500425456
natural_user70_trial_02_participant,0,3,3,,69.401495521435,10.048789759951026,15.446899498376844,153.15077867012337,10.573350927491123,185.3848840983749,1.67,3.94,0,0.254,--undefined--,--undefined--,--undefined--,--undefined--,--undefined--,--undefined--,--undefined--,185.0566383299402,171.3417159717536,162.9172178949584,161.38701383475643,161.71275528134117,157.75221821691522,155.55246820017226,153.26205313477402
natural_user70_trial_03_participant,0,4.14,4.14,,69.65408960474939,9.568514006192828,16.75607886401418,144.66060554836739,21.319216508070582,276.13082144419946,3.14,4.40,1,0.227,--undefined--,--undefined--,130.33899100495483,130.33899100495483,142.17650238948318,155.128723725819,156.92234158430165,156.81802708818313,155.21792683359007,152.58246841797546,151.66660664445993,150.0583369856813,150.84344238878268,147.5400821038547,144.7134184339196
natural_user70_trial_04_participant,0,4.8,4.8,,65.6222192275496,8.774459390175318,13.303461688887674,141.29634185148018,15.993846375172657,176.43334735286626,2.29,4.35,0,0.230,--undefined--,143.1055078557871,150.3122857509142,150.3122857509142,150.3122857509142,150.3122857509142,153.17908664118485,154.08072694921432,152.98950404484472,148.86340101513494,148.21727129706218,146.24736687349372,142.36701817343408,141.0471175222869,141.0471175222869
natural_user70_trial_05_participant,0,4.68,4.68,,68.12907933194185,8.498627865454488,12.651331942741269,140.88361490273448,18.137627918900673,188.1092999460528,2.78,5.52,1,0.181,--undefined--,--undefined--,--undefined--,--undefined--,86.14116230466516,85.91412255665111,85.91412255665111,112.76794482977823,136.64259452514207,143.91038939707514,143.597598225844,142.47256298780425,142.67913057280583,142.3370316596403,140.42744335246547
natural_user70_trial_06_participant,0,3.84,3.84,,68.20286132777898,10.989706096006927,15.34768534479272,149.97484470283615,10.577640634322938,169.80282957100374,1.56,4.66,0,0.215,--undefined--,--undefined--,--undefined--,--undefined--,--undefined--,--undefined--,--undefined--,--undefined--,--undefined--,164.98726698301257,161.86452748818644,159.24951305310233,155.04706585809038,150.81634023481703,149.83125251690743
natural_user70_trial_07_participant,0,3.48,3.48,,68.74061352430198,12.855736680138,14.32504128274807,155.70378237952406,13.731307306076095,187.3835853738906,3.16,4.52,0,0.221,--undefined--,--undefined--,--undefined--,--undefined--,172.11308525758628,175.2821361487225,171.14008456377326,166.55471183054473,163.6692296820504,161.9038269987713,160.4040802989803,158.80710432370236,157.3580851342665,155.76977711436666,155.76977711436666
natural_user70_trial_08_participant,0,5.1,5.1,,68.83686487017005,8.898480488073037,10.379736454876124,142.79288921820796,15.218163592588107,187.47517208874908,3.73,5.58,1,0.179,--undefined--,82.18652520505701,130.52039834751994,156.55734260934446,154.9869543023186,154.32975699523303,153.13437652019206,153.13437652019206,151.73902390786856,149.16195395662626,145.7874325983265,143.73792816014725,142.84523176844806,142.74515993233996,142.74515993233996
natural_user70_trial_09_participant,0,3.78,3.78,,69.27462353074559,8.177096981089386,11.955652248466142,157.6310183256527,40.943219555865596,334.3918083452424,3.70,4.42,0,0.226,--undefined--,--undefined--,109.53006524812663,136.04593139305638,153.03856933278425,159.6039768957555,157.87810197119865,154.8324237631875,153.15166333613976,152.18364942886328,151.7773089276153,154.19359281333664,160.97088728509826,158.74452751861253,158.06385871360047
natural_user70_trial_10_participant,0,3.6,3.6,,71.29447301346102,12.80669548096282,20.369762554997358,166.84351920687047,21.55786674822628,205.15927478964636,1.67,3.57,1,0.280,--undefined--,--undefined--,--undefined--,154.85953135702505,154.85953135702505,154.85953135702505,175.18638411083347,192.6565015018143,181.9765345355113,180.28465169658713,180.28465169658713,173.78885181886056,166.9190125619346,166.9190125619346,166.9190125619346
natural_user70_trial_11_participant,0,4.26,4.26,,66.4876246060141,7.04509551460411,14.21244820067177,158.23644999578843,46.62871987807871,346.95069669213626,4.23,5.95,1,0.168,156.69817933230982,156.69817933230982,140.2856144885745,144.07467685756802,147.95989951511964,158.19602363983353,152.02099235413758,152.0696120979346,161.06294759541368,168.55322955920596,163.8250544400628,162.06667661827586,159.10726623451404,158.45316194563372,158.11313659631148
natural_user70_trial_12_participant,0,5.1,5.1,,69.29100381773316,12.805244783180036,14.495429412541807,154.2705864738265,35.209868485651924,349.1512003113362,3.33,5.05,1,0.198,--undefined--,--undefined--,296.57223173766545,214.3969415882406,169.08292518097656,166.58260169531525,162.5985159129634,160.55958745857617,157.38686076316134,154.38867331311863,152.06032348787883,152.06032348787883,152.06032348787883,151.8410474770843,154.51035474356163
natural_user70_trial_13_participant,0,3.72,3.72,,68.9026005095766,7.63838890712216,11.366597893079575,143.40719836623737,42.74409136444039,349.3919009012509,3.23,4.80,0,0.208,150.94706863592754,151.11789843864867,151.11789843864867,151.11789843864867,151.11789843864867,139.11248907919764,125.84244565080336,134.9159969438317,143.9848169646995,144.99787347419817,143.3381388764906,143.3381388764906,143.35190209706863,143.18642922747028,143.18642922747028
natural_user70_trial_14_participant,0,3.96,3.96,,71.21643417914503,10.900942036273806,15.593519914231228,149.6126931622591,21.325806466018744,223.79862503630957,3.03,3.71,0,0.270,149.308031005025,149.308031005025,149.308031005025,180.99266152046542,172.05107254425707,170.47811632499435,165.57100829939338,164.34175360944718,160.18769728437613,159.28103374066237,157.31810913532723,155.4597452138892,153.07031850267992,149.88062470360467,149.53103632154335
natural_user70_trial_15_participant,0,3.9,3.9,,71.63869434823792,11.763588170954744,17.636378473707627,148.94197354496487,21.560951490071247,190.42797458925244,4.10,5.13,1,0.195,132.24305763930167,124.74467376496631,121.29064312193181,123.68119663418986,148.7963366418931,153.26726043181824,153.97184453550625,153.56924456981736,152.24085963794457,151.6369019111412,151.13437703677286,150.83515353232758,150.4330825602225,149.99672173926467,149.0266220515094
natural_user70_trial_16_participant,0,3.48,3.48,,69.4288034043131,9.347681066333076,12.275862318652715,151.73607071890407,21.994976393508075,193.3458307238086,3.74,5.13,1,0.195,156.1785647397424,156.1785647397424,156.1785647397424,156.1785647397424,164.36378119797854,169.60549941259538,169.37294565015836,167.56718915341065,164.94544205145877,163.35287872387858,160.94020191606043,159.6444651202216,157.4163110264341,154.32706330786309,151.91641440938957
natural_user70_trial_17_participant,0,4.86,4.86,,67.49178797305989,8.625487652749822,12.25905044291948,149.62583251223418,15.66353127464431,177.6120597720609,4.73,5.27,1,0.190,139.6113993474819,139.6113993474819,143.87643445104848,157.0389683167838,156.69772327053116,152.43153586295873,152.66065119325293,152.58478772468155,152.99972610899565,151.73974822385324,152.23983461740443,149.96664794532745,150.3017702225027,150.14957353295327,149.68391442223123
natural_user70_trial_18_participant,0,2.1,2.1,,72.47420973055208,8.478851663066054,12.241845760102393,160.28851743314934,9.315141700642563,183.88527029349063,3.33,4.65,0,0.215,--undefined--,152.77871086163012,152.77871086163012,152.77871086163012,158.64960080287372,165.41415537600994,168.3131008356711,167.3728384889761,165.41542437725317,163.2369241341983,161.01322680916238,160.8732250931431,160.370072610596,160.370072610596,160.370072610596
natural_user70_trial_19_participant,0,3.66,3.66,,67.86462382444175,8.64691306852626,11.492169505547938,149.51710604112503,24.790231807126933,190.01841731633297,4.37,5.31,0,0.188,122.00044156767558,122.00044156767558,134.5453316873436,138.50769494655714,164.48700281157937,164.05540010411872,160.44476926503842,158.96060271717502,156.1252258103412,153.14974540546476,153.14974540546476,152.30756915734213,150.4775006725233,149.59236917286688,149.59236917286688
natural_user70_trial_20_participant,0,2.16,2.16,,69.94790435543592,7.411624240082392,10.247825211521107,151.92270779180674,11.12270632019565,177.6961124949928,3.24,5.34,0,0.187,--undefined--,--undefined--,--undefined--,--undefined--,--undefined--,--undefined--,165.20307115746965,162.83180538962202,160.61580022490386,158.90607872017992,155.74354175387094,154.88136401021734,154.44782274998454,153.80526787257733,151.60812426401137
natural_user7_practice_participant,0,2.58,2.58,,66.2004565808765,7.340061371923814,7.943264519635741,213.28533430379267,40.01894546509176,284.3569647954246,2.33,3.64,1,0.275,--undefined--,--undefined--,--undefined--,231.70975552270264,240.36079926017163,244.26042484966317,230.96695389686204,225.7768138445111,221.22760759181176,212.98163170547838,212.98163170547838,212.98163170547838,212.98163170547838,212.98163170547838,212.98163170547838
natural_user7_trial_01_participant,0,4.478666666666666,4.478666666666666,,67.96185515110442,10.366942470902236,8.980160597671897,209.7366509229907,31.409859510960754,267.1478303871434,3.80,4.91,1,0.204,--undefined--,--undefined--,236.79543606415064,240.3170204057575,239.2785511647645,230.56984580956197,225.93940071454728,224.6567666130991,221.21311601373574,220.88084974401832,219.9893548379254,216.1991869054636,212.10080849378363,209.45328065707844,209.45328065707844
natural_user7_trial_02_participant,0,4.286666666666667,4.286666666666667,,67.90221885797978,11.904325829746012,11.534550415458185,216.56900671186096,23.825735197340727,297.39197203486094,3.73,4.25,0,0.235,--undefined--,243.3876351732099,239.68805409332603,238.9378670875292,235.8545454117503,238.98364395189842,233.0919832467469,228.76544714976282,226.97664003390233,224.1968781371681,221.08683246250482,218.7196562362011,215.58211247577074,215.58211247577074,216.5684708343126
natural_user7_trial_03_participant,0,3.1133333333333333,3.1133333333333333,,66.35264986364643,9.10350110641208,7.581504086697165,197.73814087364508,57.55136689761707,281.4793197326285,3.53,3.92,1,0.255,--undefined--,--undefined--,265.7548928749482,249.24561051443223,242.12503998377636,246.65267707488366,241.8850560024199,239.87585864390073,237.64330629905697,228.42346495553812,225.56323474977856,210.9190143444166,209.23856285705872,198.60864313994148,198.00519190677323
natural_user7_trial_04_participant,0,3.3053333333333335,3.3053333333333335,,66.06157326624788,9.48701507557924,11.431685260925764,190.62443552747055,61.008654643526405,254.8130885621751,2.72,3.36,1,0.298,--undefined--,--undefined--,243.90064469472293,238.07975345994438,238.68268023101356,238.68268023101356,238.68268023101356,239.0558767152494,228.70803671584858,229.34786155188135,225.4236395903953,214.28993502227135,203.77343583024097,195.72159293865073,191.19350454339036
natural_user7_trial_05_participant,0,3.0493333333333332,3.0493333333333332,,68.28123026938465,10.239538390719787,11.216199590603127,212.98336006637922,37.3858075281838,278.62625395437465,3.61,4.09,0,0.245,--undefined--,229.7485006399271,235.291659297747,249.93476700786607,244.38043972772107,240.10906119296158,235.53957704146012,235.53957704146012,232.19719464925396,228.46553452716168,226.08414460180956,219.94350322399447,214.32796942259924,212.9090742150482,212.9090742150482
natural_user7_trial_06_participant,0,3.796,3.796,,67.11868962768811,10.477869876109015,10.07075993204043,202.24530562267915,36.75944641318329,291.3637901679336,2.90,4.02,0,0.249,--undefined--,--undefined--,237.94274692462156,254.56344784678225,241.25386724177463,239.10975118136275,229.57571958419626,224.8050761081821,218.97537816923915,217.2326491062531,213.67306514418593,209.84151100114602,202.08148427781904,202.046064175881,202.046064175881
natural_user7_trial_07_participant,0,2.7506666666666666,2.7506666666666666,,66.72522836210345,10.609960435000477,9.917509783756811,189.61830472698358,56.96863372265074,272.4295071014479,4.00,4.76,0,0.210,--undefined--,--undefined--,248.41992851414454,235.10572599038795,229.68588972046635,239.96635342013235,236.65742970409636,217.75136462458852,216.70976006007672,214.93862882461852,206.3654652875085,204.28677883115475,198.80560224492967,190.11761103640595,190.11761103640595
natural_user7_trial_08_participant,0,3.348,3.348,,67.34516317038702,10.072658290475074,9.978495127352803,185.28887387490735,58.110597127537424,306.6790630847886,3.29,3.71,0,0.269,--undefined--,--undefined--,259.8205530431935,244.96204565302585,243.13740362119825,232.32498901933832,230.73959441829533,220.80475268020277,218.9708495753565,205.51980106575658,189.4584494229736,182.17220558284905,182.6194716664333,185.8290697013948,185.54208614336622
natural_user7_trial_09_participant,0,2.1746666666666665,2.1746666666666665,,68.52971198704219,8.19546335964299,11.496258640632975,211.69176753987296,34.16168015954994,294.58638650163874,2.30,2.96,0,0.337,--undefined--,--undefined--,--undefined--,235.57122715043673,227.49927105376463,231.2696233848628,226.6327239933435,223.20512411096033,223.05112784481858,220.10835586733046,218.77146454506922,215.4705916465754,209.15789979507562,208.90168009842554,210.6167677246127
natural_user7_trial_10_participant,0,5.054666666666667,5.054666666666667,,65.95192958170976,10.17288635624957,10.6054959324788,180.6211746850177,66.07114906081236,308.90065203206325,2.57,3.78,1,0.265,--undefined--,250.51977893430825,238.53609660991032,197.88910176406836,211.20323831654585,213.5644303310083,213.5644303310083,213.5644303310083,214.623371318073,211.57877603499992,209.32304393626205,198.20160850862385,186.35615285985276,182.2625047264147,181.60452306774755
natural_user7_trial_11_participant,0,4.649333333333334,4.649333333333334,,68.826046180296,11.531835494656839,9.816135549121197,181.25402038583243,62.956692753252476,296.8597842508827,4.30,4.77,0,0.210,--undefined--,262.13337612907185,267.66184620669236,267.2089361792215,249.25770499018816,239.13949750995977,234.33023526088746,221.94020521325922,203.9986956658519,200.27391746040624,199.5519217374882,194.59295092548496,186.20194679608903,182.88227354434608,182.05097890631464
natural_user7_trial_12_participant,0,2.1533333333333333,2.1533333333333333,,66.30498348319645,8.675204416871061,10.911447683384923,218.5264550426965,48.169687649420624,291.1341473574747,3.72,4.75,0,0.211,--undefined--,--undefined--,266.7610728387653,249.8670441937979,256.4308159624098,251.4657001014548,245.88285306679603,241.61654596699879,236.6024410097517,236.09858471865886,233.14882853972742,217.05125943437884,217.05125943437884,217.05125943437884,218.66157680933378
natural_user7_trial_13_participant,0,3.86,3.86,,66.8538884653875,11.549529582655962,6.6570936264816885,168.7516626116354,72.74918660716716,288.24620318879835,3.37,3.98,0,0.251,--undefined--,--undefined--,281.48171026884637,263.8688413427839,259.8150116952616,250.0072909352224,244.64020060296434,230.7181612670588,218.0623113525403,202.74224361459133,191.81247436080542,186.56627573090344,180.12048451183313,172.53640711711594,168.07511359318462
natural_user7_trial_14_participant,0,4.436,4.436,,68.12217765757643,11.294575402511242,13.382413362007114,207.34190350975385,32.667960047852226,286.52498694217786,3.83,5.62,1,0.178,--undefined--,227.61287216297688,230.34129248386884,225.60859481839898,222.28001204747014,219.15065592927172,215.18194452726934,215.34226817382486,215.34226817382486,215.34226817382486,215.307461850467,213.1072824287349,209.21088474728157,206.5876448135149,207.3208709102891
natural_user7_trial_15_participant,0,4.286666666666667,4.286666666666667,,67.92058046735161,13.535617333042088,11.27622021203457,230.00783992597857,27.218521737506673,336.9915108556076,3.97,4.49,0,0.223,--undefined--,--undefined--,251.14043565342058,273.8431971743894,264.7987109469965,259.57024920153407,251.31817537188323,247.02648207587836,246.85719498255676,243.3798536051562,238.77481823334716,235.92129796243262,231.9929611572364,229.88042124348902,230.12968081316154
natural_user7_trial_16_participant,0,3.22,3.22,,66.88051078337993,10.243694725891235,9.25011697780693,194.82447130456325,48.45415415870695,275.63499624189967,3.42,4.32,0,0.231,--undefined--,231.04697870176724,243.98448893648353,236.18115226997418,233.17460521452216,231.17306526049916,226.1129587526025,224.4144893868061,222.4299946975249,209.57572492139928,208.05963595501075,202.48467751934197,196.62631952516958,196.36523113555768,194.86394768164203
natural_user7_trial_17_participant,0,2.9,2.9,,68.40990171982438,10.703236273153157,11.696233700547152,209.86239844105427,30.54224476746913,246.1124929188732,4.14,4.65,0,0.215,--undefined--,231.61923234554047,235.04619049101882,232.09656854182614,225.7912368952013,225.13946080135509,225.10444355376424,222.4979549900661,221.68628808660958,220.02079112823785,220.27914129664697,215.4217141615925,209.88267228398217,209.47267680767027,209.47267680767027
natural_user7_trial_18_participant,0,2.558666666666667,2.558666666666667,,67.20052607397312,11.59945265333715,6.925770550106453,233.675098296735,35.425154072505386,277.3131930947906,3.52,5.02,0,0.199,--undefined--,--undefined--,--undefined--,262.99514860934136,267.9739010696272,266.3693857946653,259.5944409223308,257.64079462991435,253.08025759659506,246.71660558187938,243.96562048984498,239.13505564138998,234.5517121904624,234.5517121904624,234.5517121904624
natural_user7_trial_19_participant,0,2.1106666666666665,2.1106666666666665,,66.33007851209842,11.190104933252766,10.337460207582305,187.4337399502639,46.089057893228244,242.3932352839644,2.37,3.86,0,0.259,--undefined--,--undefined--,--undefined--,229.60732942035506,228.1638679842431,218.11141534845393,220.68367292127317,218.91483394247047,214.41739749054676,211.51072213743714,199.9175628037916,190.64461696919741,190.74966976925333,190.74966976925333,187.77267027382155
natural_user7_trial_20_participant,0,2.473333333333333,2.473333333333333,,67.79432278611976,11.46270975241993,13.812069635735815,218.13706645025866,32.642585902105125,292.761221327134,4.04,4.91,0,0.204,--undefined--,--undefined--,265.0139933665023,207.70186538378007,229.93496148804243,235.92928303026827,232.0365949335028,232.62936061501122,231.28603476600543,228.70781896220396,225.80342099296894,223.11525325548104,218.84077965671725,218.1110358108659,218.1110358108659
natural_user8_practice_participant,0,5.246666666666667,5.246666666666667,,67.18952324160696,11.675190564310132,8.71048447521338,204.1124630220115,52.46738405039308,352.4695290857366,1.14,3.47,0,0.288,--undefined--,268.27724887389246,244.45360120113284,226.0978986166571,214.395516586448,204.38567527450704,204.38567527450704,204.38567527450704,204.38567527450704,204.38567527450704,204.38567527450704,204.38567527450704,204.38567527450704,204.38567527450704,204.38567527450704
natural_user8_trial_01_participant,0,5.737333333333333,5.737333333333333,,71.26789415834607,13.6816184631151,9.853314421020173,238.6511729122211,51.65126324141424,346.74283696290667,3.31,4.91,0,0.204,--undefined--,--undefined--,306.9978647680167,292.3628845227833,275.53506461041894,273.8320725786895,261.10731286236023,252.6936924010171,251.83045873477886,248.44367080363978,245.3882027500324,240.07430277922703,238.3322574167262,238.3322574167262,238.3322574167262
natural_user8_trial_02_participant,0,5.502666666666666,5.502666666666666,,69.85595938176878,13.333547198363895,9.058725529132976,231.7758403197018,51.12072868599845,370.2365346828583,3.27,4.89,1,0.204,--undefined--,--undefined--,249.59144899736555,223.62720554150732,241.58489444044187,247.01986876507138,246.29284535558145,238.5954012424717,239.47993764775495,236.67392016560416,236.61504759421686,236.03669031530552,229.70229267559185,231.70219478072713,231.70219478072713
natural_user8_trial_03_participant,0,4.841333333333333,4.841333333333333,,69.0492848681334,14.595827435939658,11.3771344671591,236.13715776168814,48.01593987219678,367.00634932368297,3.30,4.95,0,0.202,--undefined--,--undefined--,--undefined--,289.3648951335975,258.38673075306133,250.70605289092308,241.5928802333434,236.16235569530207,232.89294228780645,229.6795291695949,231.65373236299456,226.42831281309256,233.2496674060541,235.53574714653828,236.00387029618662
natural_user8_trial_04_participant,0,4.478666666666666,4.478666666666666,,70.77086796849605,13.863108028571714,12.508731391766947,222.57272739978183,55.50018116884568,365.71714831682505,2.46,3.54,0,0.282,--undefined--,--undefined--,288.9865177990301,272.8059485355474,262.20151028489926,260.41883824485143,252.9827989316454,248.81687639452176,242.2070274793285,239.4201417670915,235.97988751969663,226.82347968452092,222.3003884540547,222.3003884540547,222.3003884540547
natural_user8_trial_05_participant,0,3.412,3.412,,70.46292806779181,16.0005274286885,12.837998322071149,258.0839069134427,36.119829771572356,366.6265970371106,3.52,5.47,0,0.183,342.4427743425908,342.4427743425908,319.31453864494506,272.26129950308973,262.8698218822128,268.0005736006282,264.1486401291141,256.37858741625365,256.43239728039316,255.0157127286469,252.51050343910157,257.2804917623589,258.71089898958803,258.71089898958803,258.71089898958803
natural_user8_trial_06_participant,0,4.350666666666666,4.350666666666666,,70.18634615232905,13.413895213564416,13.020396191254775,227.86501158264977,42.424097098043454,334.055209186724,3.22,4.73,0,0.211,--undefined--,270.62511392849507,291.3137119624697,265.2668870626238,264.9380665570426,255.79696295186875,257.11686398630275,254.33130702097827,246.13347523641534,244.46756326285453,241.23395718350534,234.0218228145228,231.42242353848542,227.98715877835215,227.98715877835215
natural_user8_trial_07_participant,0,3.3266666666666667,3.3266666666666667,,71.07708685570157,12.537073614648156,10.491167263520833,218.56397279508553,56.756863433939465,362.535806348165,2.40,3.57,0,0.280,--undefined--,276.57327533769393,257.13686771647315,251.7127878422816,248.622916886438,248.622916886438,249.27677534260295,245.0390229464975,243.04012857634694,239.91793293794757,231.45238244405078,218.33328829895115,218.33328829895115,218.33328829895115,218.33328829895115
natural_user8_trial_08_participant,0,3.476,3.476,,70.74479360134514,12.578830181891835,12.131197750970069,222.1019312185651,53.43971313373471,346.1099030200345,3.74,5.28,0,0.190,--undefined--,--undefined--,--undefined--,298.4041753645932,252.57389355621902,252.53875141128825,252.9355044246034,251.56805772690754,247.22027491951553,239.7700705692002,237.64587333333048,233.19428577846534,221.75304648843303,221.75304648843303,221.75304648843303
natural_user8_trial_09_participant,0,4.18,4.18,,71.06999438960585,12.756179332991993,11.100443675535915,231.4171257216451,65.75066721690742,347.3376841955802,2.39,4.25,2,0.235,--undefined--,287.8484161669682,297.12934519682875,269.47747919828737,262.3865281451578,253.59976015483022,242.31323437589577,245.25599447388416,247.0377746716406,243.3518983790143,237.1492423677366,232.82663768520308,231.30247254428843,230.80976038523247,230.80976038523247
natural_user8_trial_10_participant,0,2.2386666666666666,2.2386666666666666,,71.17329880044605,11.219345467757067,7.01996308317414,224.4089236859528,55.291925507989816,354.85438492782345,3.13,4.00,0,0.250,--undefined--,263.2432857407318,280.440172638424,250.83169765681103,260.5530444343579,257.36559834055606,245.440326006858,233.4578745455625,231.70996052554923,231.3996000857894,225.55633999391034,224.50894146159666,224.50894146159666,224.50894146159666,224.50894146159666
natural_user8_trial_11_participant,0,4.030666666666667,4.030666666666667,,70.93595177742199,10.831735437845913,7.140903249591057,186.44758234307042,55.56474716312686,360.07770663427607,2.98,4.39,0,0.228,306.88213030107363,306.88213030107363,280.2444836943519,242.32991585687174,226.18856533115334,220.89157905942398,218.54118711208912,217.01689417598558,211.65657357232732,199.70689068276616,193.27372716523132,186.0811593217173,186.0811593217173,186.0811593217173,186.0811593217173
natural_user8_trial_12_participant,0,3.3053333333333335,3.3053333333333335,,69.09650294235041,11.987806723689474,14.759781805360674,211.0086093146763,64.64429393477805,344.7802594738064,4.24,5.50,0,0.182,332.047667157839,195.7315860109483,248.30518164648248,246.24761557480286,246.8571724911122,238.21903462486088,234.61470772142172,228.08009732791422,226.06407426496125,209.96322022158742,204.88747217418813,207.51352264503893,209.7965369175171,209.7965369175171,211.56128232595725
natural_user8_trial_13_participant,0,2.324,2.324,,71.0561857541104,13.612162718788095,13.982502601556288,254.80578067263755,37.277674937282605,315.18818424781784,2.58,3.47,0,0.288,--undefined--,277.4628276339577,277.4628276339577,256.25754899255435,258.7610253151186,274.4749715158174,264.5352159295655,251.4891298501174,249.97465146862228,250.58132609860647,254.93688012277713,255.20057308952067,255.20057308952067,255.20057308952067,255.20057308952067
natural_user8_trial_14_participant,0,3.7746666666666666,3.7746666666666666,,68.53575069410114,12.171646304600884,12.207486917007536,203.9089276269575,44.01744187879816,328.5761442252008,2.91,4.19,0,0.239,--undefined--,--undefined--,288.48986455414564,241.8015532285759,226.071114121684,228.02911383167952,222.24772989602837,218.0379828894105,215.5943671024639,213.51415280566593,207.2130183097562,197.99352657170937,202.3736371779727,202.3736371779727,204.48841488653963
natural_user8_trial_15_participant,0,4.286666666666667,4.286666666666667,,70.07261780841152,15.762734921119714,10.206543961791327,212.73864208449262,46.9445546994901,363.06647914802045,3.73,4.16,0,0.240,--undefined--,284.4478910535901,251.1888155510529,246.13750105965804,240.56121913592807,233.8355631636637,233.5657247790795,228.7737212679086,229.66429997901093,222.86171289236233,220.87576102724887,218.06337497500166,211.3664097157765,211.00462325105164,212.5443829852443
natural_user8_trial_16_participant,0,5.972,5.972,,71.34309956811981,11.625388659088461,15.470443295561997,201.46918105652315,63.11200202389796,360.87245079943455,3.01,4.57,1,0.219,--undefined--,267.4259436932783,257.5465041557544,244.32507182488783,232.14191013372752,222.54368947818068,206.4792815961598,206.4792815961598,206.4792815961598,208.7333306594357,210.41170324433247,204.94064079488257,200.4370375832372,200.4370375832372,201.326719372855
natural_user8_trial_17_participant,0,2.644,2.644,,69.6799721826968,14.109003240734234,9.10842022185442,236.8286494044675,49.37046410055552,363.4986834057823,2.65,4.81,0,0.208,--undefined--,--undefined--,291.593354281174,263.4718891123064,268.0654187099361,264.6933035973596,258.73497913900826,252.79721084551156,252.79721084551156,243.94516387995637,236.8381672865535,236.8381672865535,236.8381672865535,236.8381672865535,236.8381672865535
natural_user8_trial_18_participant,0,1.9613333333333334,1.9613333333333334,,71.18224413990598,13.074473846059503,9.696338066257475,217.68403224084855,44.44625928963013,363.32122619389327,4.08,5.86,0,0.171,--undefined--,--undefined--,--undefined--,--undefined--,229.1955970625226,264.00387416310735,254.15759883102353,247.48667812059446,245.7474580419796,240.06127557626266,239.08636512732693,236.05631396543018,223.85482897238612,220.56349410661176,217.4695285613665
natural_user8_trial_19_participant,0,2.9,2.9,,69.55160965598526,12.175842639729158,10.313904695831406,220.67862626480394,60.7849084460366,369.08394316151447,2.07,3.47,0,0.288,--undefined--,--undefined--,241.55004435713738,267.76723635864806,252.4839313303258,251.90074719983244,245.88282461709278,243.7222255602969,237.0025898711729,237.0025898711729,217.7181425403667,220.30811386477424,220.30811386477424,220.30811386477424,220.30811386477424
natural_user8_trial_20_participant,0,3.582666666666667,3.582666666666667,,70.04591919875088,14.479284071848031,9.671689348624303,237.9459404047901,52.014905887460884,354.84878281736144,3.63,4.68,1,0.213,--undefined--,--undefined--,274.86189021249606,250.5460419085541,246.56887113713188,247.19870429251966,246.7338625788261,240.20927090262663,240.20927090262663,223.68237683981192,230.7758376051001,228.90399294487094,231.47155738442265,238.02867083700093,238.02867083700093
natural_user9_practice_participant,0,4.32,4.32,,66.69556412378121,6.467728891490492,12.156398843315404,158.31215101626654,29.113344913149813,218.78488077442572,1.62,3.29,1,0.304,--undefined--,--undefined--,--undefined--,84.70769578708104,147.2120767341425,161.9105155368621,157.8906107987639,155.57652318281293,157.7323607724112,155.9406515393375,158.61795369040505,158.61795369040505,158.61795369040505,158.61795369040505,158.61795369040505
natural_user9_trial_01_participant,0,4.68,4.68,,69.86161203873026,10.985649095161419,19.335143772742597,138.16149242580897,13.67320153133001,186.28645923282645,2.35,3.66,0,0.273,--undefined--,160.40051895860282,157.30351766404567,151.32224833959629,150.3600576442579,144.28029303763628,144.49720242279795,142.54309787282637,142.78520145392758,139.81137112503646,138.33529057054042,138.220169891375,138.220169891375,138.220169891375,138.220169891375
natural_user9_trial_02_participant,0,3.9,3.9,,64.47288055879746,12.762948717256474,18.648279642117586,143.50946140728686,56.079404549118124,348.1146373803411,2.31,5.49,2,0.182,--undefined--,78.61828014980726,120.46782329272781,136.32352902427846,138.5214707433229,140.51504900777837,151.64538114367096,154.4520848041948,154.4520848041948,154.4520848041948,154.4520848041948,154.4520848041948,151.02492936942323,143.51855244491054,143.51855244491054
natural_user9_trial_03_participant,0,4.74,4.74,,69.39309427921745,15.064516271023468,16.787045866272216,163.00649870471062,41.56453591302525,330.75523460965474,1.90,3.31,1,0.302,--undefined--,154.1649763915849,147.417081814299,148.12137200592096,149.60182262093966,150.56840962525624,151.39044119291165,151.5911331138523,151.59597739597453,150.8257025922654,152.1021828977469,154.32514133720468,163.48690454256854,163.48690454256854,163.48690454256854
natural_user9_trial_04_participant,0,8.7,8.7,,69.8012439934791,7.759933891302703,10.235422515163643,175.7289305713704,68.28111847721507,350.2786393293942,0.46,1.72,4,0.580,--undefined--,--undefined--,--undefined--,--undefined--,--undefined--,266.99918141500837,177.1174527256741,177.1174527256741,177.1174527256741,177.1174527256741,177.1174527256741,177.1174527256741,177.1174527256741,177.1174527256741,177.1174527256741
natural_user9_trial_05_participant,0,9.42,9.42,,72.39943491846094,8.485883797438378,13.098430647699143,146.02695219152787,27.067475974072202,284.0964112187666,0.53,3.26,3,0.307,--undefined--,--undefined--,--undefined--,--undefined--,--undefined--,--undefined--,--undefined--,136.25090266232803,142.1005368135833,142.1005368135833,146.2708362877989,146.2708362877989,146.2708362877989,146.2708362877989,146.2708362877989
natural_user9_trial_06_participant,0,5.1,5.1,,64.63718040270764,2.1297880594329346,-6.147887335028411,95.32726401079525,18.007345864665915,111.36638312123115,0.59,1.20,1,0.832,--undefined--,--undefined--,--undefined--,--undefined--,--undefined--,--undefined--,97.54504207699424,97.54504207699424,97.54504207699424,97.54504207699424,97.54504207699424,97.54504207699424,97.54504207699424,97.54504207699424,97.54504207699424
natural_user9_trial_07_participant,0,5.22,5.22,,66.10948181352433,5.023323908695361,1.952489181694403,221.1410186224854,101.5794426021936,335.0069097367319,0.77,1.44,3,0.696,--undefined--,80.60864401378697,80.60864401378697,80.60864401378697,80.60864401378697,150.74614842118112,150.74614842118112,192.77314350199921,192.77314350199921,192.77314350199921,192.77314350199921,221.12027071493844,221.12027071493844,221.12027071493844,221.12027071493844
natural_user9_trial_08_participant,0,5.28,5.28,,62.010279740484854,4.993877573185075,2.5536452969399335,259.2527021479517,0.23333463647055414,259.41769465168574,0.38,0.59,0,1.704,--undefined--,--undefined--,--undefined--,--undefined--,--undefined--,--undefined--,--undefined--,259.1834052963836,259.1834052963836,259.1834052963836,259.1834052963836,259.1834052963836,259.1834052963836,259.1834052963836,259.1834052963836
natural_user9_trial_09_participant,0,4.08,4.08,,65.45411264534218,3.8191301453177844,0.00510620091092912,302.78047149343223,2.5940190349352554,305.2962323314786,0.49,0.74,0,1.360,--undefined--,--undefined--,--undefined--,--undefined--,--undefined--,--undefined--,303.502885296628,303.502885296628,303.502885296628,303.502885296628,303.502885296628,303.502885296628,303.502885296628,303.502885296628,303.502885296628
natural_user9_trial_10_participant,0,4.08,4.08,,60.738128531186895,4.373469829714047,0.8941243437948685,198.27295564497368,6.784675719630787,207.99603365513104,0.49,0.80,1,1.256,--undefined--,--undefined--,--undefined--,--undefined--,--undefined--,--undefined--,--undefined--,207.99603365513104,199.57322614528175,199.57322614528175,199.57322614528175,199.57322614528175,199.57322614528175,199.57322614528175,199.57322614528175
natural_user9_trial_11_participant,0,5.22,5.22,,58.23662250270705,6.156703422092097,-2.8105800145189637,165.9122436284672,0.2847418555449676,166.11358652541068,0.77,1.26,1,0.796,--undefined--,--undefined--,--undefined--,--undefined--,--undefined--,--undefined--,--undefined--,--undefined--,--undefined--,--undefined--,--undefined--,165.92835106022176,165.92835106022176,165.92835106022176,165.92835106022176
natural_user9_trial_12_participant,0,4.44,4.44,,54.584342609088935,4.8584423689596,-3.2787113732041284,344.1586021200676,0.1965138612259019,344.2975584039376,1.35,2.23,0,0.448,--undefined--,--undefined--,--undefined--,--undefined--,--undefined--,--undefined--,--undefined--,--undefined--,--undefined--,344.1447064916804,344.1447064916804,344.1447064916804,344.1447064916804,344.1447064916804,344.1447064916804
natural_user9_trial_13_participant,0,3.36,3.36,,61.90520740835754,2.958862921012681,0.43732040353518936,85.51406661757058,0.49695916496811576,86.06810015592654,0.89,1.44,0,0.693,--undefined--,--undefined--,--undefined--,--undefined--,--undefined--,--undefined--,--undefined--,--undefined--,--undefined--,--undefined--,85.50348593326942,85.50348593326942,85.50348593326942,85.50348593326942,85.50348593326942
natural_user9_trial_14_participant,0,4.56,4.56,,57.03402348647352,5.121853315725413,-0.4816809946872388,--undefined--,--undefined--,--undefined--,0.22,0.52,2,1.920,--undefined--,--undefined--,--undefined--,--undefined--,--undefined--,--undefined--,--undefined--,--undefined--,--undefined--,--undefined--,--undefined--,--undefined--,--undefined--,--undefined--,--undefined--
natural_user9_trial_15_participant,0,3.72,3.72,,55.982191023346246,5.066119417669836,1.1111988826831085,--undefined--,--undefined--,--undefined--,0.27,0.55,0,1.808,--undefined--,--undefined--,--undefined--,--undefined--,--undefined--,--undefined--,--undefined--,--undefined--,--undefined--,--undefined--,--undefined--,--undefined--,--undefined--,--undefined--,--undefined--
natural_user9_trial_16_participant,0,4.08,4.08,,55.864392993194826,3.209737082573913,0.7130382971065824,307.34654414413785,2.303022472907859,308.975026951956,0.49,1.34,2,0.744,--undefined--,--undefined--,--undefined--,--undefined--,307.2814048318253,307.2814048318253,307.2814048318253,307.2814048318253,307.2814048318253,307.2814048318253,307.2814048318253,307.2814048318253,307.2814048318253,307.2814048318253,307.2814048318253
natural_user9_trial_17_participant,0,3.24,3.24,,60.99302603609428,5.346267572184981,0.5148801903815664,313.4040478084939,22.958188737702933,347.56904515840864,0.62,1.32,1,0.760,--undefined--,--undefined--,--undefined--,--undefined--,--undefined--,318.7130723340232,318.7130723340232,318.7130723340232,318.7130723340232,318.7130723340232,318.7130723340232,318.7130723340232,318.7130723340232,318.7130723340232,318.7130723340232
natural_user9_trial_18_participant,0,4.02,4.02,,57.81534076129095,2.706799280480476,0.3065759295263002,--undefined--,--undefined--,--undefined--,0.50,0.76,0,1.312,--undefined--,--undefined--,--undefined--,--undefined--,--undefined--,--undefined--,--undefined--,--undefined--,--undefined--,--undefined--,--undefined--,--undefined--,--undefined--,--undefined--,--undefined--
natural_user9_trial_19_participant,0,4.14,4.14,,59.594784097820444,2.9324491084783504,-0.8087837932681409,289.7605333258994,1.876610969415549,291.55997821791243,0.24,0.53,0,1.888,--undefined--,--undefined--,--undefined--,--undefined--,--undefined--,289.6569110265796,289.6569110265796,289.6569110265796,289.6569110265796,289.6569110265796,289.6569110265796,289.6569110265796,289.6569110265796,289.6569110265796,289.6569110265796
natural_user9_trial_20_participant,0,5.22,5.22,,61.254488067986586,3.22686889757215,0.15265695469485047,330.7043731027754,9.915198316459108,339.1742775864934,0.19,0.55,3,1.824,--undefined--,--undefined--,--undefined--,--undefined--,--undefined--,--undefined--,--undefined--,--undefined--,--undefined--,--undefined--,--undefined--,333.0556174976915,333.0556174976915,333.0556174976915,333.0556174976915
robotic_user10_practice_participant,0,3.24,3.24,,70.12095485027187,10.66966986567312,15.92617631451737,225.2740846895924,42.62826183002239,272.5549136948987,2.47,4.72,0,0.212,--undefined--,--undefined--,--undefined--,--undefined--,--undefined--,239.68284120756607,253.5098468308745,253.67164240443938,246.41348121214335,241.2888081907613,228.3050383580635,225.86275846513587,225.86275846513587,225.86275846513587,225.86275846513587
robotic_user10_trial_01_participant,0,3.9,3.9,,72.85437506649276,11.753485540211702,11.209539138671389,228.6880784763034,30.760652022471287,327.0570510129754,4.62,5.50,0,0.182,--undefined--,--undefined--,291.5662687632097,278.92451785075076,260.0447530712262,254.08033295761524,250.23034124570776,246.9746910957955,242.41565239304592,237.79095405239417,235.11904834587625,233.21604454976264,231.07225865858936,228.65250987865193,228.65250987865193
robotic_user10_trial_02_participant,0,2.7,2.7,,74.42483957100863,13.269284621565227,18.981355595827637,235.93707898493312,47.7746080934663,345.66512438027587,1.85,2.34,0,0.427,218.62432197201477,218.62432197201477,218.62432197201477,270.0713933155438,293.35628135859247,277.3158082318614,276.7079999779411,276.7079999779411,272.3277788173861,261.56700513165674,253.5595413695746,249.05219072687487,246.44124149662903,236.51104063506398,236.51104063506398
robotic_user10_trial_03_participant,0,3.6,3.6,,72.72395836193985,11.509357081934558,13.864991454949608,184.77112676844843,66.411277420532,282.97945725159633,4.17,5.55,0,0.180,167.57997751836007,167.57997751836007,226.54436497420102,234.65920100085646,242.71182766750837,238.3456734921396,237.8751959841732,235.69495970085924,234.29797762990495,222.8317193161603,209.63176641252343,196.0692412845717,188.85811513307297,185.01854827494114,185.01854827494114
robotic_user10_trial_04_participant,0,2.58,2.58,,69.90381846916132,13.195435414867772,13.752572755051165,230.1647636445307,20.12741941570683,267.4345457102,1.94,3.51,0,0.285,--undefined--,--undefined--,--undefined--,253.08105307490237,245.43154896692104,244.17348146436404,245.58347167959067,247.07959870155696,241.69105839038184,237.9258773689405,232.85715892910827,229.788463558921,229.788463558921,229.788463558921,229.788463558921
robotic_user10_trial_05_participant,0,4.02,4.02,,71.7469820236801,13.365265836813778,12.470411968167447,240.00767780867275,48.64555920861242,319.6832608168331,4.23,4.64,0,0.216,224.14405080431362,278.63371599960647,285.24414761793486,288.243612064276,283.0112435115542,277.18290955574156,273.09818271354703,269.9621336466557,267.80624111971946,262.26979138773504,259.36164867440436,256.071239465611,251.05539589340597,240.23806838916576,240.05336872545638
robotic_user10_trial_06_participant,0,3.66,3.66,,70.81982297772622,13.094758456083065,10.75712564221384,243.41109973176046,34.77530959320058,316.7160406205645,4.64,4.64,0,0.215,242.05297039605648,256.7221956275295,274.0266039653869,272.3912819667947,271.96236592630464,269.5414569686098,263.0805494392329,256.30952987455225,253.31292620154406,250.027043773225,249.09667031902015,248.0091629074485,245.98304690188087,243.91551189341334,243.91551189341334
robotic_user10_trial_07_participant,0,4.26,4.26,,72.22345206875187,13.55884362139528,14.502637635939662,222.3840728582694,48.89049240256793,325.03839523479604,2.82,4.31,1,0.232,--undefined--,272.57852316875176,284.90310009462814,269.3919497647611,264.61032399713025,251.71161776790126,246.56410226561732,244.06132536570342,241.42740789584394,241.42740789584394,240.13840222616201,237.18390219105868,223.99306206479002,222.12061756349445,222.12061756349445
robotic_user10_trial_08_participant,0,4.14,4.14,,70.75901634226105,11.427374040528942,13.303635470324268,231.1435765792938,32.986063430227055,313.30178396612814,4.59,5.88,0,0.170,--undefined--,--undefined--,277.29777068365644,272.48498255283175,269.5540891634537,254.3186034271034,249.39481616062548,244.40961992863157,242.7966871687558,240.3889803793641,238.2879576335673,234.31762527489252,231.84929525389802,231.2501399902753,231.2501399902753
robotic_user10_trial_09_participant,0,2.28,2.28,,74.38669739155213,9.724481899792664,9.154707603509763,242.86108621068456,43.69387913261802,329.8419599032979,2.63,3.46,0,0.289,--undefined--,--undefined--,--undefined--,264.88709626551173,276.51923775696764,297.45681543724476,284.98119061955146,273.64742638138506,261.6603195137861,257.58654661998787,253.62368489071065,252.68814908078352,243.79956313689587,243.79956313689587,243.79956313689587
robotic_user10_trial_10_participant,0,3.3,3.3,,75.27856025099848,11.610751295341883,11.301849566703122,185.19298856262677,56.292781748475996,324.52907644691305,3.33,3.88,0,0.258,--undefined--,--undefined--,129.53355714188618,159.1116847640847,159.94508326054972,150.85226204005323,164.23495391175464,169.90950297207834,171.13993241242994,174.72285134011892,180.27803727822564,182.58145908332335,185.83193158813177,185.69558076683583,185.69558076683583
robotic_user10_trial_11_participant,0,3.72,3.72,,74.82083908135398,12.533370066741288,13.898130564545735,221.71065905890612,48.66271447430419,357.93057144704636,3.49,4.53,1,0.221,--undefined--,290.0773102853825,206.84051642816758,222.63423802107073,227.50367617138588,229.62755274688232,228.29141872065966,229.798938260556,229.798938260556,229.798938260556,230.67779380668796,231.39719128574308,228.2599831927886,220.9749436661374,220.9749436661374
robotic_user10_trial_12_participant,0,3,3,,71.9991503548556,11.182828300437153,9.25574717430646,232.5837076459885,47.20618702781876,317.0155033302041,3.33,3.76,0,0.266,--undefined--,261.27822710934925,293.4189703355108,277.70691241256236,272.7518607794977,266.08777787624416,261.398170201759,258.20113102545093,257.467219966934,249.77928494578052,247.37825302952575,244.44955161338237,237.57710839258408,232.2121284964293,232.2121284964293
robotic_user10_trial_13_participant,0,2.88,2.88,,71.27150383188365,11.270633168535632,13.07092088171126,239.58228017174775,48.388366017488956,321.0334702073665,2.78,3.44,0,0.291,--undefined--,--undefined--,238.9974577260741,254.5375821161575,271.2848413791911,275.9786351334571,263.0549439525359,259.1447724271088,255.30346447491968,249.97529526112675,243.84796212576424,243.84796212576424,243.84796212576424,239.16165347139537,239.16165347139537
robotic_user10_trial_14_participant,0,4.08,4.08,,70.77391340203275,12.694226613617952,10.150838331510352,229.33588748643257,40.278910616223115,369.7243291435161,5.15,5.59,0,0.179,102.9707922834762,277.83386327220126,273.4956474239165,263.77171573848955,255.04104147151403,245.9217395845532,241.7648684302998,242.2275506061206,239.4538576951954,236.78130410964786,235.80069682405679,234.41112622514115,232.61691058356115,229.27096038005507,229.27096038005507
robotic_user10_trial_15_participant,0,2.52,2.52,,74.43702645541639,15.518995735686222,18.13058181455186,233.37365278482173,30.02450192568581,305.96042532660096,1.98,2.42,0,0.414,106.75757509097735,201.1305475557734,245.6100908232135,256.31742716542925,254.61077206779217,248.8991503738941,246.02847484301148,246.02847484301148,243.00517461616136,239.491360552141,239.491360552141,236.0599963082789,233.50666627118565,233.50666627118565,233.50666627118565
robotic_user10_trial_16_participant,0,3.66,3.66,,71.29593855090994,13.60075568620172,10.741830652173444,235.5215066696874,33.76027523843502,347.5713502062107,3.28,4.14,0,0.242,--undefined--,264.3121171834206,291.3776968450402,270.513895943502,265.0831235958485,257.8791045268388,254.97574223391865,252.10352483597734,249.6830668722384,245.13435911260564,240.08694496203614,235.63311698893213,235.63311698893213,235.63311698893213,235.63311698893213
robotic_user10_trial_17_participant,0,2.76,2.76,,69.73193186178841,11.102128087678054,11.393642366266244,235.6427715011688,33.33788349055549,318.4653483038815,3.26,4.46,0,0.224,223.75419901553215,223.75419901553215,278.07199054965156,283.52670219246977,268.5844094126379,265.39300839455456,256.241642959385,249.0559334561342,247.66832191492148,245.90288458934094,244.59886716892262,241.16912865931133,237.87418404580208,235.93676838089812,235.93676838089812
robotic_user10_trial_18_participant,0,4.14,4.14,,69.29846155875721,11.447567430389391,10.626333177078633,234.83206636896426,36.05422293960981,332.8286985663022,3.14,3.87,0,0.258,105.02172438517104,225.6950759282898,247.66070821934872,265.99281651878005,255.5290950036909,255.0783792130154,253.57768349931212,246.13395821897663,245.22235148276465,241.8831731267979,241.95338400166574,240.3324815791476,238.31318373878383,234.70947858395854,234.70947858395854
robotic_user10_trial_19_participant,0,4.38,4.38,,71.77002333612823,13.41511122459829,13.972404894530339,223.08650903568537,33.40311627855433,319.9573036313352,3.20,4.46,1,0.224,--undefined--,284.27524176450254,260.2986822130166,254.87735719711202,254.87735719711202,254.87735719711202,254.87735719711202,249.1294663291797,242.37215403609895,240.001520061292,236.97323790486837,231.94466733520906,227.5521373247307,223.08501092647734,223.08501092647734
robotic_user10_trial_20_participant,0,4.5,4.5,,72.18967389977507,12.642386088236256,13.091051599551884,215.58524158109512,55.2139060074601,332.5348660738214,3.78,4.60,0,0.217,--undefined--,244.1939510887338,243.75541769810857,243.49618745021056,258.85924684025315,257.06135203469313,249.97945085403015,231.8641999023278,231.07036343413787,230.3275365665811,228.92507697436125,226.91137085922455,223.87669565123701,215.4952757032937,215.4952757032937
robotic_user13_practice_participant,0,2.64,2.64,,72.97904519224275,7.154986754343466,15.433595466494971,181.00225885691577,40.90323876097967,241.2642152266344,2.65,3.71,0,0.270,--undefined--,--undefined--,--undefined--,--undefined--,207.64341452421888,205.74820194201686,214.65471932889085,206.15361163956078,199.17593541025647,189.70781365507105,189.70781365507105,188.52903281474747,186.28298981307267,186.28298981307267,180.88546231236305
robotic_user13_trial_01_participant,0,3.54,3.54,,72.24132697814943,8.515906900251448,13.379838406438349,184.49360885320536,34.04953326339164,274.45728989828297,2.82,3.41,0,0.293,--undefined--,--undefined--,221.9751906371745,210.7912907252744,221.92456131248215,209.13616660381,203.02203808934954,200.2709972605752,194.0604397517601,191.10153264781493,188.64251000984765,184.2654047808322,184.35462065528003,184.35462065528003,184.35462065528003
robotic_user13_trial_02_participant,0,3.84,3.84,,72.70182851412441,10.455253560940502,11.35857487367911,177.4709145614366,36.09679355572926,321.93103902578343,4.17,5.39,1,0.185,--undefined--,--undefined--,233.8452893543798,234.4510350070245,215.83595151741727,209.93874743734884,201.4391587224934,197.90487948952193,192.97740399892243,193.50506794718999,184.46144239227326,181.75322798091327,179.10759438861444,178.4515138118502,177.13553020899636
robotic_user13_trial_03_participant,0,4.44,4.44,,73.31265088434128,9.019121752784644,12.675905154632192,180.99179800996077,31.595372395748782,248.16977510481146,4.28,5.35,0,0.187,--undefined--,--undefined--,203.57659567439194,215.18267071731353,217.29516992772432,210.91255802988644,204.5581498427377,198.97325418575866,196.76825964121613,192.47575606483466,188.99664907216172,184.8653939066828,181.33535163669666,180.70388746352015,180.70388746352015
robotic_user13_trial_04_participant,0,4.26,4.26,,72.5600522558135,8.715755035383935,11.156909147464727,172.24537056102386,33.59875702590806,242.35937755020237,3.05,3.98,0,0.251,--undefined--,--undefined--,192.46846391218497,201.36389391454037,200.85293477818402,198.57091977294735,191.4437532958347,186.47373340230138,177.24350950320172,176.46234283488434,175.4946772356321,172.26424756154384,172.26424756154384,172.26424756154384,172.26424756154384
robotic_user13_trial_05_participant,0,3.3,3.3,,71.81632633514467,7.739084766638187,10.623152702553893,176.12273306798963,41.31177394241023,259.1009570772631,3.03,3.76,0,0.266,--undefined--,--undefined--,--undefined--,204.49778522434988,215.24947838375164,211.21965091176057,193.01622406348218,190.71403536579436,189.2128818860228,184.1174986278994,182.07208512143737,180.66855678310196,176.12205145971066,176.12205145971066,176.12205145971066
robotic_user13_trial_06_participant,0,3.6,3.6,,74.153180028827,8.248926479092813,10.640543803121714,180.3000531232835,41.96158073920433,329.007393042852,3.89,5.24,0,0.191,--undefined--,327.5412962483812,216.93548797993,218.7853677332155,212.59429132462117,205.52046052005363,197.84291150294342,195.76651819712274,194.0058890810525,187.94225577175362,183.44142993649558,182.72670967257378,181.95931734249712,180.4312612819505,180.4312612819505
robotic_user13_trial_07_participant,0,4.08,4.08,,70.68860419304023,9.658064443293366,11.468144575792085,171.15251871524734,33.55795932022789,231.40222667038253,2.94,3.47,0,0.288,--undefined--,--undefined--,211.80139812227767,206.38472058197374,203.06486877991765,198.60384925388826,196.1173299295546,194.5879352454486,186.8925878999704,183.9626374728348,182.85254753039032,180.33959869562148,176.31450134879043,171.55987650439428,171.55987650439428
robotic_user13_trial_08_participant,0,4.14,4.14,,72.29953148315514,8.97252531605335,13.070137930681556,163.8043185333105,59.12819737685706,275.5537477239261,4.11,4.63,0,0.216,--undefined--,238.86805572886294,226.15628639085833,232.0011243830913,206.70414574353515,177.994385797883,159.5388679722628,160.98571125324142,161.57536662750624,161.6225356192125,162.43549987104535,164.17334548629051,164.17334548629051,163.78747048526617,163.78747048526617
robotic_user13_trial_09_participant,0,2.16,2.16,,71.60921450067782,5.5747961580992085,8.670207000076562,170.7427982066036,40.26826498312355,215.6080002454288,2.31,2.82,0,0.355,--undefined--,--undefined--,--undefined--,195.4105401642454,199.37195943804676,196.67907216793827,190.84513636347478,189.0403404949977,184.22945304672055,180.86312418811886,178.52061928576222,175.133975943222,172.49021540839897,172.49021540839897,172.49021540839897
robotic_user13_trial_10_participant,0,2.46,2.46,,73.96056086028081,10.692156993131187,12.903793335231569,185.9920454825688,53.18635664595239,346.79893229876706,1.63,2.27,0,0.440,--undefined--,--undefined--,277.93061024670067,236.59256580761965,229.02229933207644,219.35518582519387,210.9465730809365,209.7029870806114,204.06316588559815,200.081463548399,200.081463548399,194.58161557532702,186.591061590136,186.591061590136,186.591061590136
robotic_user13_trial_11_participant,0,3.54,3.54,,74.50346628204571,9.182459273417335,13.169263756118585,167.36933299053518,44.18548952787836,314.1851373237154,4.24,4.83,0,0.207,--undefined--,106.1626922367114,171.89782943571856,181.05444150762963,190.40449852381,188.01764193704528,186.97950526541226,184.16957230457385,182.7534648600494,169.2519320882299,167.67361285056802,166.56158816119517,169.11170052342948,168.67729080431172,167.5105924942901
robotic_user13_trial_12_participant,0,3.6,3.6,,71.99888638138341,8.26971899000611,12.889448941707675,192.79060782427246,50.261543004292065,331.9141694392155,3.33,3.83,0,0.261,--undefined--,--undefined--,190.14353646281515,196.85356484557656,198.08397417170593,194.7134982382646,192.837236976797,188.12746088651375,186.87921311486735,194.27256887422564,200.60754546132569,198.24829577685648,196.14395586729157,192.6636959979397,192.6636959979397
robotic_user13_trial_13_participant,0,3.3,3.3,,73.58472728338377,10.189027634378482,15.430651579367229,170.30732242521975,40.60156798119679,242.28749569841608,4.55,5.32,0,0.188,--undefined--,--undefined--,202.99092732722562,219.5207204115188,203.30893795961043,203.49616603991174,203.08184767798878,198.05837878058185,196.59725937028696,194.31927563329242,190.2605078401873,185.14928574220943,181.53704165368245,172.76132808450413,170.67908846454597
robotic_user13_trial_14_participant,0,2.28,2.28,,75.40706414142845,7.107977191671415,15.35680335637835,111.12539823278094,35.551666958297766,220.56333680011127,2.63,3.75,0,0.267,--undefined--,--undefined--,159.1615644949746,180.3130250416231,159.247211908488,133.6798355234818,124.77018685164967,118.89640881675629,114.686085329536,111.68583679808583,111.2819610639242,113.60832005527088,111.8511586929798,111.8511586929798,111.8511586929798
robotic_user13_trial_15_participant,0,2.82,2.82,,74.2351839793912,9.615090696190215,14.610658092989965,166.67819631256413,43.98415244713329,224.6769402812723,2.48,3.71,0,0.270,--undefined--,--undefined--,195.05095253779945,196.54430256248955,204.47808031502953,198.21064293503795,196.54710878625855,183.4583016210282,177.5867144672748,174.3482539254269,173.67471737203064,170.31654316517418,169.70884169702686,169.70884169702686,167.26774891467105
robotic_user13_trial_16_participant,0,3.36,3.36,,71.38326269555235,9.884326401503358,11.24113288436675,180.6823171151614,31.394304958018637,230.3100471288297,3.87,4.38,0,0.228,--undefined--,155.34197845465144,206.07698149331517,202.57316611748612,200.49782919078558,199.56543138442422,194.37977480610374,189.7137893831703,189.46489760784425,186.6273233609749,184.56267095791688,184.39634652403947,183.958153207265,183.958153207265,181.06829973370398
robotic_user13_trial_17_participant,0,3.54,3.54,,72.53944617691519,10.265016797270063,13.738320658530832,189.27227501814667,51.38794074134226,347.3942974371986,3.95,5.40,0,0.185,--undefined--,--undefined--,176.58869520027034,204.96635770888855,202.61410685883638,200.65960302681492,196.15003198016205,194.09483019566125,190.7402183870085,187.96567470810388,183.35513300560123,188.2775951798507,189.92489740162387,189.92489740162387,189.92489740162387
robotic_user13_trial_18_participant,0,2.34,2.34,,71.70064782307404,7.8488464150837824,11.608727012230764,181.7957683024907,37.22975076020176,246.16420805155863,2.14,3.36,0,0.298,--undefined--,--undefined--,--undefined--,212.88414572561283,210.35584906484502,216.35517879208737,199.10569686915707,196.49398053904358,195.12707567998714,192.3034228645169,192.3034228645169,190.35863337718638,181.9396278231405,181.9396278231405,181.9396278231405
robotic_user13_trial_19_participant,0,3.06,3.06,,70.46465666529485,8.491704133109444,12.886045119094637,176.5613876951671,41.17340753480755,330.3071909298806,3.92,4.57,0,0.219,--undefined--,--undefined--,238.15667630519056,214.43983424659677,202.07676995419126,200.54965025326047,195.52851994481406,191.86193777654515,190.8285783958969,189.27877321455293,188.26107454680297,186.77437136219555,182.21427357048293,177.7889743612933,177.07914646283126
robotic_user13_trial_20_participant,0,4.26,4.26,,72.33950215992269,7.74220380810288,12.488377503600983,178.89246845042655,30.786901521241553,257.73172247641526,3.76,4.69,0,0.213,--undefined--,207.14769027341765,210.692940470673,198.73427586661276,198.37015331319043,192.6371817359168,189.39256157707712,189.39256157707712,188.63349398784672,188.99347262869938,187.22602001038948,185.56385910992134,180.62253633616405,178.16428039684754,178.16428039684754
robotic_user15_practice_participant,0,2.7,2.7,,69.56630555698935,7.714518223679527,6.516363355153425,257.40204421457673,27.56296056738572,326.46257116947,2.59,3.96,1,0.252,--undefined--,--undefined--,--undefined--,--undefined--,265.90656181084745,273.673754541469,272.8988690282451,262.1135149407387,252.72393568340175,252.15921036707897,254.5520385648837,257.1221029715188,257.27904268042903,257.27904268042903,257.27904268042903
robotic_user15_trial_01_participant,0,3.84,3.84,,71.58503176942273,8.223910644200574,7.961373569352834,222.60888892727343,47.24499804568532,310.50180424474934,4.43,5.10,0,0.196,--undefined--,--undefined--,261.83520347728006,269.0202560015294,276.30706250135944,265.0215690769441,254.32033351229944,248.53373915771567,241.51151513106888,239.30161357158508,236.22919134903944,227.53085026385565,226.95830663318887,224.7100594995599,221.99805806277533
robotic_user15_trial_02_participant,0,3.78,3.78,,70.56626833099652,11.21212947049852,9.241127394188057,204.26667897328045,52.59964936181535,279.82424900023767,3.70,4.39,0,0.228,--undefined--,--undefined--,261.23743339408907,261.80855000732356,264.53711367850786,252.14849508548247,243.77295860053383,238.07562941504045,231.84241943674277,215.57008001465596,207.5076467290756,207.63230849086156,206.22303500387784,204.36724438998388,204.36724438998388
robotic_user15_trial_03_participant,0,2.16,2.16,,68.4451936625088,7.9052062018542255,7.5452289843101426,229.61724563334263,22.01808299035204,344.9889091807234,3.70,5.10,0,0.196,--undefined--,--undefined--,--undefined--,344.9889091807234,240.53192163592686,236.45843754507484,236.39389807475894,235.30732142788858,230.94262307244955,227.34902572659868,226.93400766943424,225.30562975402145,228.18592791632247,229.74233527423,229.74233527423
robotic_user15_trial_04_participant,0,4.2,4.2,,73.86835407305401,10.45900924779073,13.100124357836997,224.6762774013474,30.211493650309425,288.87352001062084,4.76,5.27,0,0.190,--undefined--,--undefined--,252.7200658410126,260.18316959382514,256.2421867560386,249.25890810882353,241.53933067097074,236.16835819608804,235.4304458695838,230.02379478717452,226.62591883851007,225.69966791603923,225.3323468747558,224.55801950501498,224.55801950501498
robotic_user15_trial_05_participant,0,2.16,2.16,,72.74795876664217,6.9552308270510235,5.314689769791853,228.70556929299073,17.69140008506411,264.3601766426635,3.24,3.24,0,0.309,--undefined--,--undefined--,--undefined--,--undefined--,245.26670095850125,247.43186863699458,242.04087494841482,242.863568495755,243.3893078610757,237.89700447198558,231.23827670747517,229.13559877843556,229.13559877843556,229.2567468651488,228.54425647903696
robotic_user15_trial_06_participant,0,3.6,3.6,,72.61789636408562,8.885352559507968,10.932981613794388,201.67233254976216,44.405363703562806,286.61262982687794,4.44,5.38,0,0.186,--undefined--,--undefined--,249.11306352563466,236.41868839441338,232.48890106312916,229.96656595052303,227.84346178102862,220.2625689809702,219.00972924723092,212.39750368759837,210.09974832121335,201.7627810686006,201.06806552830975,201.06806552830975,201.06806552830975
robotic_user15_trial_07_participant,0,3.48,3.48,,70.58878731436137,8.704132579543666,9.291360778962279,218.82297253186115,45.0737851988131,273.5904103646877,3.16,3.97,0,0.252,--undefined--,--undefined--,--undefined--,218.0950557340337,236.34235307197537,227.42698795118264,220.11549473459084,223.90251975468132,223.3499980483402,225.48390060063753,226.37515222662697,226.58593246890962,218.64107539517883,218.71333972745583,218.71333972745583
robotic_user15_trial_08_participant,0,2.88,2.88,,71.07670338136268,8.139206996892176,8.652282630727559,193.02905507332474,65.96225887141888,319.81498317015433,4.51,5.51,0,0.182,--undefined--,--undefined--,313.1092126564946,251.37026480907517,264.2745941067555,258.8166949158386,252.55480396677848,240.7581258204134,235.88961489822822,233.03152282157305,218.74248502023778,205.4492551006028,193.97548501403753,193.97548501403753,193.97548501403753
robotic_user15_trial_09_participant,0,2.82,2.82,,71.44101448528174,9.428793439215719,8.043334497495193,221.03314355779347,34.41304326999347,285.6377894066631,3.90,6.08,0,0.164,--undefined--,--undefined--,--undefined--,238.11656886555576,248.09226975347147,246.4218308459991,237.98525961994454,233.43200859075813,232.46712575186538,229.05840461552373,228.5387757716525,226.3900142262751,221.48589803838584,221.48589803838584,221.48589803838584
robotic_user15_trial_10_participant,0,3.42,3.42,,73.98979447046544,7.953190282735012,4.018824412654681,206.73769737208335,54.14601521452483,293.82155780581513,4.97,5.79,0,0.173,--undefined--,--undefined--,228.05385234296168,249.59727478301403,244.54555769681716,238.35984549624092,237.15562692817463,233.663957555886,232.93888314586567,228.27134723358435,217.2713038259008,217.57976721669476,215.44205366233754,210.09523842007613,206.97717366082992
robotic_user15_trial_11_participant,0,3.3,3.3,,73.46527007393419,10.192887434528041,9.649642541632033,212.72684471343243,46.13079517907507,333.52654881579394,4.55,6.38,0,0.157,--undefined--,--undefined--,243.40674526618125,234.55678642432665,214.31671480351164,214.42608096998603,208.24158723113496,208.11450660653472,204.34558364984142,205.2070915617204,208.8279391940165,209.00865668429915,208.96203386900598,213.08028988189528,213.08028988189528
robotic_user15_trial_12_participant,0,3.18,3.18,,72.61314074394846,7.499235983104867,7.73742233309214,214.38194355483773,50.7237467762443,319.01969490750366,5.35,5.35,0,0.187,104.26869993801813,136.8136893074587,148.70122101850708,188.99083251709544,205.6196982697086,214.8099552259925,216.32981875857135,218.03293490995955,218.4917532147686,214.08193126192646,210.95476146154607,210.46357111206174,209.01542958859787,215.97079394495253,213.88395256654792
robotic_user15_trial_13_participant,0,2.88,2.88,,71.78458137566929,9.208658728128816,10.684568524302886,171.9334282553745,64.23582467330559,268.8310188326267,4.17,4.78,1,0.209,--undefined--,--undefined--,--undefined--,255.08195697944598,240.97613508793606,239.64986930460873,237.877232622957,237.12410647269232,225.23517268099997,200.20284279622967,186.25680941923318,174.4942084070461,171.48810654115843,171.48810654115843,171.48810654115843
robotic_user15_trial_14_participant,0,3.18,3.18,,70.44297205005688,8.311618168655608,9.150158968651397,199.80662723620793,61.05995305641183,279.7550452099836,4.09,4.09,0,0.245,136.03531854261163,136.03531854261163,245.12292398040847,254.45289752842996,249.33556075610278,241.65268624049082,229.10859316463635,227.81296102508102,220.2727183844632,220.5487916280275,207.10170057479607,202.75635882117638,199.30049739316107,199.30049739316107,199.30049739316107
robotic_user15_trial_15_participant,0,3.66,3.66,,69.73656627161921,11.541123905512586,8.871777964543021,199.75479777152805,46.1980008863088,299.4023640482482,4.92,4.92,0,0.203,--undefined--,--undefined--,248.23120205742188,187.72664952552068,201.11205855882082,205.79055735137734,206.91027179816896,206.42110627804422,206.78833611260256,207.39096641722196,205.64615355627805,201.95346104875682,198.57690662659562,199.91853506560446,199.91853506560446
robotic_user15_trial_16_participant,0,2.88,2.88,,72.4818890184962,7.5938076376565515,8.275923604758729,217.75801722797829,64.88610114445588,282.95393671131484,3.82,4.48,0,0.223,--undefined--,--undefined--,267.0648806487342,254.1167807692727,247.71889606040486,252.34123990712467,253.0361643454927,247.0100681933857,247.2261112291023,241.27628585222058,229.85263484484219,220.91815041339365,218.55404489675973,218.55404489675973,218.55404489675973
robotic_user15_trial_17_participant,0,2.22,2.22,,69.99973390261974,8.764432912053065,5.468741059624554,239.1828917218634,35.03618032238241,298.8441438328744,3.60,5.56,0,0.180,--undefined--,--undefined--,--undefined--,254.4091698013725,266.98380721867795,269.72757426004347,264.85256657869417,258.4382920350581,250.14729750189449,248.58492632825215,246.67137894804716,242.04146820871708,239.2729633833696,239.2729633833696,239.2729633833696
robotic_user15_trial_18_participant,0,3.48,3.48,,70.57081124073649,9.478023496501917,8.274365842307205,208.180826333089,35.759447236008846,270.832114325396,4.60,5.37,0,0.186,--undefined--,--undefined--,219.53986404519708,240.33085990514036,235.57821317203263,233.52200504384484,227.77435377296771,226.00193979077724,221.92408153638468,220.02281444053796,217.23224387060938,210.65469720618572,208.22970952529826,208.22970952529826,208.27731754803668
robotic_user15_trial_19_participant,0,3.96,3.96,,69.87818013990193,10.747653771317909,6.858299875673212,210.7820453289408,25.905754406300627,348.87613955979634,4.29,5.33,2,0.188,204.60915209288476,205.33540175568425,205.33540175568425,206.9103886855375,207.35044320037605,207.35044320037605,209.35776502457833,212.6356251347454,215.70478039980935,216.47683193931454,216.0255426549231,215.53448300725321,214.26251734255018,213.34418140582602,210.7575119384834
robotic_user15_trial_20_participant,0,2.4,2.4,,68.38084049767828,10.325304349940994,6.859211457954389,240.38757844679216,41.03685197979246,320.63333343033605,5.00,6.02,0,0.166,--undefined--,--undefined--,226.34691619220675,250.66704449374254,264.05741160723596,273.80811857415955,270.45774797712045,264.4059013414245,260.0100044984457,259.615779532694,257.80938935396915,255.72119159628804,250.4088015573366,245.56800762429756,240.33065817923688
robotic_user19_practice_participant,0,3.48,3.48,,69.94731750433486,10.741626378123227,13.738413335231002,128.82049186489144,44.51981684766803,348.4429373387496,3.45,4.48,0,0.223,--undefined--,--undefined--,--undefined--,122.69563362783447,123.93018095984701,127.6909553318853,130.4682648883242,127.34290617862666,126.20642174069089,124.86418421325143,123.91716692702575,122.2613165732441,120.50036719587897,129.16383654977216,129.16383654977216
robotic_user19_trial_01_participant,0,3.6,3.6,,71.68844674558896,13.086952689699306,15.638770075106045,119.91374932302364,14.027878582962952,170.41585872504672,2.78,3.32,0,0.301,--undefined--,--undefined--,136.93479100688293,138.28612445770685,131.96155210668445,131.72235646058493,131.72235646058493,130.1841309081377,126.31343968037112,124.6099513849915,124.37196077280926,122.75962757905238,121.74606717410917,119.84517203715828,119.84517203715828
robotic_user19_trial_02_participant,0,4.56,4.56,,70.80873552346321,13.988034251699412,11.420863273925871,120.31000645920456,11.258011012061914,143.95933846664033,3.29,4.60,1,0.218,--undefined--,--undefined--,131.32353273395043,135.60243459356985,132.4299799880548,129.57474840115808,127.17329474152486,125.81749913644396,126.18777569063218,123.29211548522777,122.6852190369327,121.54690588953459,120.30118562809191,120.34549109197198,120.34549109197198
robotic_user19_trial_03_participant,0,3.78,3.78,,71.49356879756775,13.170800573794176,15.188887458856662,121.18838592179002,15.703570408645998,159.915740554557,3.44,4.75,0,0.210,--undefined--,--undefined--,139.7155090163582,133.73664777927178,135.1805432543961,134.50138873395665,132.8607086502746,131.47415334591247,130.7406231981033,127.8093943028775,125.8671307426449,122.99113847169197,121.6157384348564,121.13946153818804,121.13946153818804
robotic_user19_trial_04_participant,0,4.56,4.56,,70.78818525696745,13.166451485642765,16.789719417457555,121.26858351980042,9.32230329079676,147.26035168876942,4.39,5.11,0,0.196,--undefined--,--undefined--,126.6335160000883,129.5208557438063,128.51692821698805,127.67747001744421,126.56318246821233,125.13659122060972,125.10354585947549,125.2174862299405,123.09118442873125,122.09115477062213,121.24454423106717,120.34081180841908,121.22219898744193
robotic_user19_trial_05_participant,0,3.66,3.66,,72.93894069073626,10.656401789825974,15.692508170695302,126.24470964427648,13.671375837905297,170.96457686912126,3.55,4.92,0,0.203,--undefined--,--undefined--,135.80496071824152,128.37775960746006,130.68753288255238,130.04466982199364,129.31780470348357,127.73757597466752,127.54079667322235,126.92477531577646,124.55656134152619,123.40313759890394,125.49593063366525,126.24423209129297,126.24423209129297
robotic_user19_trial_06_participant,0,3.96,3.96,,69.20286254027471,11.203198352627687,14.40446410895209,118.22528840436503,13.59118804134225,193.5502946292738,3.28,4.32,0,0.231,--undefined--,138.3931188439958,138.8796925747628,132.66673896599025,132.53090570167922,127.8246331398809,124.1285874649452,121.09013137532018,120.33491038304464,120.5330513687282,119.90492515633149,119.07633443841867,118.29543376488637,118.29543376488637,118.29543376488637
robotic_user19_trial_07_participant,0,2.34,2.34,,73.78264489348956,9.672305402348195,14.120391381393327,119.08929950946813,13.544185178720829,146.57637531880707,2.99,4.25,0,0.235,--undefined--,--undefined--,123.48132112103539,129.1901894857419,130.01220148877636,129.46788686174574,130.40712975704014,128.69856105431032,124.55568712689474,122.72238484131866,121.87286876258744,121.01578491980747,119.27362941796734,119.27362941796734,119.27362941796734
robotic_user19_trial_08_participant,0,5.94,5.94,,70.62143528181113,13.984834909803077,15.802934031154601,123.31180557308534,33.01734690144861,344.12363959270203,2.86,4.01,2,0.250,--undefined--,143.8946015395056,151.867570851385,140.41834651214376,136.75789929988198,132.4487940990596,130.9967693263231,127.6805642081968,127.6805642081968,127.6805642081968,126.82741553324468,125.79182854220018,125.09102823877014,123.66329260804473,123.47950296080171
robotic_user19_trial_09_participant,0,3.48,3.48,,72.46985539240285,12.918083728084333,18.23374918894334,126.3371304996726,9.2021413594605,149.952772148789,3.74,6.20,0,0.161,--undefined--,--undefined--,--undefined--,133.32323822835522,134.13301152738643,134.4370013206842,133.94856424307028,131.16901420589116,130.40310808016218,129.43575649797114,127.92218965937772,126.5459914027882,126.40177939652605,126.40177939652605,126.40177939652605
robotic_user19_trial_10_participant,0,3,3,,70.54544392449651,9.357842020586931,15.1763535783455,122.50369175529731,13.725631957088106,156.27207813330313,4.00,4.59,0,0.218,--undefined--,--undefined--,135.68798142694305,139.63218942113562,135.6102706969531,133.58427255335744,132.32005762898595,129.6403212981909,128.6711993735261,125.95847890227633,124.91009604258794,123.31045055067244,122.24666107607703,122.57211930456145,122.57211930456145
robotic_user19_trial_11_participant,0,3.72,3.72,,69.91674846159748,9.313718918256942,16.526513121943896,124.38257016025827,13.209577845332223,166.24441571971292,3.49,4.56,0,0.219,--undefined--,--undefined--,140.27616207649643,144.82396184979638,136.15451507204307,132.3246766645878,130.4226052132249,129.05255954130874,127.16279878790914,127.16279878790914,127.15641876125356,124.71407441922794,124.45161959890268,124.45161959890268,124.45161959890268
robotic_user19_trial_12_participant,0,3.42,3.42,,70.89513673759464,9.601229631246444,13.667332751668212,131.45482225897587,17.558741577494235,204.68139162880036,2.63,3.80,0,0.263,--undefined--,156.5174646310516,148.16907770322547,143.84608499102345,139.04658210015728,138.58659834748968,135.8359059528377,135.8359059528377,134.73582147990803,134.73582147990803,133.76160938444585,131.61945694345314,131.61945694345314,131.61945694345314,131.61945694345314
robotic_user19_trial_13_participant,0,3.24,3.24,,73.62281917615816,10.519916714568792,16.565631404430473,132.58965539201108,21.98610474484533,303.31660338951224,2.78,3.32,0,0.301,--undefined--,--undefined--,202.60357145433264,163.2635677000305,151.45941412249024,142.1713243292013,140.3964552874021,137.3053878217723,135.8302273343132,138.25082624470383,137.39379287883412,135.49181123245202,134.11326646631642,132.9457329203297,132.94482385612335
robotic_user19_trial_14_participant,0,4.2,4.2,,72.31360619802568,11.92370376328821,11.483554884692357,139.47526567042405,17.332415064509007,193.17584986847905,3.33,4.13,0,0.242,--undefined--,137.90606497528387,152.10270006066312,145.1727963598206,142.62128511307387,142.52965434517125,141.2539112258109,138.46601558707775,138.46601558707775,137.40295210401482,136.51862491644445,135.61645698587373,138.16762174413785,139.613871157667,139.613871157667
robotic_user19_trial_15_participant,0,4.86,4.86,,70.41305542982758,11.02164991622099,14.841162186638039,137.16317181211411,25.53581848347895,326.2865188033791,4.12,5.43,0,0.184,325.92416051676366,190.3771077714017,158.91490765147472,150.25877645963374,149.928989477159,145.245770397421,141.58586815322846,140.16351131103335,139.8306218694561,138.9652267096421,137.49100458961308,138.50317938819117,136.9859613702308,136.9859613702308,136.9859613702308
robotic_user19_trial_16_participant,0,3.24,3.24,,73.48846998485772,12.443349983335096,16.308356577849146,130.6335852661643,21.828510197340886,326.21949475195345,4.63,5.90,0,0.170,326.138107174153,193.48537228038444,159.3792545083686,152.85465954691796,147.03905391505114,142.78815573935805,140.76454001632152,138.29014582020326,137.47444951177718,135.80438366534733,135.83051448667288,133.42502474289262,131.59857003072125,130.60373797946102,130.60373797946102
robotic_user19_trial_17_participant,0,3.9,3.9,,72.494731594317,11.16259757897985,16.384851739263787,136.45110779061298,12.35430493433988,173.3998043835201,3.33,4.49,0,0.223,--undefined--,--undefined--,144.98105308419355,148.23472170028677,144.0476253801829,141.84471438956461,140.8877918674629,139.67906950495242,137.9178243673853,136.97957610841814,135.3982150006412,134.50838614935688,136.43172266622494,136.43172266622494,136.43172266622494
robotic_user19_trial_18_participant,0,5.76,5.76,,73.23454737460922,13.47710477518812,17.616221126060264,133.18705525896448,11.2530002393263,183.61943911623737,3.12,3.71,0,0.269,--undefined--,138.32713955302356,139.22143346048279,138.4075561056683,136.22653022048286,136.24916956978808,135.2448823386035,134.7949926348293,133.90806527409245,134.32445717357118,133.85059925355307,133.5987347510912,133.43870471586717,133.1727395241382,133.1727395241382
robotic_user19_trial_19_participant,0,2.46,2.46,,70.90163087025263,12.54682241234406,18.931946881876524,139.63153958684555,15.024108819115321,230.74344381802257,3.66,6.25,0,0.160,--undefined--,--undefined--,162.93656824800414,155.202230179225,153.96807532901508,150.05087530445164,147.16299455894855,144.37390073148268,142.94031402049816,142.25958304307818,139.5528115617741,139.5528115617741,139.5528115617741,139.5528115617741,139.5528115617741
robotic_user19_trial_20_participant,0,2.58,2.58,,70.64323710946597,11.386403075930332,17.626334467679218,133.44498954936128,14.796866324233779,170.6535785343702,2.33,4.08,0,0.245,--undefined--,--undefined--,--undefined--,137.7284376434551,136.2003702813924,134.02804883530715,136.77586702835092,136.5326000083198,134.45419803193064,134.26265957364242,133.32382055136114,133.43290717224195,133.43290717224195,133.43290717224195,133.43290717224195
robotic_user20_practice_participant,0,2.76,2.76,,71.09513475808168,14.09432710312891,5.171659728069518,229.50123530453826,78.0097808558002,369.3576021820953,0.72,3.91,0,0.256,--undefined--,--undefined--,334.06425053265644,280.9847781164485,234.33065682545305,229.48181403212732,229.48181403212732,229.48181403212732,229.48181403212732,229.48181403212732,229.48181403212732,229.48181403212732,229.48181403212732,229.48181403212732,229.48181403212732
robotic_user20_trial_01_participant,0,3.24,3.24,,81.587602105851,12.067204657502526,13.129760376680704,212.7843547591519,49.599231921442204,354.89017698192436,3.70,3.70,0,0.270,--undefined--,--undefined--,258.21704194432607,268.7108398736926,262.49450970942655,241.3176656430368,234.56904246230022,228.16921340444944,226.12594679874164,223.26785165774234,218.76977985704815,216.09853344830663,213.77031205483277,209.74332429665657,212.1061361623797
robotic_user20_trial_02_participant,0,5.04,5.04,,79.88778365315741,12.782479923629733,13.569438089981421,227.35474455652033,45.1477440989962,367.5176563045142,2.58,3.85,1,0.260,78.7547814711591,199.75843056640184,242.60874209478743,249.41346708350343,245.8140892880284,238.39046036564926,236.6283670816832,236.6283670816832,236.6283670816832,236.59298210341086,244.02404287052482,241.71602896964757,234.86517676438254,229.47506290636318,226.90764832996265
robotic_user20_trial_03_participant,0,2.88,2.88,,77.21214564688513,13.931274841355684,9.302777567169448,220.98269639413772,34.50310251043974,334.4776232223038,4.51,4.51,0,0.222,--undefined--,281.17413716823415,280.6835396574766,245.9171261943228,250.43657503518546,251.4865414918182,243.59027158431795,237.65884267498387,231.64070326678754,229.7854554182379,226.99729438468543,223.152077420546,219.2355165064101,220.9807074910071,220.9807074910071
robotic_user20_trial_04_participant,0,6.18,6.18,,71.89688259429175,13.616263201167742,12.030200196839608,231.7606655814309,40.851050047757674,362.32317939842295,0.81,3.43,0,0.291,--undefined--,--undefined--,--undefined--,--undefined--,--undefined--,--undefined--,--undefined--,--undefined--,--undefined--,--undefined--,236.20729383607912,246.9160550177536,237.51076994152365,231.7064221129067,231.7064221129067
robotic_user20_trial_05_participant,0,1.86,1.86,,73.61350787542685,13.007571728448143,8.551113688411181,238.94366218254805,66.36081743570472,319.6386842187635,2.69,2.69,0,0.372,--undefined--,--undefined--,263.5875080825356,289.2928332705544,297.5751209605981,297.96500224438626,296.0481556612715,288.50970884173864,273.15456715413956,269.2862652578607,261.8156499146217,256.5296723915606,240.9143534105657,238.1876099868321,238.1876099868321
robotic_user20_trial_06_participant,0,2.22,2.22,,77.19580560533277,13.596607120976849,7.7683517964165,258.09784599310285,38.85344717304858,336.60028688274645,2.70,3.97,0,0.252,--undefined--,126.87029697039043,126.87029697039043,126.87029697039043,126.87029697039043,213.6313301568687,233.8009587706363,251.00816308403526,269.2400527604351,261.40189630217486,252.99431325276439,251.12768914969544,252.65817361437175,257.122672310568,258.02187145437165
robotic_user20_trial_07_participant,0,3.18,3.18,,73.8808660362774,14.96613124601237,11.23898456295348,212.87907562161243,54.04075872574906,351.6391851784196,3.46,4.08,0,0.245,--undefined--,--undefined--,280.30031663312656,244.21290471097973,254.72085235500435,250.05842750497888,245.79235184295135,242.4462425721602,238.65277029368661,232.2169793633904,225.768333812553,223.08498712634318,220.10020091373036,212.53533568575597,212.53533568575597
robotic_user20_trial_08_participant,0,3.18,3.18,,73.13758375999376,15.723602993957776,10.991172254286441,215.6090122777549,54.34414903250821,329.11523537757483,3.14,3.76,0,0.266,--undefined--,--undefined--,249.213685209662,284.5527123128464,259.12380586795274,264.48000819878433,253.29973214658852,248.5358059041941,238.8177105096542,229.89945161385418,222.4439203414449,217.50680489997296,215.47327731341764,212.32640481350293,215.2844724571247
robotic_user20_trial_09_participant,0,4.14,4.14,,71.06900931000271,14.145538371711085,4.048008774021905,225.71539106669766,52.48574911895416,369.90063546540114,4.35,4.99,0,0.200,--undefined--,--undefined--,262.3928898192819,274.90329318068177,261.89703066003585,250.40131428650722,250.26100818806515,244.26544408657918,243.9433094399521,238.704555298459,232.4682879245218,227.87077951207786,227.34318067211873,222.30877250589288,225.9086592442546
robotic_user20_trial_10_participant,0,3.9,3.9,,71.51376324791522,12.555456355765376,11.345358426188579,200.74648979910552,61.134984383997846,356.1516187804198,3.85,4.33,0,0.231,--undefined--,267.03255646426396,274.31870180095723,214.72241068599726,226.6441489103646,229.13469905635867,226.6554188036638,224.7686798394041,216.06688541102898,199.82656521434632,197.27596253202185,196.40644161869568,197.56299446153514,197.83759168891962,200.46046069803396
robotic_user20_trial_11_participant,0,2.82,2.82,,71.66893854826385,13.915922780119253,13.757251494874067,232.73301622269923,37.251946745449374,367.6904398068022,4.61,5.27,0,0.190,--undefined--,--undefined--,--undefined--,310.2037176464379,264.5805430470867,230.32017917462625,239.70875168970903,242.0921846262152,242.78472181354434,241.72837122204075,238.5603591966626,236.27732707975258,233.2337842040376,232.37448766536,232.98126394472845
robotic_user20_trial_12_participant,0,3.36,3.36,,72.45419251131399,16.95711624859225,14.768737356143774,230.93991525337748,42.31185222842985,363.6734986963522,3.57,4.32,0,0.231,--undefined--,--undefined--,259.24882952306825,270.62791050285585,273.79982776511747,266.9161582446336,268.0599558917406,262.0765864405323,256.07839675394206,248.51984520922983,241.268534134803,236.35058034649217,231.9824962862379,231.3178946716936,231.1745462413465
robotic_user20_trial_13_participant,0,2.64,2.64,,69.29263017675777,14.393904852724088,15.314167127085243,231.00974565201867,38.759284970761264,360.8502000095262,2.65,2.65,0,0.377,231.8452335370888,244.64848839754413,255.95264023032732,264.10451875224163,268.0213745530763,269.5541902943646,258.664781808431,249.17985605099636,244.68938352331082,242.51004317104156,239.31522342647764,233.67663620818973,230.92808679096936,231.0027324375372,230.988364877198
robotic_user20_trial_14_participant,0,3.96,3.96,,70.94219091743913,15.090978169421204,16.581068055149903,212.82717179687316,48.20335413700965,364.7985223507174,3.79,3.79,0,0.264,260.24450650868243,284.0368489636446,279.3364119653617,273.06060721094474,260.1398190898172,248.38012899883753,241.720388631331,236.92588200590671,230.17813937916907,224.02917406431308,222.8097380198584,219.89381839985407,216.30325789611453,211.78097297625675,213.32069991190062
robotic_user20_trial_15_participant,0,3.42,3.42,,72.40539238914249,12.195799130197736,10.992616934842772,216.4138116153347,62.7096157588905,370.0446740275347,2.92,3.43,0,0.292,--undefined--,--undefined--,311.22913840230984,253.6945130020321,261.9766607493044,262.88402361732244,260.3343975251972,255.81145012028605,249.89045280835882,240.9040233317933,239.03263925924392,233.04527521116222,223.27090405009477,215.89628315237437,215.89628315237437
robotic_user20_trial_16_participant,0,2.82,2.82,,72.7138295517332,13.422721279641989,12.387370300995295,221.7977229690773,60.00310621730453,370.0353139625897,3.90,4.52,0,0.221,103.61463213111793,103.61463213111793,281.23805599517567,290.64288414056483,277.2703069023466,264.5294476880736,257.9653615657914,254.8921066313611,253.70333486433506,246.42452774350156,242.08231500825303,236.11973749532024,230.31361103599107,223.54858808424282,221.33523074746412
robotic_user20_trial_17_participant,0,12,12,,71.19517620956412,19.685136712237508,11.396036919671666,263.9622882210694,45.93742540418652,366.7462142688505,2.33,3.93,2,0.254,260.30871271022914,262.39507495165935,261.95177920983525,257.62450939816785,258.7686154071664,267.1002162080803,270.1946405939359,268.7335778466839,269.40337653834223,269.40337653834223,269.40337653834223,269.40337653834223,269.3017811752446,267.95110968713226,264.1244850950844
robotic_user20_trial_18_participant,0,3.54,3.54,,75.54896982189236,14.534012356643261,14.626925115150417,222.05035433342928,40.29336902964214,326.40932239838787,3.95,4.68,0,0.214,--undefined--,--undefined--,283.4920871763071,251.72229560265285,258.87077977749203,262.7938788324659,250.86077737828177,243.8642409051179,235.36081687747605,229.49105484250646,229.76920385031377,225.4814382134619,222.83378032707535,222.26936684981533,222.26936684981533
robotic_user20_trial_19_participant,0,3.24,3.24,,76.79752689070584,13.928925345102225,7.823002853085005,220.81081492184686,45.85085446669326,366.27912872554936,2.78,3.30,0,0.303,--undefined--,--undefined--,250.33175190437368,258.2532770391561,254.92634281009938,249.84100501539558,243.95808724951667,236.0268059942754,235.01547920937497,231.75975353293336,227.57215984794644,226.5938673426973,222.01282840035464,221.3213806058082,220.14135729012617
robotic_user20_trial_20_participant,0,3.72,3.72,,70.9451438826864,16.176510163905405,9.0890032449701,224.14797907619922,30.205283673063377,364.83650113856044,3.23,4.33,1,0.231,--undefined--,--undefined--,244.34388457036223,244.25780239508182,245.4523648562798,239.566031524829,236.54613791810092,231.85107788234524,230.16427678976163,230.16427678976163,230.16427678976163,227.4700433970557,223.47966448023843,224.2501896969548,224.2501896969548
robotic_user21_practice_participant,0,2.34,2.34,,68.4804798241464,8.11898790848221,10.529985956943316,208.0707943282075,19.347402816271263,264.9301757975988,2.56,4.12,0,0.243,--undefined--,--undefined--,--undefined--,220.27177479636958,224.4262643847323,228.04225138546207,218.82479814323042,213.99951224095315,208.88240576490938,207.99252267707587,207.99252267707587,207.99252267707587,207.99252267707587,207.99252267707587,207.99252267707587
robotic_user21_trial_01_participant,0,3.36,3.36,,64.75353098090366,8.523625212405125,10.511323534953018,190.5177799902233,31.6794176007552,267.7176378791688,4.46,5.14,0,0.195,--undefined--,--undefined--,205.61114605546808,220.59875638604896,214.97494101717362,212.6601139789593,203.8784876919647,200.058451193038,199.27803639238851,197.16100866474957,194.41339359507623,193.75437696769563,189.05514486704078,190.82167258216347,190.82167258216347
robotic_user21_trial_02_participant,0,4.26,4.26,,68.96743548213132,9.568843688295347,8.916956388945115,191.76945490204267,19.0629845860757,247.2226662938319,3.99,5.56,0,0.180,--undefined--,205.43684861101892,207.09240271624012,206.88998960890268,205.26626618635035,205.17192397604882,197.39266936208722,196.4504142583517,193.63429470827074,192.28457903419098,190.79109652329063,191.70316187394485,191.70316187394485,191.70316187394485,191.70316187394485
robotic_user21_trial_03_participant,0,4.2,4.2,,68.48218565055853,9.264853197214943,6.166829873327715,171.81548657198263,36.84238655749691,231.50388752623044,3.57,4.88,0,0.205,--undefined--,--undefined--,204.75399998592687,204.42193736836694,200.06266813603588,196.1424793056906,193.61904081368883,192.05218558383663,189.95930897288318,178.15181887773187,178.01357119700734,179.13005827800825,172.11366587793762,172.11366587793762,172.11366587793762
robotic_user21_trial_04_participant,0,3.72,3.72,,68.78704156054384,8.789882278444045,8.182197052782787,186.96110258608894,33.371031652632574,233.26227115994007,3.23,4.21,0,0.237,--undefined--,--undefined--,219.21574735959274,206.97601829731482,205.07296606274647,202.88205783347425,201.31099291436496,198.04157065646157,197.74696744934852,197.6961578444932,196.56282465367224,186.58684388179228,186.58684388179228,186.58684388179228,186.58684388179228
robotic_user21_trial_05_participant,0,3.48,3.48,,67.2299875230349,8.443675433958365,8.320538316502617,185.48793980478757,37.61098318410738,345.51153408172354,4.02,4.80,0,0.208,170.3600750463144,170.3600750463144,198.05798020408398,206.64077773042362,187.72754441578434,190.27189002840166,190.73341268236467,189.74765572947487,189.0900439702454,183.4075780707662,183.26334510182824,182.6164311755078,180.4111457036659,185.42346269596746,185.42346269596746
robotic_user21_trial_06_participant,0,3.9,3.9,,68.31636754196067,9.764784871428276,8.305772269076343,186.78738611717287,45.83912302913966,245.95573943280067,3.08,4.49,0,0.223,--undefined--,--undefined--,234.90730722539624,225.74968300577837,216.41908430306628,214.43509237725178,212.32646803263708,210.27762073588084,208.2801111674283,198.1383017705804,190.90088031707734,192.26281159706213,186.6420941235308,186.6420941235308,186.6420941235308
robotic_user21_trial_07_participant,0,3.72,3.72,,67.54360400861502,8.65367985009969,8.48765584108943,173.02949245699762,53.48582046143638,341.26439430002034,3.49,4.32,0,0.232,338.0017123634984,338.0017123634984,296.7114201027638,231.63197882647535,220.63995214178232,214.56778638747184,207.64020634061993,205.10693329363366,175.99957831631377,174.24510102545315,167.79868454397987,166.7010418439922,173.0841245244668,173.0841245244668,173.0841245244668
robotic_user21_trial_08_participant,0,4.38,4.38,,67.6815241985396,10.929097138663288,8.706103071027965,188.84319311669051,25.835594178705932,227.31723088026249,3.88,5.04,0,0.199,--undefined--,224.51007453676584,222.6560764597383,219.7617107039075,213.2642447340485,204.20612277079405,199.45387803296597,196.3688949066818,195.43390230504403,191.12875780831058,190.3733681525362,190.15798852623774,188.75338303540974,188.75338303540974,188.75338303540974
robotic_user21_trial_09_participant,0,2.58,2.58,,67.13082098598858,9.381595954021172,11.57506509498509,179.4228125877053,36.98698488691022,229.07947726010326,1.94,3.47,0,0.288,173.94156921936784,173.94156921936784,173.94156921936784,207.5776289645661,208.00643025303128,203.3703435671178,201.02163544039476,199.49209116610714,195.60940556512062,193.6753174837239,177.91065720478727,178.8771296084228,178.8771296084228,178.8771296084228,178.8771296084228
robotic_user21_trial_10_participant,0,3,3,,69.26820006611328,9.70980935391606,10.311522320411722,184.34113656275008,40.58436066874457,235.25554554100634,2.33,3.97,1,0.252,176.68990739995715,176.68990739995715,176.68990739995715,193.5425716910944,203.87281950731983,200.22915302095885,198.61721607890985,198.53624778799917,195.57921677361276,195.57921677361276,184.92952712809557,184.92952712809557,184.92952712809557,184.92952712809557,184.92952712809557
robotic_user21_trial_11_participant,0,3.6,3.6,,69.47989110358036,10.145176569595014,6.670187938435696,184.2419375470005,30.400623375338633,221.31391717947037,3.61,4.21,0,0.238,--undefined--,--undefined--,213.28485162012814,210.16145832392274,206.73187197932336,200.2128215063005,199.6481848390269,196.42317367570567,194.1708692942059,193.79362173724388,192.8509485134493,191.15464296155025,191.15464296155025,185.0279738912164,185.0279738912164
robotic_user21_trial_12_participant,0,2.46,2.46,,68.81354759844372,6.4089141219449735,6.289820726371515,194.8498249158744,25.29933852713821,234.66267539710466,2.44,4.52,0,0.221,173.9106380416126,173.9106380416126,173.9106380416126,206.35540862801642,210.15839966311145,206.68518070055725,205.4549849348608,201.95899714155578,198.9020762840984,198.9020762840984,194.49941418678395,194.49941418678395,194.49941418678395,194.49941418678395,194.49941418678395
robotic_user21_trial_13_participant,0,4.5,4.5,,67.79357539472373,8.099773448594068,7.317469163037321,184.5339284817382,26.258136324628243,264.41009842145814,4.67,5.44,0,0.184,175.59197852671954,175.59197852671954,206.02186251875406,207.3221042804417,199.46111816504697,197.91540884743537,195.63805146655073,191.94572082959698,191.2695927904503,193.5565610631474,192.05748282060952,190.7321412562283,187.91442193874704,184.4257502346293,184.4257502346293
robotic_user21_trial_14_participant,0,4.38,4.38,,69.44836016595876,8.299633153427177,6.580116793754302,193.7513564552718,30.253024241138764,349.9252047164107,4.11,6.28,0,0.159,344.70022177088595,344.70022177088595,261.98291055254697,220.20312211832507,212.8403155262511,208.39945404116565,200.6975927370571,200.29933497295517,201.00760806005124,199.2982791465093,196.75913489383146,195.79535498775815,194.02231814654448,194.02231814654448,194.02231814654448
robotic_user21_trial_15_participant,0,3.48,3.48,,70.0599412573005,8.864941065202128,6.62542005958072,185.1807460548272,41.561357762815604,346.1258647138757,4.60,5.46,0,0.183,344.57848771153414,344.57848771153414,258.3628642158205,229.08847429689345,220.9236171138875,214.31700419346288,210.61160020123947,206.8606707430445,202.26277383992115,201.07582744640644,198.78340209196398,198.51198052429555,192.95819064986523,185.5516703008224,185.5516703008224
robotic_user21_trial_16_participant,0,4.02,4.02,,70.93599552979485,12.068317630998594,8.258474872664948,195.41383325339046,17.085572940339624,242.94038389461204,3.98,5.92,1,0.169,172.7479810998895,207.66711695924644,213.2462970257606,210.95573891243404,210.30712121778467,208.1867800253139,207.83870878972718,205.2376930451177,201.21594723742342,198.9585860855969,196.6349454839451,195.32634938753156,195.42772801013567,195.42772801013567,195.42772801013567
robotic_user21_trial_17_participant,0,3.42,3.42,,69.09263447809326,9.334931028493962,10.169500813485222,183.46664372731345,26.43958450113939,272.94501397314366,4.09,6.19,1,0.162,172.17854255964696,172.17854255964696,190.9649211518838,206.21923714294047,209.7183249117521,204.5969664694902,201.863430652443,196.53030628530783,196.26953511028066,194.12562153811214,188.629212826439,183.84955494570858,183.4426882797761,183.4426882797761,183.4426882797761
robotic_user21_trial_18_participant,0,3.18,3.18,,69.25209410265009,8.445060566101716,8.0883101601037,188.86464444815408,33.42307520227993,235.06590970064724,4.09,5.93,0,0.169,172.96181445012323,172.96181445012323,193.9243985004241,207.6499505364799,209.70144043248158,211.2737046139087,208.6092144999841,203.23073498942784,203.23073498942784,202.6823260573932,201.37843464541152,198.80463652297004,188.63189191404012,188.63189191404012,188.63189191404012
robotic_user21_trial_19_participant,0,2.82,2.82,,66.536602235174,7.691481377854465,3.605784810656534,203.8128208984699,54.17040356777717,289.8798806548235,3.19,5.92,0,0.169,--undefined--,--undefined--,--undefined--,263.8186199457085,271.77646886726455,259.124257519773,239.84884593301118,227.0590434631459,225.18267946865427,224.75208388264676,211.6998414971403,203.66032227566103,203.66032227566103,203.66032227566103,203.66032227566103
robotic_user21_trial_20_participant,0,2.94,2.94,,69.78524370547694,10.446103582814887,12.722216161619798,191.2613057720894,29.029991743272074,285.388984883758,3.06,4.43,0,0.226,--undefined--,--undefined--,216.66658315009747,230.0447681023624,212.73541521324063,212.73541521324063,212.73541521324063,209.47627675145654,202.6839280401614,197.43245140306718,193.35849523573705,191.07312457475416,190.8532611993207,190.8532611993207,190.8532611993207
robotic_user22_practice_participant,0,2.94,2.94,,79.64431184756221,10.458165018896057,8.177475243306386,215.09933804612064,47.5066866571847,343.99517617790053,2.38,4.07,0,0.245,--undefined--,--undefined--,--undefined--,--undefined--,--undefined--,--undefined--,244.81280586694908,250.04106441733498,251.01896908054803,242.078623705084,236.3738871136294,228.86148282087265,216.52846989864724,215.13609147859503,215.13609147859503
robotic_user22_trial_01_participant,0,1.14,1.14,,76.56604501224754,7.8045608918146465,9.214589078994853,262.7932513392942,59.31662371952175,367.4560205263278,0.88,1.78,0,0.562,--undefined--,--undefined--,--undefined--,--undefined--,--undefined--,--undefined--,--undefined--,231.44714023372126,242.81305188479837,249.18869689733955,251.8309079836509,251.8309079836509,241.47593033006203,245.6339822717966,262.36154601438375
robotic_user22_trial_02_participant,0,2.7,2.7,,73.9125363087066,17.43475320284474,18.312945050227622,243.22894368371917,38.366886279529474,366.180186543666,1.85,2.71,0,0.369,--undefined--,--undefined--,--undefined--,--undefined--,241.47311662983603,241.16890321314074,242.95806678633727,238.12179863198656,242.8352077707658,240.12844332688064,235.5440652012718,238.0537852717041,248.75567207627157,243.38351686807619,243.38351686807619
robotic_user22_trial_03_participant,0,6.42,6.42,,69.51864793907384,16.717647353376634,15.982634311609713,223.2813893859346,38.443836389396566,315.4644874322595,3.27,4.99,1,0.200,--undefined--,--undefined--,261.64059179903285,274.7170923890921,262.53005809872514,248.15782278407227,240.10971621994537,238.2642737071633,235.7974384588249,235.25906321528905,233.78539832318535,228.5732711018578,227.1695693919235,224.75721325088716,222.8974707387093
robotic_user22_trial_04_participant,0,3.6,3.6,,72.50447626717114,15.335079691639733,15.26878621045471,248.82250197881982,56.844636424440964,368.7279599627893,3.89,5.34,0,0.187,--undefined--,--undefined--,--undefined--,290.37214770937493,304.62462125193065,289.8217446303131,282.5190259954061,277.6686363296329,271.5695384980044,265.1842363577797,258.8286540782176,249.0389310025607,248.57976083266487,249.00640693422136,249.00640693422136
robotic_user22_trial_05_participant,0,5.1,5.1,,76.52796684568627,16.390341181791722,13.304048018447165,231.99074087431086,25.078138781085023,313.45926024853964,3.73,4.87,0,0.205,--undefined--,245.3434204312231,238.7175798824631,242.29490996870683,241.8107194313837,240.57986002929874,237.1195639069056,241.93711896045141,241.8035989963144,240.40432862950428,239.09221302143047,238.05889492658278,233.96768520871348,231.94439761233528,231.94439761233528
robotic_user22_trial_06_participant,0,3.96,3.96,,75.35789257865224,14.484899723513736,16.20635762471507,225.44796850842383,45.40185986065747,347.74760944944046,4.55,5.48,0,0.182,--undefined--,--undefined--,239.7829218299933,259.7885115934798,250.14791999516734,267.8529444992871,255.3221160683392,250.30959715476178,246.89842162333008,245.2759925661333,241.29981244973408,238.17112418830106,235.42213724166672,227.48821534279438,225.17030242476991
robotic_user22_trial_07_participant,0,2.94,2.94,,69.39020555183376,17.34816364598018,14.817263631720092,209.1243466975678,44.6867072681325,310.0261213566447,2.38,3.07,0,0.325,--undefined--,--undefined--,--undefined--,227.430824144365,233.71844065915502,232.99252741177494,233.0740720158861,230.22336181193003,229.51039648418083,226.30011199796155,224.75976499523705,221.9783105435562,208.20517065258454,208.9641447660153,208.9641447660153
robotic_user22_trial_08_participant,0,4.38,4.38,,74.57371282307219,18.32238533500702,13.216752312315755,221.0230256680749,30.79500863886973,346.0304350113043,3.42,4.71,0,0.212,--undefined--,--undefined--,238.4122716975964,252.19959041853426,256.0523130307391,246.75222323257123,239.83969209181618,238.96869414262255,236.5343714731077,234.82680244207194,232.7427907821902,228.76828859011678,225.93100903106122,221.14842444497882,221.14842444497882
robotic_user22_trial_09_participant,0,4.02,4.02,,75.18431030073712,16.175690903692654,14.386812188734893,237.24658993791581,29.68148244188122,297.94250438992543,3.48,4.01,0,0.249,--undefined--,221.17649060284012,245.61241847627207,251.09161029513461,257.3182708059629,251.51027194203047,245.03451533958676,243.21683708916373,239.87342858339758,238.84482916270946,237.86729650650176,235.60500006812245,233.4103675649984,237.32174799820646,237.32174799820646
robotic_user22_trial_10_participant,0,3.78,3.78,,72.58969843148022,13.827599760394781,10.378069510144638,257.3443763467328,28.253867901160948,345.81284474696866,4.76,4.76,0,0.210,--undefined--,--undefined--,230.89203386882792,255.12909041795433,271.84949746331955,262.34966251655334,261.1177173552342,257.66430843924576,261.5769124701829,262.1674948618441,260.3666074489672,259.47447322945027,257.0563201416955,257.1358693825702,257.1358693825702
robotic_user22_trial_11_participant,0,7.02,7.02,,71.21728400779458,14.539893386440696,7.413950364253927,228.37408181252252,45.6111456651002,329.0717330287642,4.42,4.90,2,0.204,185.9733328606073,218.15744432685702,217.56993972992188,209.30076485490127,203.83662454851688,208.43195113764742,208.40349174658243,209.18650232417426,223.33437191519752,232.27224308214699,232.23695575799374,232.72656283566357,232.29866217844832,228.8030605303537,227.84036520567355
robotic_user22_trial_12_participant,0,3.96,3.96,,75.10974520861356,15.09567053407544,18.286794850278728,237.73428375063813,24.493245185581284,319.1774420713005,3.28,3.79,0,0.264,--undefined--,--undefined--,249.98169354121072,255.29629002614308,253.52746190452518,252.22204196842875,253.05659959609648,250.53491644843058,248.22814402038614,246.84926118768226,245.1915820307565,244.10289262043776,241.20849242724188,239.1191007589954,237.75997697848908
robotic_user22_trial_13_participant,0,6.18,6.18,,68.77469347630966,13.312233779699623,10.698025606813598,254.29007684571724,36.78913152098581,349.9748062240195,2.75,3.70,1,0.270,--undefined--,272.98442139714604,283.8607735146971,291.6963179981801,280.355555510449,273.9185248376749,268.06944069730565,267.6211249099738,268.15215254516175,267.46487348531804,264.4493864192123,260.65808275797764,256.4204311395663,254.56174580989662,254.10614762937556
robotic_user22_trial_14_participant,0,3.36,3.36,,71.89862798838936,12.1954012525273,15.660902124947452,241.19692156962327,43.53772684589964,369.82594325090497,3.57,4.87,0,0.205,--undefined--,--undefined--,229.97851265637428,255.53328823009403,267.794529442755,266.37876421577784,266.37876421577784,265.25011940106936,258.6501623024912,256.31438062373496,254.5001110778278,248.40846425768086,241.9590655054266,240.97497616927922,240.97497616927922
robotic_user22_trial_15_participant,0,3.9,3.9,,72.55110866783086,11.819781182126361,19.906894858785783,248.14215549457342,59.825959267297634,348.6088343150835,3.08,3.89,0,0.257,--undefined--,252.8513353565731,253.3537607707192,272.3960262338791,276.1585351184681,282.914655640638,277.0291170178362,277.4108406281796,270.6025591315063,268.33517254004994,262.7755933081917,260.4976663829335,252.87342250576953,246.98777152827293,246.98777152827293
robotic_user22_trial_16_participant,0,4.62,4.62,,70.28596877321371,13.241319520909014,14.270904507841413,226.39691782857764,46.234552852762484,284.52745573707205,3.46,5.08,1,0.197,--undefined--,--undefined--,226.81127953626245,210.13485882018588,223.61113830165854,229.40611335697093,233.7193636088794,234.95552823771789,234.5228777982615,235.35418517338945,234.27028306321787,234.3633889534056,226.9982621239322,226.99236814284643,226.99236814284643
robotic_user22_trial_17_participant,0,3.6,3.6,,67.50397250597379,11.986173891358932,15.007783342273068,242.3183753242206,42.37652204319927,337.8292723250014,3.89,4.97,0,0.201,--undefined--,--undefined--,--undefined--,275.0972680036382,274.3963277241698,285.595554656555,276.7298531015162,273.2164189366483,266.5591054973632,262.757488321248,258.605584560381,256.79568906985224,252.85206283895332,250.48286327207254,243.0101187539113
robotic_user22_trial_18_participant,0,2.64,2.64,,72.10967669665845,11.204621869845008,12.212705417740004,244.2622744213412,62.30959622020951,328.789331255953,3.03,4.63,0,0.216,--undefined--,--undefined--,--undefined--,--undefined--,--undefined--,271.0107848698714,293.1318056818337,291.04241487053514,283.47436887248125,276.7759341567353,268.8289761353304,268.8289761353304,245.1680853958579,244.40664826321472,244.40664826321472
robotic_user22_trial_19_participant,0,2.4,2.4,,71.01284825212022,11.456731983705424,10.500374915796296,247.50006164839985,42.64391919442947,365.95220220422857,2.92,3.92,0,0.255,--undefined--,--undefined--,--undefined--,--undefined--,311.9401277092768,292.07113561409057,285.17997579401475,273.4096776265394,263.2383189086377,257.1856611978732,253.9916039555988,253.9916039555988,250.22521654207387,247.25732755976819,247.25732755976819
robotic_user22_trial_20_participant,0,3.72,3.72,,71.06357629719504,10.073576954259655,9.81031322464203,235.38150292540618,49.22518968128736,342.33866099443765,4.03,5.01,0,0.200,--undefined--,--undefined--,--undefined--,249.6409117647775,252.04298486257454,251.16893373660596,251.64453705255855,255.55566477460346,255.2062017755516,252.92223041396815,252.59892851682153,247.56596458667127,244.4830951765877,238.70900770811343,235.35165030914996
robotic_user23_practice_participant,0,3.12,3.12,,67.73339766134941,8.139974603840846,14.100169203479524,211.6122137933227,59.5927952349883,361.18554454491596,1.28,2.84,1,0.352,145.5202389309651,145.5202389309651,174.67773420710427,179.666016027063,196.65114715710516,218.1661606741528,218.1661606741528,227.7968337605356,225.55044593439277,210.70314836927474,210.70314836927474,210.70314836927474,212.0024530972288,212.0024530972288,212.0024530972288
robotic_user23_trial_01_participant,0,4.68,4.68,,77.34526842859566,11.864528205979058,15.121823815693908,210.34535931725026,28.53150863870431,293.73360095646996,3.85,4.31,0,0.232,--undefined--,187.4069746960068,193.7566595688711,203.76977402993984,210.5050607074806,210.90205908112802,212.3848096365196,211.26889051680078,211.1857842816885,210.72732441578245,211.2902134541667,210.88230223278708,212.35297776208634,214.85300821580552,210.29036847346103
robotic_user23_trial_02_participant,0,3.12,3.12,,77.84900336195545,9.244317812688479,11.160264251120282,233.3352703628376,45.273461449679665,278.62636022411226,2.56,5.43,0,0.184,--undefined--,--undefined--,--undefined--,--undefined--,--undefined--,--undefined--,252.8921833526456,223.25646711823853,231.96934997991926,237.69097093138515,231.64298949587788,229.57155843451775,231.03505537195431,232.2497969786931,232.2497969786931
robotic_user23_trial_03_participant,0,3.6,3.6,,67.33045032624156,10.799109673500087,9.924951564835608,215.26764258473045,34.8487832038733,268.88574208704176,4.44,5.24,0,0.191,--undefined--,--undefined--,234.85255621294047,198.42864449785006,199.76704810070638,208.7463817089237,213.6115882078438,215.17796452305652,215.59032122590443,215.71094426332596,215.34426639381832,214.7861069091126,215.5523149314523,215.48325758710925,215.48325758710925
robotic_user23_trial_04_participant,0,3.54,3.54,,66.03388173623776,11.808190539194253,12.270326453295215,223.040016716633,26.009797548875518,281.76186135363605,4.24,4.83,0,0.207,--undefined--,--undefined--,230.0498863218687,231.0121561817936,229.94495459406446,225.6376662446538,221.26602564505512,214.17459098629874,214.32151644425977,216.15137512798202,215.6265006341323,217.62577032325166,221.25974325011197,222.84523991183983,222.84523991183983
robotic_user23_trial_05_participant,0,3.42,3.42,,70.07342293427814,10.045366482346912,10.483701764039795,228.65922788758286,31.99763890636037,309.53516534421146,3.80,4.56,0,0.220,--undefined--,--undefined--,247.51099592883008,252.78193767109246,251.08539130355925,246.74748497215307,238.33194542069063,237.56869977975282,235.40476217884105,234.02159430868323,233.94090954143337,231.78365056773592,229.74110207613973,228.63832597684961,228.60623933803797
robotic_user23_trial_06_participant,0,4.92,4.92,,74.04972912558347,12.110542761846869,9.943626327977434,221.9385369797642,32.82406927867796,310.2755282244045,2.44,4.18,0,0.239,--undefined--,308.03045016760075,307.0560568853544,307.0560568853544,307.0560568853544,185.52367903703737,220.20296730632268,225.58344532248833,225.10201563138708,224.99602168878695,222.8395071754838,222.04014891683,221.58420374415275,220.99613069991588,222.30627354338822
robotic_user23_trial_07_participant,0,3.06,3.06,,70.59174976295243,9.02392573349849,9.986263786510728,221.83648583711255,37.40551743962228,316.9484406852013,3.59,4.09,0,0.245,--undefined--,226.4460223632445,225.16290600754556,217.70699972704386,219.1197813052602,208.98604847535861,210.90052651752586,208.14463224137825,208.96173881839925,209.81641326757097,214.00593434935848,214.67103430964448,217.7958679524432,222.43802458330345,221.71191373474701
robotic_user23_trial_08_participant,0,3.12,3.12,,71.62485503409064,9.965223304159744,10.536910265915205,225.14434732837822,18.37174875130994,295.2088227661287,3.85,4.49,0,0.223,--undefined--,--undefined--,234.90234604742238,240.06762999473062,235.60559133133242,231.6230841063283,229.68026109121698,225.5270122751589,224.48401417431265,224.37077422560432,221.49231706647808,222.46964181668548,225.25538298594574,225.25954858792971,225.25954858792971
robotic_user23_trial_09_participant,0,2.04,2.04,,76.24478681558644,9.951576344220165,13.129913821034782,223.17191482601933,37.246331538321485,265.2638122036008,3.43,4.41,0,0.227,96.66131560050698,97.66194431318121,97.66194431318121,196.91015949007553,207.64553636280158,213.45356579140537,219.90092764779448,222.49138664724433,220.54752371225354,218.81558372189068,211.26226057628188,216.1381244551036,220.917835174553,223.38949820201177,223.38949820201177
robotic_user23_trial_10_participant,0,3,3,,78.33180027320128,9.48759954761369,11.563527026972913,220.6264660177862,36.06171199568013,313.8255549589488,2.33,3.19,0,0.314,--undefined--,312.73571773379865,312.73571773379865,312.73571773379865,277.67052568868667,252.24133599838459,242.88921130870196,239.35480402715493,234.1275311859976,228.54250308912142,225.22993005610482,223.50833566037292,224.0762228717291,220.488508252717,220.40164743948148
robotic_user23_trial_11_participant,0,2.58,2.58,,74.60680829374618,11.390540123402747,13.277017612357213,219.18750098833058,46.59635698777414,330.99605701630674,6.20,6.20,0,0.161,284.37274115966324,266.92909478930386,269.27035152276824,264.27765295179836,250.86591869635777,245.98839132148026,240.1167285019136,235.38119489911784,232.49633965509844,230.42617910771258,223.7572243444716,220.79680940276003,217.35808282117964,218.81952191987523,218.58047596359657
robotic_user23_trial_12_participant,0,3.6,3.6,,74.75892636131712,11.0141505636421,15.485268128074017,228.79871988085245,45.24101457217808,345.5366799125671,3.89,5.21,0,0.192,--undefined--,--undefined--,248.07767244577522,235.70234585224,229.84560228198464,227.46269785877854,225.59485223220702,226.0942688341071,226.14044189655664,231.96877779813025,230.24463387133162,224.84810706515043,225.6710739130984,228.44134323721596,228.44134323721596
robotic_user23_trial_13_participant,0,2.46,2.46,,76.5842927547318,13.819088268019804,17.301540761517007,218.90836619808684,22.707526422727586,271.05498355550316,2.85,2.85,0,0.351,--undefined--,258.8924979488769,228.16171993823815,224.58938943914555,222.85238852298207,221.49379551772375,221.49379551772375,222.05919665784015,221.6944759235668,220.91663472204553,222.24832688736322,220.2862647119924,221.2024295477219,221.21609584590664,218.80366489556812
robotic_user23_trial_14_participant,0,2.52,2.52,,77.76489593858399,9.575612518080684,13.761660713799099,199.96915919749856,49.62548344164113,291.7656910033203,3.17,3.90,0,0.257,112.8373812485287,114.4353994229126,122.95054569735683,162.1080368368761,178.62149386693696,189.54344326485224,195.74072528281718,197.85763357365641,201.15206973036,199.33891250901613,199.38751987225598,199.7164411749772,201.30570933191453,201.30570933191453,201.30570933191453
robotic_user23_trial_15_participant,0,3.54,3.54,,73.97902513961535,9.09732220685882,14.297189054877022,212.23762026330704,55.79366278441636,311.8005284452621,3.67,4.95,1,0.202,124.44551592541862,182.18188491596635,195.37611521792024,210.83999937943398,212.6714682216092,214.30973161258134,210.13004587407923,209.33806609954416,210.79308302830577,211.87152664047215,202.92229087696813,212.64855240185256,214.52749737137808,212.635959631967,212.635959631967
robotic_user23_trial_16_participant,0,8.1,8.1,,72.84892947537747,7.81708033907631,16.465039253566292,195.50808587811682,56.34234089337244,287.1175930243835,3.58,4.56,2,0.219,149.0462700435829,201.89528753059977,206.54299397996792,209.91981825260794,207.05879261919284,194.8988059872694,194.6593339150063,200.28082872204672,203.28939295366166,203.01776167828743,201.3242024850126,200.4074118676414,198.81077626589666,195.49798837489996,195.49798837489996
robotic_user23_trial_17_participant,0,3.48,3.48,,75.01015094869996,12.441930795214391,11.232139288895628,219.23559679417238,63.76992550267031,320.66962677760904,4.02,4.02,0,0.249,--undefined--,--undefined--,187.10256412756164,229.35172819480312,244.47292929035368,244.63286071422345,243.542616364674,241.48819587800836,232.33156274854701,230.95391299860935,233.20382699874435,232.8210129593159,228.5533443799164,222.0115787966959,218.84819678031891
robotic_user23_trial_18_participant,0,3.24,3.24,,68.04504203781767,11.924743011114293,8.806387504909978,231.4441793459411,56.149800626135004,299.3230400780028,4.94,5.55,0,0.180,--undefined--,259.4610978493601,257.3608013585276,262.38371444530844,259.69599256668727,260.69439385698405,257.6118533827793,257.7886578008554,245.49625756112985,243.48016926683147,240.7522008588274,239.83531563681518,236.76103154491153,234.3184537277398,231.11780542065196
robotic_user23_trial_19_participant,0,2.82,2.82,,77.30259524013663,12.87532347196955,8.66067858911667,224.21028820837873,53.82172066737359,281.49953873319595,3.90,4.98,0,0.201,--undefined--,--undefined--,--undefined--,250.4359920598177,262.8571826086814,258.2073100465617,256.5269133339656,255.28753722694134,250.8878255363374,249.20855926818615,248.2027134674297,248.01732792882004,245.6024762160325,230.1167602462935,223.39579764044933
robotic_user23_trial_20_participant,0,3.24,3.24,,77.19855151285304,13.064025291509015,9.4212305800787,237.71783454643673,31.634924280038373,293.4439966034841,5.25,5.25,0,0.191,92.09395621298938,214.86558822598138,237.25375201927542,249.6946179323762,250.7500964074735,250.90248827870977,247.65247729392277,245.5045136121525,244.97785451527363,244.17558401907652,242.11202791761167,240.24121390427555,237.48158999102625,238.67283993936658,237.79590087339955
robotic_user24_practice_participant,0,4.777333333333333,4.777333333333333,,65.4937687419046,6.457213821944421,10.172167288463495,115.38646892499824,13.28825761825964,145.3271954464435,1.47,3.15,0,0.318,--undefined--,--undefined--,--undefined--,121.1284547102604,126.73619720099805,126.08015730215902,122.7971554175548,119.86835458512257,116.7818238317349,115.3347358771418,115.3347358771418,115.3347358771418,115.3347358771418,115.3347358771418,115.3347358771418
robotic_user24_trial_01_participant,0,4.137333333333333,4.137333333333333,,68.3156872631532,7.797910642132079,9.606007385466176,113.98693964507561,15.280156808970762,165.72113014035168,3.63,4.40,0,0.228,--undefined--,--undefined--,--undefined--,130.0505525112637,132.57564687092082,125.494192656272,123.726193926544,121.57526649596502,120.7002711697389,120.15502162163695,118.39760966346807,117.76387150098837,114.53428086741361,113.97149448386165,113.97149448386165
robotic_user24_trial_02_participant,0,3.3266666666666667,3.3266666666666667,,67.7659853577177,8.439650398053406,9.076888447599016,122.9112582962983,15.59020709135896,161.3072349999366,2.40,3.82,0,0.262,--undefined--,--undefined--,--undefined--,134.935596592491,138.21283602567172,131.16106012079234,130.7681297084968,131.28242672191476,131.39174859373225,129.87045666360072,127.78117915768965,126.58705854138263,123.05858775592053,123.05858775592053,123.05858775592053
robotic_user24_trial_03_participant,0,5.246666666666667,5.246666666666667,,68.60022099123017,9.967976253289775,10.226050941057379,122.82186264709206,17.491102500034287,175.05795515825483,3.05,3.98,0,0.251,--undefined--,--undefined--,153.2603162640236,149.30942924699355,137.44775521735212,131.28203927008104,127.04477875393836,126.3309699000441,125.19815383383796,123.747216962884,122.43135980643885,120.85392694879525,120.24904069205247,122.71847167073082,122.71847167073082
robotic_user24_trial_04_participant,0,5.6946666666666665,5.6946666666666665,,65.3351295178895,8.87631029775913,10.961507386454144,112.20566702806615,14.918968741074286,149.25099781601327,3.16,4.15,0,0.241,--undefined--,--undefined--,139.96202333420422,135.4330742171009,128.25026511620806,124.48087127268242,121.37559793700471,120.60076913106873,119.83454571861643,115.73281831852172,115.3458171308439,114.06240235233395,113.12147339082205,112.23359849412022,112.23359849412022
robotic_user24_trial_05_participant,0,3.433333333333333,3.433333333333333,,68.66608144285826,9.48300040334157,12.756778904769801,120.1448069805813,16.640548942834396,154.11756718140197,2.33,4.03,0,0.248,--undefined--,--undefined--,--undefined--,133.40615802633718,134.7509906445775,136.23029118813355,135.2851444925786,135.42623073203643,130.21182018347832,127.22321546546445,123.27877486525578,120.01709738628881,120.01709738628881,120.01709738628881,120.01709738628881
robotic_user24_trial_06_participant,0,5.545333333333334,5.545333333333334,,64.8176442535796,6.868668367737756,7.357073897164691,114.37227812199717,20.713931051450913,252.26194077306965,2.89,3.97,0,0.252,--undefined--,123.45457453150168,128.27158630804072,124.68198750483042,122.37998488095936,121.31428156788485,117.13891356607657,114.7634227693376,117.3285596920686,116.5638913704323,115.88213971853023,116.22296926162099,114.44168855752217,114.44168855752217,114.44168855752217
robotic_user24_trial_07_participant,0,4.564,4.564,,67.02076145818259,8.038756132855276,11.486927838354546,113.65694550942628,21.696067776747142,287.555762005824,2.63,3.71,0,0.269,--undefined--,--undefined--,127.74433597923073,138.006771695637,131.41745191705377,127.26790089316557,125.760905210069,120.60536925374198,118.91940331269747,117.3966358048359,116.95412492392872,114.6413920045774,112.86401135483618,112.86401135483618,112.86401135483618
robotic_user24_trial_08_participant,0,3.582666666666667,3.582666666666667,,63.67155775384915,7.2773960805505595,8.450246296523826,109.14330288528006,13.886043194944168,146.84321856975203,3.63,5.05,0,0.198,--undefined--,--undefined--,116.71541831245139,134.01639902328415,129.20223486292784,126.35390954165966,117.62383862944954,112.63618053979242,111.44461650866376,111.04811200857084,110.46561452335871,110.6416603624043,109.56566674763482,109.25581225318415,109.25581225318415
robotic_user24_trial_09_participant,0,5.097333333333333,5.097333333333333,,67.48231471638466,7.526137041165037,9.552640783633281,113.9748683161856,13.848251390988867,164.68487793387254,2.75,3.26,0,0.307,--undefined--,--undefined--,113.22761266893362,126.33879673362527,126.00631322307194,123.43304952274937,122.87738857993135,119.35475495640436,116.56828983989475,116.34302414513027,116.19019113540179,114.71930645261581,113.99199654707188,113.84921801261365,113.84921801261365
robotic_user24_trial_10_participant,0,4.222666666666667,4.222666666666667,,61.06331386728482,7.804678217741202,11.046017743071964,110.44220725094394,14.322472594249081,158.00484339819508,2.60,3.74,0,0.268,--undefined--,--undefined--,141.28770944579415,136.2946383673806,127.20747970746106,120.93719851949736,120.93719851949736,120.93719851949736,119.86829468486218,116.0603737611371,114.69047304482113,113.6210161538053,110.5775147027059,110.5775147027059,110.5775147027059
robotic_user24_trial_11_participant,0,3.8173333333333335,3.8173333333333335,,63.21554965898108,7.799164379147182,9.358962923444974,115.54051147110273,24.23671544075368,272.24600871194053,2.62,3.63,0,0.275,--undefined--,--undefined--,98.45112496380447,124.119713995801,130.82109455135011,125.77805609818776,119.70878472065336,118.77861375828304,118.77861375828304,116.98746972634537,116.5679008632483,116.57018473801087,114.08205362702307,113.76438072138744,115.6549937973476
robotic_user24_trial_12_participant,0,4.457333333333334,4.457333333333334,,65.5466946909458,8.12591942696045,9.754264161999552,111.71735289278563,22.032557738978635,322.30839963062755,3.37,3.98,0,0.251,--undefined--,--undefined--,118.87540460465966,123.89615525343324,122.08653259896772,117.11882046792918,119.68045156657539,118.76589069272539,117.47164289957816,116.83390175698177,115.81418045261577,114.06880293879564,113.2882108690359,111.69255152656902,111.69255152656902
robotic_user24_trial_13_participant,0,4.692,4.692,,67.76311719489053,9.059557655724081,9.679552761440979,114.07301813224555,11.411068674236313,157.0685954819703,2.98,3.91,0,0.256,--undefined--,--undefined--,134.25876776158177,138.53417375405684,132.16210629095585,125.33022201431787,121.10093119840943,119.48381007826845,118.30086419076896,116.81494436914902,116.11168451350525,115.4794457134175,114.21401710105195,114.12242821080203,114.12242821080203
robotic_user24_trial_14_participant,0,5.14,5.14,,67.08346848242276,8.688240723470848,9.636632099944029,118.28430913721003,9.426087469002862,165.18917701198325,3.31,4.32,0,0.232,--undefined--,130.08849313284674,135.6102233709932,128.87267019865823,126.44884712311917,123.02262614264629,121.8305895952832,121.02242727583152,120.0915097911662,118.65048936012055,118.1275315054949,117.6883904374721,118.31606395952296,118.31606395952296,118.31606395952296
robotic_user24_trial_15_participant,0,5.417333333333334,5.417333333333334,,68.13759817353981,8.557211802650693,10.177103242414008,125.41140868878358,31.043592312173956,307.82888126556554,2.58,3.02,0,0.331,--undefined--,--undefined--,154.2787585641707,147.7918440466634,135.26993353576682,131.08286266173107,127.74921582439781,127.29932180387623,131.08768138614772,132.18307948683457,131.12195509259803,131.12195509259803,130.0514126915098,125.81015479833519,125.57037319069339
robotic_user24_trial_16_participant,0,3.22,3.22,,66.28724524132343,6.399865848290639,8.3216319100543,114.96094582647403,17.362124005325967,153.4775823250265,2.80,3.93,0,0.254,--undefined--,--undefined--,--undefined--,141.3695039848435,137.29967354126038,136.4472048666622,133.19895929657906,124.90247464174429,121.25182201996186,120.40071956242393,120.20415481090765,119.12799554395542,115.30994635255935,114.94919323204974,114.94919323204974
robotic_user24_trial_17_participant,0,4.094666666666667,4.094666666666667,,67.84971895482917,9.160536892220843,10.802194023235106,114.23694907093481,12.774287588166349,150.73157836866054,3.17,4.17,0,0.240,--undefined--,--undefined--,137.2952873968966,134.00902191446892,126.31859326278884,124.72811428774209,122.11704938425153,121.28686606394706,119.6600178231761,118.71413787601418,116.93706010986628,114.435798976358,114.12541634859568,114.12541634859568,114.12541634859568
robotic_user24_trial_18_participant,0,4.6066666666666665,4.6066666666666665,,67.17412040722748,8.369873114796551,10.56765461756941,119.7305503141045,13.635952579477108,149.87952553072986,3.26,4.15,0,0.241,--undefined--,--undefined--,128.93067140165448,134.52362428634643,132.16131113829886,127.97514582446075,127.4985284272569,124.12686568898516,124.12686568898516,124.18264816931541,124.10463299913656,123.46312826287522,121.60351026161855,119.66949454222652,119.66949454222652
robotic_user24_trial_19_participant,0,4.18,4.18,,68.93497940756077,9.661956917233471,10.246322466034785,119.01765762022275,13.40611064143667,160.8914382259285,2.63,2.97,0,0.336,--undefined--,--undefined--,150.70994972210843,139.06697743877456,132.4633459180895,127.86272343582938,125.80216107100426,125.25902749024965,124.48482973511499,122.88185238211923,121.82719702017549,121.20238818938887,120.68708191185233,118.75997425065884,118.75997425065884
robotic_user24_trial_20_participant,0,4.585333333333334,4.585333333333334,,65.75401261729026,7.894777556894731,10.436948279844277,113.69863416313717,21.676949081309864,301.0931945330351,4.36,4.99,0,0.200,301.0931945330351,301.0931945330351,155.25797657484807,142.09769374250897,135.59026057653514,130.71945900522746,124.32474905948632,119.45371316392603,118.35836942862167,117.42035317269229,116.76393376366691,116.31196781049222,114.13785051614018,113.8147829301539,113.8147829301539
robotic_user25_practice_participant,0,2.708,2.708,,72.98405667613805,12.085552323119368,7.797289865088601,149.3164996318082,20.07966847325176,197.88970569730822,2.22,3.29,0,0.304,--undefined--,--undefined--,151.3548886873288,174.84643206776101,170.71302261221,169.26521687262434,165.16066053861823,163.09389429207934,158.8473412423698,156.51956413593746,151.9248419772985,149.349587783292,149.349587783292,149.349587783292,149.349587783292
robotic_user25_trial_01_participant,0,3.1133333333333333,3.1133333333333333,,68.34346995986647,10.128834485597999,7.734895730885989,151.5284866722994,25.70495773631754,198.0518396125617,3.21,5.34,0,0.187,--undefined--,--undefined--,160.78273783821845,181.09530024589068,181.57348956046633,179.46332765236755,167.78611033150466,161.59554854037782,159.62235775165894,156.80953087907392,153.23556380101522,151.27975651525347,151.27975651525347,151.27975651525347,151.27975651525347
robotic_user25_trial_02_participant,0,4.564,4.564,,71.40946993625789,15.032363735566587,7.3605895225732345,134.84956707972077,20.638979073074886,179.6806942818711,3.29,4.09,0,0.244,--undefined--,156.54936672875624,168.84247072166195,165.99410095946814,160.59363271158492,155.47986132170823,151.8520810132913,149.3834898081731,143.71308829993322,140.90781044035626,140.32584184494726,138.4443667310935,136.06080267785487,134.77510438467988,134.77510438467988
robotic_user25_trial_03_participant,0,4.542666666666666,4.542666666666666,,70.81279873891305,13.705079997605178,10.899996922689484,135.76211289962876,24.778684738520035,259.4884703959461,2.64,3.22,0,0.311,--undefined--,134.6830632099962,149.42578748085364,154.66574615419123,151.99498544873052,148.64820165383802,146.55442852165427,142.68905413099714,142.68905413099714,141.58013778782558,141.92136299427733,141.1444104614173,138.854612590829,135.26958744149198,135.26958744149198
robotic_user25_trial_04_participant,0,3.6893333333333334,3.6893333333333334,,71.28084832380293,14.287444247920735,12.218729430025439,132.5832488862768,16.871991527323846,180.73003549061593,3.25,3.62,0,0.276,--undefined--,156.13162415865676,164.2291459853867,156.18736012279186,152.71739305373578,149.60315005043628,144.6216407283854,141.84290974373678,140.44043034592505,139.29825180882744,137.92350028609778,136.3127537128876,135.0782937623404,132.5459502570563,132.5459502570563
robotic_user25_trial_05_participant,0,4.649333333333334,4.649333333333334,,69.97384163073241,14.263196223948238,13.770107014218782,139.7229021513659,27.167259090738717,256.71098601856073,3.87,4.32,0,0.231,--undefined--,134.8056693973913,167.72548066938649,169.61032974085387,167.0088211132423,162.83129186338715,159.01353266324574,151.43508828711262,149.51558753464005,146.89134912162,144.59824422364045,143.6861754725737,141.04269768325636,139.70219433266467,139.70219433266467
robotic_user25_trial_06_participant,0,3.0493333333333332,3.0493333333333332,,72.88759827519326,11.999360848507047,11.914427870139106,140.57244895387763,23.603105194370595,186.0232695847379,2.30,3.39,0,0.295,--undefined--,--undefined--,144.85934474604943,168.9102238088441,172.36298929879663,168.97014651789962,164.30254063586486,161.3056969967738,155.52116804236618,152.52821766302282,150.53173961423875,146.55629161399943,140.62524687210336,140.62524687210336,140.62524687210336
robotic_user25_trial_07_participant,0,4.244,4.244,,69.88914285116861,11.702942157437176,9.323066977023066,140.97257522212672,36.8400484578633,307.6911257854482,2.83,3.85,0,0.260,--undefined--,--undefined--,154.52184342478844,185.99431293111707,177.3791052204069,168.25793152247138,161.12782746448332,157.16399944325659,154.31365195167967,151.87175379928448,147.85524991655032,144.68573226855597,143.05342396951124,141.18911070120453,141.18911070120453
robotic_user25_trial_08_participant,0,3.3906666666666667,3.3906666666666667,,71.02699669754915,13.475814087335001,8.877184863965685,158.01516569922597,38.28778285916932,334.0833847133061,1.47,2.69,0,0.371,--undefined--,--undefined--,--undefined--,161.18331148030458,188.22344065629684,179.73944511309392,175.0524589490558,171.37296105348955,165.0166003917165,164.47141500711555,160.01572771596878,157.23989214715448,157.23989214715448,157.23989214715448,157.23989214715448
robotic_user25_trial_09_participant,0,4.692,4.692,,71.00061203644097,14.068891336798094,14.008926183107018,135.77672829047526,19.003779254672786,199.58136227915858,2.98,3.39,0,0.295,--undefined--,151.07132230200745,165.69424251480032,162.6580038726758,156.5354773160007,151.5620931456221,149.72857826081216,146.0500101786286,145.4079181140589,142.3165682633421,139.3147688934437,137.02255852359497,135.84325552148204,135.84325552148204,135.84325552148204
robotic_user25_trial_10_participant,0,3.945333333333333,3.945333333333333,,69.28854765017599,15.499948149590107,10.881455985384505,129.95114567171984,16.529858225432857,171.29082677820756,3.04,4.17,0,0.240,--undefined--,--undefined--,154.62807945274483,156.56223387203133,152.11684186174924,149.8025720831637,145.8134537629166,141.56671576417438,139.54615927747363,138.04255448699138,136.88905707209145,134.71499849183778,131.3879916466088,129.95545989396607,129.95545989396607
robotic_user25_trial_11_participant,0,4.905333333333333,4.905333333333333,,68.64946601249775,12.81491634981159,14.198275815786225,131.01328567899196,15.826585513450162,187.228716006147,3.47,4.60,0,0.217,--undefined--,--undefined--,156.35192670325404,156.65406375295953,153.3980891176647,149.27472214769233,146.26630179562247,143.2112331917334,140.39667457662844,136.42501763910124,135.35440273857475,133.59742920114294,131.40425453048235,131.1980590430965,131.1980590430965
robotic_user25_trial_12_participant,0,4.244,4.244,,72.07979936786597,14.817247516553543,13.46438185684443,139.03016767626198,11.7520433726281,176.32100840909425,2.83,3.55,0,0.281,--undefined--,--undefined--,160.62786323392757,155.1841643600342,150.56825387841155,147.36902617609394,146.21275540174364,144.65484625066512,143.38557811497196,141.91156801392427,140.6379413877291,139.60729821056339,139.03201082861548,139.06000687616992,139.06000687616992
robotic_user25_trial_13_participant,0,4.969333333333333,4.969333333333333,,70.0048615736964,11.783209966838266,10.05646638224735,152.96926953937088,58.736020952714085,349.64115365922225,3.82,4.37,1,0.229,270.36400978449404,271.6897673486831,231.64286305787775,209.5590240116897,194.83166509982962,185.61134625888454,175.45616064941885,167.81253969910594,165.35527655482014,161.11715332486602,160.57274274084952,157.77534299185697,154.60565329892665,153.02501286626102,153.02501286626102
robotic_user25_trial_14_participant,0,4.201333333333333,4.201333333333333,,73.75690536522568,14.116644413462764,12.805351832089041,140.71057026648302,24.073309555766247,255.5812603075169,2.38,2.84,0,0.352,--undefined--,255.02248620148035,171.54375781802958,176.10898315318116,172.24238939308154,169.3668026884115,157.55551906911393,151.62661263918693,148.41772313590772,147.11372749311985,146.09668755853943,145.9324622899426,144.53815891124907,141.05395762337594,140.8508292188641
robotic_user25_trial_15_participant,0,4.436,4.436,,69.26181758795904,14.26785635637743,11.538777705065277,131.50778684541584,17.688524177274996,177.46805236749626,3.16,4.09,1,0.245,--undefined--,164.9185518764994,169.1359789462244,160.7947727759774,150.0226262219622,141.4079338589236,139.66196697351978,139.43931734279928,139.01690268852758,135.8384886832721,134.60134843576816,134.1693395734343,133.46742827238853,131.39051219755277,131.39051219755277
robotic_user25_trial_16_participant,0,3.7746666666666666,3.7746666666666666,,69.83158176105385,13.344179962796495,11.481737358481768,133.82183309955388,25.98958399913013,327.62205241506507,2.38,3.01,0,0.332,--undefined--,138.97867748436724,175.51642373182966,166.2261115300813,159.72351991860526,155.44941669367591,155.44941669367591,153.74343402343166,146.61641800523833,143.1821207442151,140.44722925163106,139.0168406009404,136.34272293017207,133.86729133486293,133.86729133486293
robotic_user25_trial_17_participant,0,5.182666666666667,5.182666666666667,,70.0847141320112,11.537384645951898,11.948863930937577,135.60612361283728,26.214467431370927,314.7084773914602,3.09,3.64,0,0.274,--undefined--,--undefined--,136.9716495228417,150.04995101809143,152.41609582889026,150.58586668726983,147.6144453344434,140.52196316581595,138.60595492839843,142.67494377198554,140.70375313768307,139.59406801262008,137.3081568687767,136.51519820014798,135.71883053592322
robotic_user25_trial_18_participant,0,3.1346666666666665,3.1346666666666665,,71.80232971329117,14.218922760801297,13.68310836906727,137.8001388633886,18.816642787835324,178.62328115018607,1.60,1.90,0,0.526,--undefined--,--undefined--,136.0992849131039,153.9681740754135,158.66110600003475,154.61796761203198,149.57400705044373,148.03157738422027,147.20070462239389,145.27770412861597,142.6350298603427,142.6350298603427,140.85246209580444,137.6643009167535,137.6643009167535
robotic_user25_trial_19_participant,0,4.286666666666667,4.286666666666667,,69.39234310183998,11.522997299526544,12.074067652189303,134.9772480238047,18.69983913542319,196.7884597938353,3.03,3.64,0,0.275,--undefined--,--undefined--,147.48077504003263,160.89685499776792,151.76271044253826,151.31865905662963,148.2374323148076,145.55535935967922,143.3413320300121,141.1669005959718,141.1669005959718,139.9132168768874,137.40443646886192,135.0634692028862,135.0634692028862
robotic_user25_trial_20_participant,0,4.052,4.052,,70.76275300799901,12.565758850509994,11.13297119841431,134.1419182528829,12.688890357973822,167.86989168156842,2.96,3.95,0,0.253,--undefined--,147.0772269076532,149.79235659792553,147.60526480728237,146.39251513985295,144.46081531565764,142.20414043590975,141.58734912741556,139.39498773026085,137.6634845605655,136.76035114524962,134.65615038923275,134.13546785431686,134.13546785431686,134.13546785431686
robotic_user26_practice_participant,0,2.7,2.7,,71.77610162523541,12.552389121160159,10.880620432468938,165.36824232820564,26.83314232725417,220.85492077627217,2.96,5.43,0,0.184,--undefined--,--undefined--,--undefined--,202.6433065996959,188.0677414430816,188.28387414255377,187.8251693461509,185.04884045047766,179.15160543402928,176.00887381473882,172.93349212518615,165.63643835949057,165.78497786434804,165.78497786434804,164.85496519391512
robotic_user26_trial_01_participant,0,4.02,4.02,,70.02476007352473,12.162799236300193,11.729462633941957,167.09950858053966,18.657028147636534,217.51257802595484,3.48,5.57,0,0.179,--undefined--,--undefined--,--undefined--,--undefined--,193.34433491964595,196.9041028864696,191.25587809144363,182.9439411976345,179.01444052992483,177.75424912113422,173.09155018203344,168.4351582734731,167.6385719882204,167.82493282370982,166.81272044596665
robotic_user26_trial_02_participant,0,2.58,2.58,,71.94812573697604,12.431893069111485,12.679741406472825,169.20117581246524,33.365323435661885,223.45420988860263,2.33,4.26,0,0.235,--undefined--,--undefined--,--undefined--,--undefined--,184.35478674172361,188.49954234490662,187.1300639968541,189.91927490099008,185.58696803453253,180.37628727078382,181.51359783054727,172.31427696420386,170.27178803844353,170.27178803844353,169.27616623663874
robotic_user26_trial_03_participant,0,5.16,5.16,,71.63773596147945,11.275643985745248,11.475344748894894,171.52058520908403,27.51423440231348,234.24416777746868,3.49,5.46,0,0.183,--undefined--,--undefined--,--undefined--,90.92392306555675,159.58358973536855,174.18447931076764,186.2036678661506,184.37945693072766,180.91759403656027,179.02682949774635,177.65688585507476,175.08196498060414,171.97247737971514,172.09658288402818,171.38168199331704
robotic_user26_trial_04_participant,0,5.7,5.7,,70.31254516047834,12.380424978077372,13.351228396891354,165.83262243048992,17.466200080596437,205.07102434769365,2.98,4.94,1,0.202,117.12706278227648,117.12706278227648,186.54440182385488,185.90810487214625,179.03600548466923,174.9246324910448,173.69388625301124,173.69388625301124,173.69388625301124,173.69388625301124,172.11560614453413,170.29332517263848,168.17212619734337,166.03499176559964,166.03499176559964
robotic_user26_trial_05_participant,0,2.34,2.34,,73.1802550835105,13.606090064738234,17.58166528259369,167.4271396076963,17.509294578235767,220.76818214920675,2.56,3.12,0,0.320,--undefined--,--undefined--,218.96539369172,183.5780361459877,188.88770543501718,183.67784259702432,183.3136759972118,182.6122766928026,179.20862492713837,176.8235539927657,174.30388237063048,172.61572801744776,171.21616760107614,168.2079639810545,167.41962141221626
robotic_user26_trial_06_participant,0,3.18,3.18,,72.59038021704542,14.469282161016285,13.14745051807643,161.30960877268882,32.13314969042977,207.7132106629774,3.14,3.69,0,0.271,--undefined--,--undefined--,181.6957166282268,180.0054824527629,183.6363078482918,183.4372163663065,182.11337733539537,180.9742225288939,178.8509778275801,177.7678506542338,176.41593068954015,174.53957675270132,164.0877996445776,162.48351897514377,161.68827189833223
robotic_user26_trial_07_participant,0,2.94,2.94,,71.29179404309204,12.0434482745963,13.944547026589898,165.94794793371898,28.30322958890601,346.8924811430057,4.08,4.86,0,0.206,--undefined--,--undefined--,169.17248244054394,177.77902955665962,176.22470460984684,172.80967805091137,169.3453221914156,168.23305041009024,167.34798888242793,166.76223485418092,165.19017791695725,163.8784904141661,162.29253640403584,162.29253640403584,166.01904845263712
robotic_user26_trial_08_participant,0,3.54,3.54,,73.41023523363974,8.672590947010764,10.577181484298816,138.46701221529776,38.55568386856277,191.94061652948545,3.67,4.70,0,0.213,--undefined--,184.40696224487652,178.81580294619675,170.9338233663957,163.1276852083658,154.19577258365672,155.13823419408493,153.1740943304175,152.86971710239237,146.57562652561052,146.55444380920662,146.05982149283483,137.01486272241956,138.3617309684368,138.3617309684368
robotic_user26_trial_09_participant,0,4.92,4.92,,70.52118880712351,11.877173747228163,10.781593531691415,155.27939477248327,20.068745486949158,232.30772597501334,3.86,5.37,0,0.186,--undefined--,--undefined--,232.30772597501334,195.7251984630426,186.86501050293617,181.00731980657957,177.79906468396211,172.47292192873627,169.29847837196914,164.7655513362008,161.6061862311149,160.18992993214945,156.53891353737603,155.5899752478073,155.5899752478073
robotic_user26_trial_10_participant,0,3.36,3.36,,66.90734701905643,9.4889209799859,12.333102872586197,153.71258995975202,16.288882781576454,193.76374264449345,2.98,4.40,0,0.227,--undefined--,--undefined--,--undefined--,171.37454920873253,172.7709066997822,167.02273649425499,162.6560355628183,159.2053800105393,159.90213208641057,159.2800623293854,158.00898744525492,156.27790379328036,153.53692110137683,153.53692110137683,153.53692110137683
robotic_user26_trial_11_participant,0,3.96,3.96,,69.2665167827465,7.581684509184434,12.709684870634643,142.4857137450833,16.224858632380613,193.69310077714383,3.28,4.64,0,0.215,--undefined--,--undefined--,156.6408351222603,155.28743261564006,150.51519034548102,149.25475597331717,147.73360583577852,146.82175198575533,144.48408879479803,144.46468079785402,144.41249957780417,143.65338375188392,142.2371052229279,142.2371052229279,142.47956185702157
robotic_user26_trial_12_participant,0,4.32,4.32,,69.5095837515113,12.361395498999846,6.701698810704806,164.53422040724573,24.988648816178053,337.1276930248406,3.47,4.86,0,0.206,--undefined--,--undefined--,--undefined--,174.0872785729341,178.73349156629214,178.87417658970142,174.10257929757688,172.86266318931663,172.62878486392216,172.07233387326087,170.09373937864734,166.880354638901,164.66887530061445,164.66887530061445,164.66887530061445
robotic_user26_trial_13_participant,0,1.92,1.92,,71.70235109478088,5.493345468030271,8.682379951651843,169.51014815603764,23.224322293158345,257.9280460289893,2.60,4.01,0,0.250,--undefined--,--undefined--,169.80691124202994,168.1579780428262,170.5577184266506,169.44101951751531,167.20260428756552,166.52571439095556,164.32119558736505,164.32119558736505,164.32119558736505,166.23153947392882,169.5781620735943,169.5781620735943,169.5781620735943
robotic_user26_trial_14_participant,0,3.84,3.84,,71.93235642589251,10.79394448387059,12.279134367078733,157.4908803565078,22.044032557874502,193.3405933907115,3.91,5.30,0,0.189,--undefined--,121.46520668558128,155.11169923610495,161.34877143057287,165.86187094314883,164.30128838288033,161.4101158613078,162.55407816290287,162.55407816290287,161.0986828503348,160.12980993958888,157.04801873317868,157.1513537411168,157.1513537411168,157.1513537411168
robotic_user26_trial_15_participant,0,2.7,2.7,,68.02398896049185,6.943953906552687,8.337622675977398,156.91824646411712,21.235612301675207,176.40037678489983,2.22,4.50,1,0.222,--undefined--,--undefined--,--undefined--,--undefined--,--undefined--,82.46552972295221,149.9806171394583,160.4136708591798,160.14660947337833,160.02281655508742,160.02281655508742,156.88299867346836,156.88299867346836,156.88299867346836,156.88299867346836
robotic_user26_trial_16_participant,0,3.48,3.48,,69.12058736298368,9.462068665259245,11.74955025535916,151.9829830595801,20.811611170980854,202.73513298713388,3.45,5.00,0,0.200,--undefined--,--undefined--,--undefined--,178.4823186275633,178.53183131050127,174.02637563258216,167.33171144806462,165.80254109903976,160.85118829073804,159.35228925804253,156.15539449199125,153.12188774018804,152.50430878209502,151.70420549789029,151.70420549789029
robotic_user26_trial_17_participant,0,3.78,3.78,,70.8201507408139,10.002421355936178,11.72144089397857,149.55441792986645,27.890613687689168,192.96045702361022,3.44,4.56,0,0.219,--undefined--,--undefined--,--undefined--,173.7933144099777,165.37737993498118,152.8188550802032,156.0137053602951,153.4333087777105,153.90087081710664,154.73795479671062,153.73753220158878,154.2402234001276,153.39783409823528,150.48108570110435,149.4081988006254
robotic_user26_trial_18_participant,0,3.48,3.48,,69.91898074269966,8.344815190880716,12.330499635016196,153.4010863671607,14.369064792684485,194.14842027633995,3.74,5.13,0,0.195,--undefined--,--undefined--,--undefined--,--undefined--,162.55919215993433,172.8496960242302,172.34233677057625,168.78097173018622,163.8238947200174,162.40551818644357,158.49583312966297,156.0581638840995,153.31930980255237,153.31930980255237,153.51976850096727
robotic_user26_trial_19_participant,0,3.78,3.78,,72.59522245120975,13.38342974403846,12.273610304752083,141.5943449071409,49.35639974252737,220.5851128157822,1.32,3.22,0,0.310,--undefined--,179.14174523062707,191.09072900336872,185.64131589540023,177.22553590623133,155.26672736983105,152.00385410917173,141.8386477993486,141.8386477993486,141.8386477993486,141.8386477993486,141.8386477993486,141.8386477993486,141.8386477993486,141.8386477993486
robotic_user26_trial_20_participant,0,3.66,3.66,,72.35060304008294,15.181412679738049,9.311800544949943,157.6820625374751,22.039726911373112,192.3319309856331,3.83,4.50,0,0.222,--undefined--,--undefined--,184.11249734825796,185.10921762444073,181.59229691549902,179.45799544402456,170.93336373859933,169.4273395305401,166.8737992581824,163.06811271050302,162.89886761222692,160.63315371502267,158.17538485975135,157.5673945920898,157.5673945920898
robotic_user27_practice_participant,0,4.26,4.26,,71.29692889613854,11.667380034866598,5.24877895366685,230.51801378519102,32.88695358387952,276.84662688891297,1.88,5.05,0,0.198,--undefined--,--undefined--,233.60671572105431,248.03828923285238,247.25980456644987,243.89422383253273,244.6956774441917,234.75382092728154,230.43157958035488,230.43157958035488,230.43157958035488,230.43157958035488,230.43157958035488,230.43157958035488,230.43157958035488
robotic_user27_trial_01_participant,0,4.08,4.08,,69.06188404612399,8.210106889419311,-3.0369945012788335,204.1245260209025,53.76293694606283,303.94852537469217,3.43,6.34,1,0.158,--undefined--,--undefined--,250.18161167881883,257.45555393769655,219.01084854983299,216.84242586148187,222.2244082597779,214.1115982516506,207.42442292896135,210.17973752158352,209.56682025612008,204.6076581282907,204.6076581282907,204.6076581282907,204.6076581282907
robotic_user27_trial_02_participant,0,4.38,4.38,,70.28287577507932,10.40543263304352,-5.192952815398729,234.87220422497336,26.590016057294154,289.16750070815294,3.20,4.78,0,0.209,--undefined--,--undefined--,252.08014018607588,260.1635524912286,256.8485914715994,248.6790215998482,243.11430277316083,239.24960093077019,237.18946509369783,233.2230563520028,231.0546327447261,234.14367535350115,234.7036686260213,234.7036686260213,234.7036686260213
robotic_user27_trial_03_participant,0,3.42,3.42,,66.82184782811143,8.51771316528858,-2.9513210385134614,233.94287237887528,35.70385509204602,341.72792787345907,3.22,6.14,0,0.163,--undefined--,--undefined--,--undefined--,--undefined--,238.4161431199446,217.78731041425198,228.85157632063155,227.20964040234688,234.67352135381006,232.9612113921856,232.68351686070193,235.06654923950842,235.06654923950842,235.06654923950842,235.06654923950842
robotic_user27_trial_04_participant,0,8.28,8.28,,60.51718216544094,9.156542934515993,-0.6820892758394759,243.58011049852664,37.58634305614592,320.78258367406005,1.57,5.72,0,0.175,--undefined--,254.48756766880328,270.9713333053043,259.7806655429674,257.2525148820633,243.99944111229016,243.99944111229016,243.99944111229016,243.99944111229016,243.99944111229016,243.99944111229016,243.99944111229016,243.99944111229016,243.99944111229016,243.99944111229016
robotic_user27_trial_05_participant,0,2.7,2.7,,68.89453087312663,8.645936118552035,-3.8142995800092656,241.92576963036208,45.63938151317489,314.6575508646761,2.22,3.71,0,0.269,--undefined--,--undefined--,--undefined--,--undefined--,279.22734500816284,287.2438192957001,284.24241490189485,280.3022979712913,266.299182755263,256.0349866073483,253.95893068799114,253.21900259901147,242.21288320911393,242.21288320911393,242.21288320911393
robotic_user27_trial_06_participant,0,4.56,4.56,,67.25182310276847,8.411765780136147,-5.646754017182505,231.04965162024595,46.64631059710734,322.4673170882793,4.17,5.91,0,0.169,--undefined--,--undefined--,258.85241102057097,256.80577764631676,265.6539327656916,265.8937007757875,267.40108262333155,247.41957792678164,240.5721656207357,240.34277145336682,238.7537493156938,237.27349325783138,231.0803866824885,231.0803866824885,231.0803866824885
robotic_user27_trial_07_participant,0,4.98,4.98,,67.39961026257009,10.149433120424384,-3.771525511348193,236.80293122194118,38.47399432628773,319.7624411404576,5.22,6.50,0,0.154,--undefined--,--undefined--,259.3722075114726,260.45132541551993,260.63864133717266,246.31002121743745,243.84548528979258,243.9981540522714,244.61756377888025,240.34416288554849,239.90706656908336,238.91939457176053,234.84872338092217,236.69064525686264,236.69064525686264
robotic_user27_trial_08_participant,0,4.32,4.32,,67.79059175476374,9.791589121826982,-2.7152667239588606,230.8561552046871,49.765716365602366,328.22156802161845,3.24,6.03,1,0.166,--undefined--,--undefined--,273.4498201842849,261.33624749252186,275.84672310896116,267.1770640286344,267.0280105063889,260.50210543840325,252.56010784340216,249.92204520056674,245.8188434598496,232.11310073163554,231.00786698954133,231.00786698954133,231.00786698954133
robotic_user27_trial_09_participant,0,4.8,4.8,,70.48082031758888,10.26867977146387,-5.599684871018916,257.9744056576154,35.42126029192676,347.6277421379025,3.75,5.83,1,0.172,--undefined--,--undefined--,277.9678151691445,274.4363763873415,271.76965917998274,275.23252210574395,274.9403227601037,282.55889495728553,279.2537699190371,274.2923478557781,269.60084209537564,265.3424591001506,259.4361308403236,257.7855416021079,257.7855416021079
robotic_user27_trial_10_participant,0,3.06,3.06,,68.48891502272201,10.251708852431802,-0.9464855947918285,238.19743178555166,41.841862998357115,365.603041113548,3.92,5.64,0,0.177,--undefined--,--undefined--,257.73734925937197,265.4131280088171,269.7483726389587,269.55904132749356,271.017056081839,264.20851262662615,256.7364826799944,253.2720654398609,250.06257103469667,242.53091584350784,238.1993906885613,238.1993906885613,238.1993906885613
robotic_user27_trial_11_participant,0,3.6,3.6,,65.88266813647152,10.847814619010622,-5.070494144836642,247.4352174753905,50.65432580489967,340.80782368875174,1.94,3.68,0,0.272,--undefined--,--undefined--,--undefined--,--undefined--,279.68968122035267,296.14764332221966,284.85252035774107,272.98685329976854,271.61479649864066,261.8718953412473,261.8718953412473,249.37243218367485,246.79439235712306,246.79439235712306,246.79439235712306
robotic_user27_trial_12_participant,0,4.92,4.92,,69.09708097130664,9.40657439507697,-8.22821507116631,231.66446255056405,53.07239867362047,341.4961455507304,3.46,5.21,1,0.192,--undefined--,--undefined--,277.51620268281465,271.1398795997204,265.8308806908318,259.066629017752,258.06801334388047,255.07455929124959,251.92619401112026,242.93874310576993,240.88206296920208,240.51374628639493,234.0373019435939,232.5355756156924,232.5355756156924
robotic_user27_trial_13_participant,0,3.96,3.96,,69.76111212143319,10.56436983590421,-2.407756560698208,231.9168609359048,49.102617478495105,323.5978999445812,4.29,6.14,0,0.163,--undefined--,--undefined--,269.5412196174991,284.7792518266388,278.4118266477786,257.8122825663199,241.9956101944465,241.0400395768994,238.90888334008997,241.51779501074938,240.95476420510138,238.36867857293078,231.79915447269354,231.79915447269354,231.79915447269354
robotic_user27_trial_14_participant,0,3.06,3.06,,70.6692590465253,9.888973535928088,-6.418577622644178,244.92591773084504,44.55155248376526,308.64455306193014,2.61,5.00,0,0.200,--undefined--,--undefined--,--undefined--,262.1586464155375,260.430982864074,247.01373574331356,259.40494653737596,250.41666895929234,235.73983350623755,236.46918564202747,241.85337305814963,244.86841644579837,244.86841644579837,244.86841644579837,244.86841644579837
robotic_user27_trial_15_participant,0,4.02,4.02,,67.9231411148427,9.350971513216336,-5.672542370357459,234.09395260661015,49.723371598523435,342.51584399347877,3.98,6.06,0,0.165,--undefined--,--undefined--,272.9332891144744,295.56598794257013,298.55150247119036,284.7944220965538,276.45810877690394,267.1651907391395,259.3501243855798,254.33634619952034,248.31430661030106,237.45759876357315,233.58734849873613,233.91088828308145,233.91088828308145
robotic_user27_trial_16_participant,0,4.14,4.14,,68.18595560816416,10.296834756723738,-3.1771121736041104,241.15111022966192,47.48761073430259,325.90531568004934,3.14,4.17,0,0.240,--undefined--,--undefined--,287.5983464616561,265.3186434702583,273.90709655409626,270.6821971381263,271.1948189580794,267.251926120821,261.7007050929448,258.5511606133364,253.8656078978906,250.41948072237312,241.15115912276212,241.15115912276212,241.15115912276212
robotic_user27_trial_17_participant,0,4.8,4.8,,67.19238415776839,8.624116570018682,-1.3747731631481006,238.33672465993087,39.410485106985426,316.84078658405036,4.79,6.22,0,0.161,--undefined--,--undefined--,265.96599943136914,272.1666934398798,264.8338226417792,255.11295259434348,251.6872989077975,251.98655084679896,249.5277852782245,245.45212831950192,242.5910568293349,235.4917024515387,237.4790404359629,238.25823224480192,238.25823224480192
robotic_user27_trial_18_participant,0,4.08,4.08,,67.3828585589923,9.775717755618558,2.1956739474070357,211.34243731220477,40.93352776754947,280.8759803222933,2.94,5.77,1,0.173,--undefined--,--undefined--,--undefined--,258.9801845113983,244.19974183431574,223.32556063796272,216.4483736509583,218.2826456634352,220.5684277123204,221.98042225293335,219.6705788202575,215.0031861947989,211.47397608016357,211.47397608016357,211.47397608016357
robotic_user27_trial_19_participant,0,4.62,4.62,,70.43874719408133,9.33351083803241,0.3205326226497067,248.5223825803798,32.30549148843581,336.2375361279752,3.90,5.31,0,0.188,--undefined--,--undefined--,276.3639975792619,263.4513706058133,283.2069632408185,264.264322239854,261.59889131830045,255.63488271640117,255.63488271640117,254.49024126406792,251.9319142998815,250.37473231475016,247.0265527585408,248.64217561089612,248.64217561089612
robotic_user27_trial_20_participant,0,5.04,5.04,,67.44876267370626,9.940420814516088,-1.0771652229410926,236.48717689005406,51.69014852195096,367.03315202247205,3.97,5.61,0,0.178,--undefined--,--undefined--,--undefined--,287.1984140520075,275.989490702829,270.4254458009004,267.08921913108986,265.2698684936702,256.55404154839283,254.55426163078974,251.55463606157215,248.63220936042478,243.9884263155682,235.8458915661342,235.8458915661342
robotic_user28_practice_participant,0,3.12,3.12,,69.47200530052227,8.131208073921403,8.397205843529289,180.17486825883793,31.854984286075908,282.92708135763945,2.24,4.33,0,0.231,--undefined--,--undefined--,--undefined--,--undefined--,196.84450695045655,206.99271709823847,192.01555742877534,187.0201903798092,186.6257492991939,185.8584425018164,180.37962026398088,180.37962026398088,180.37962026398088,180.37962026398088,180.37962026398088
robotic_user28_trial_01_participant,0,4.08,4.08,,72.56892730527223,11.208846833866826,8.340468284816822,180.10543025495485,21.11442398962239,257.95324169387146,3.68,4.99,0,0.201,--undefined--,223.40108698579425,204.95639824128622,205.9796898256616,202.56728284310478,199.0440327730467,194.1233111473716,192.6576478968165,190.93970148879083,186.88235790457819,185.37188509355147,182.09126555858518,180.05258881376426,180.05258881376426,180.05258881376426
robotic_user28_trial_02_participant,0,3.78,3.78,,70.44741506998248,10.791038097937694,8.591269600083528,177.42672622874758,19.732388263463836,227.61954043598024,4.50,6.56,0,0.152,--undefined--,--undefined--,201.45174425468733,194.39609548745315,197.73373263208853,194.11799960114516,191.7591638699706,187.83042529506292,186.80228259320765,184.52099759079857,182.15588707333256,180.03072500016606,177.55848505343286,177.55848505343286,177.55848505343286
robotic_user28_trial_03_participant,0,4.08,4.08,,74.93966405896543,11.81897647389129,6.55692575668203,196.62314462264274,26.73185039782068,255.5580572673008,2.45,3.77,0,0.266,--undefined--,--undefined--,--undefined--,216.61484082291557,222.81571479508045,215.63141705491705,211.34855422671055,212.43564232976073,211.35518361149786,207.28798211611488,203.76660150824125,200.03181959814876,196.72984598678184,196.72984598678184,196.72984598678184
robotic_user28_trial_04_participant,0,3.84,3.84,,71.76318959758834,12.307901227603864,9.071195505859059,192.19355492167873,24.573794948408352,253.1393817218111,2.86,4.27,0,0.234,--undefined--,--undefined--,201.7265472630831,207.01159667484532,208.20132726059168,203.36261713968938,194.78495284171348,193.17068315293957,193.31135638135152,193.19238551310505,188.84284051626068,187.82002216138437,192.15888454715494,192.15888454715494,192.15888454715494
robotic_user28_trial_05_participant,0,3.6,3.6,,69.03635666950912,10.10253061663731,6.58684365223179,194.29116343600094,26.78325431775281,246.773231540046,3.06,5.06,0,0.198,--undefined--,--undefined--,--undefined--,--undefined--,226.07901008888325,214.3198053867497,206.70412501655926,206.31746532741985,204.22138536606096,198.969289344045,195.36641404410813,194.67559289551835,194.66285392970252,194.66285392970252,194.66285392970252
robotic_user28_trial_06_participant,0,3.18,3.18,,69.00990765936827,11.433721999333947,9.062187038781873,178.12825236938815,29.860473998103007,264.87127445948875,2.83,4.77,0,0.210,--undefined--,--undefined--,--undefined--,199.2994312553809,218.32471201882115,210.8017040712413,207.30526623459727,198.82637228713565,195.59908803252114,193.09498727474312,186.15173762707164,181.23620803130447,178.3727264981939,178.3727264981939,178.3727264981939
robotic_user28_trial_07_participant,0,3.36,3.36,,69.22420987345242,9.435612528706828,10.3398570218761,192.45096082442473,43.064531023619494,324.11129991040804,3.87,5.85,0,0.171,--undefined--,--undefined--,227.26606461934693,239.7095533888228,246.74749442537586,233.94372996087924,221.03175309802822,215.2066561036813,208.3534318630747,203.5196768168271,197.05638058852324,191.90506951821575,191.90506951821575,191.90506951821575,191.90506951821575
robotic_user28_trial_08_participant,0,4.02,4.02,,68.45026527354683,11.91231739064517,10.905044561814588,183.01147510818282,28.40481447999414,270.97261943397854,3.48,4.92,0,0.203,--undefined--,--undefined--,233.0370500569572,216.63002707875867,209.18283188582683,204.72444824965754,198.635072468123,196.27220591238304,192.40379638814113,186.45739705249858,184.9760617038084,182.4141984985469,182.5666057985674,182.5666057985674,182.5666057985674
robotic_user28_trial_09_participant,0,2.4,2.4,,68.15659394131096,9.623188199829759,10.469224754646627,181.96384225324763,26.665183102701768,238.64791097015697,2.08,3.68,0,0.272,--undefined--,--undefined--,--undefined--,215.48523214367165,218.07293434072747,204.08036979336313,194.26454315832817,192.7987438875547,190.6129771940054,184.14369609212204,184.14369609212204,181.94157785483685,181.94157785483685,181.94157785483685,181.94157785483685
robotic_user28_trial_10_participant,0,1.86,1.86,,68.14309395860839,10.484644530219231,8.14934098889832,191.63127719905958,21.600631289687733,224.74318134322564,3.23,4.46,0,0.224,--undefined--,--undefined--,--undefined--,--undefined--,203.46128407832,205.4347641270722,195.164269385308,201.0299104930147,199.7853466057757,189.92122612590862,185.95156729754353,187.27194351403804,190.27081046029477,191.68921282660506,191.68921282660506
robotic_user28_trial_11_participant,0,3.42,3.42,,69.99708276457604,11.77385185094212,8.150854161025517,198.89106208512908,40.03064180135798,280.8246060551562,2.92,4.05,0,0.247,--undefined--,--undefined--,--undefined--,--undefined--,216.55244076001767,225.881267522174,236.38378146940448,232.42123449320243,225.87101883540603,218.7719785522805,215.97577780243066,213.44714314197304,208.02725371285993,198.92333569657467,198.92333569657467
robotic_user28_trial_12_participant,0,3.96,3.96,,70.67945336049367,11.800749466392965,9.872815047027348,180.89564942557527,25.552623919078147,261.20401050823165,3.79,4.36,0,0.230,--undefined--,--undefined--,236.3484512540924,219.8240470722996,209.2841619107359,203.1978689812883,197.17927840073094,193.55239615528598,191.17007869297288,188.62897840376118,186.03106473569042,185.18931772480627,181.76040973288352,180.79541187099574,180.82563129932262
robotic_user28_trial_13_participant,0,3.6,3.6,,70.74227255018617,12.54093590374585,11.849714973132555,179.41092191950514,21.46323993858398,228.20601098809945,3.61,4.34,0,0.230,--undefined--,--undefined--,207.86518564272416,199.393909563694,204.68858736964526,203.23179274934958,198.21800540972242,194.5504989184709,191.52304234756605,187.27908105435057,183.03310801636871,180.74658365094842,179.34742239728124,179.30961778225395,179.30961778225395
robotic_user28_trial_14_participant,0,2.58,2.58,,70.53960266045051,10.05589925345321,9.637564013130458,192.510054541243,42.1126859452549,309.71809441473084,3.10,4.76,1,0.210,--undefined--,--undefined--,211.24450596046933,249.51124600261724,233.7999858584575,233.7999858584575,220.54071027628262,217.83339718281724,217.83339718281724,217.83339718281724,209.88758563281567,203.54968018874342,199.19501013044564,192.44802184179613,192.44802184179613
robotic_user28_trial_15_participant,0,4.98,4.98,,70.5842375374583,12.406386783678714,11.366778840801938,178.39864753869483,28.743075241409446,272.2177794053713,4.22,5.17,0,0.194,--undefined--,217.77027855680282,220.3201646362024,211.84545727578566,200.62554118875394,192.0584309690538,187.57801845595895,185.8177233634281,185.05534435290173,182.35031470966953,181.04212816022917,179.16876743174217,178.38670542980327,178.38670542980327,178.38670542980327
robotic_user28_trial_16_participant,0,2.16,2.16,,71.67987538787247,10.139756628727879,12.359694108076042,212.3956437783982,18.903438214932617,249.55944212126266,3.24,6.08,0,0.165,--undefined--,--undefined--,--undefined--,217.09353101839955,232.9152638360496,225.17369696581596,224.21585930717632,221.71399670563574,218.08390671493797,214.96668075608608,215.34181629176257,212.45954217527319,212.45954217527319,212.45954217527319,212.45954217527319
robotic_user28_trial_17_participant,0,3.66,3.66,,73.10775712012847,10.189000482921406,6.142156650454249,193.68913980698204,40.10094823065503,293.61670999802294,3.55,4.81,0,0.208,--undefined--,--undefined--,217.9673804920462,202.98233555817848,229.4381097282286,218.7973207501357,214.09181113073413,208.8048009131218,206.53481411132725,203.19586068510554,202.314358314647,202.7183359786119,194.90130378080622,193.8709744760826,193.8709744760826
robotic_user28_trial_18_participant,0,3.24,3.24,,69.01442941711389,12.167490465982473,11.404025792578194,179.7535498032016,29.862373228662552,281.49525279855186,3.70,5.47,0,0.183,--undefined--,--undefined--,205.7578952737706,212.35171022792645,210.5711208555491,207.36209899855615,198.82305764729614,196.3057279528044,192.07119445533388,185.69834250217855,182.46945967713188,179.34831355148157,179.34831355148157,179.34831355148157,179.34831355148157
robotic_user28_trial_19_participant,0,2.58,2.58,,71.4767010014692,10.095093905438715,11.682018276728368,195.73366036881183,28.195861446895535,250.30942857206813,2.33,4.21,0,0.237,--undefined--,--undefined--,244.94987369031816,230.40180301806183,226.30346774703978,216.8168338207647,208.4855376931152,203.82258115139743,202.8067859843626,200.85841905190202,196.00844632854646,196.00844632854646,196.00844632854646,196.00844632854646,196.00844632854646
robotic_user28_trial_20_participant,0,3.6,3.6,,71.33915934084759,12.182846793120623,8.006727143274471,188.50021063543971,32.215423374894726,288.2527557133073,2.78,4.17,0,0.240,--undefined--,--undefined--,221.69842525345612,233.54309874181033,216.35040353355376,208.37505259804783,200.70438387853463,196.27527493849792,195.2206857048707,192.75150572263198,191.51197634114374,188.66640404925278,188.66640404925278,188.66640404925278,188.66640404925278
robotic_user29_practice_participant,0,3,3,,69.39351619160999,10.282393745226505,7.19161719308673,238.6085437272347,39.93172967566178,332.13002445852766,2.33,4.97,0,0.201,331.4662265727586,331.4662265727586,331.4662265727586,271.483444040499,280.0455749050533,281.916203217542,265.9023276894289,255.7495084613618,251.6481448683327,238.37603231898518,237.5204134300709,237.5204134300709,237.5204134300709,237.5204134300709,238.5716313303871
robotic_user29_trial_01_participant,0,4.44,4.44,,73.33652691474889,9.094559136623229,11.096790212134795,227.40209670437335,33.63149134838724,333.7613057709608,2.93,4.70,1,0.213,333.10588007164733,290.6427357469772,276.5063720451302,258.56686333244255,250.32834181180803,245.88372990511448,241.16221207823142,238.44924863347742,235.6029699096967,235.6029699096967,234.04140087923776,231.5631255184238,227.3862877995477,227.3862877995477,227.3862877995477
robotic_user29_trial_02_participant,0,4.62,4.62,,71.30758064250003,11.361581175555788,8.535389055304291,248.40970855257387,34.68835038287989,349.1861872720301,3.46,3.95,0,0.253,328.6366330534504,272.5477944921764,280.34943645154374,276.2642620559317,264.5191306046474,262.75432425574564,249.63872105976117,249.90797676885404,248.223182735684,246.4015886437659,244.95486054382556,245.178069565185,247.62710603541453,247.62710603541453,247.986307580782
robotic_user29_trial_03_participant,0,2.4,2.4,,69.11461579906094,7.169725188961745,5.872811244992993,233.88179703625448,63.851739642457495,327.12738115962634,1.25,1.86,0,0.539,326.88812778848774,326.88812778848774,308.94572364677197,306.06324807537214,286.21349606062813,280.46576936471433,271.6655969122018,257.49507579843885,255.26126059444357,255.26126059444357,251.28052134674363,233.34725778965705,233.34725778965705,233.34725778965705,233.34725778965705
robotic_user29_trial_04_participant,0,2.76,2.76,,68.59920874431307,9.254345433310196,10.318929565994212,259.68671465006463,36.367759352977075,334.84852779309733,2.90,5.10,0,0.196,333.47752904619085,333.47752904619085,267.80746305351295,278.39160789863547,283.4804979916995,275.0839543733472,273.47312555917796,267.50384380139377,266.1575003520319,259.82591680053235,259.52009029386323,259.52009029386323,259.52009029386323,259.52009029386323,259.52009029386323
robotic_user29_trial_05_participant,0,3.84,3.84,,69.0726396418278,11.435019377338797,5.443524135508756,241.79589508343997,29.003776224492547,348.48364886725176,2.60,3.63,1,0.275,--undefined--,290.97837012505687,279.6144135656329,262.0280412001001,254.7289367880443,254.82196420287184,256.99511535495526,257.54596777327623,251.99438231699418,247.67412272189196,244.67374728888976,241.35977059354386,241.35977059354386,241.35977059354386,241.35977059354386
robotic_user29_trial_06_participant,0,5.22,5.22,,69.13453552661642,11.932191758407852,8.92786188462195,238.84520450051187,44.399807738480675,338.9099666564991,3.83,4.24,0,0.236,--undefined--,273.66871003010726,277.11493350576256,279.71815315116055,269.51757318682655,261.38862744795944,260.53143131639956,244.82987630147218,241.3727048622756,239.01796603059876,237.29937583349596,235.7906974579492,233.5394913726603,237.83073385224813,238.54684880476324
robotic_user29_trial_07_participant,0,4.26,4.26,,68.96936548523541,10.891798926507985,9.395024300058354,249.1696388852495,34.69725364867156,349.50755846612856,3.52,4.76,0,0.210,330.8392722743963,276.9439318951727,269.35821772706754,269.4612803510425,257.3906116201127,255.86236426991962,253.56638517617282,251.67193323845223,249.92177842604417,247.1417144529753,243.2596391248107,244.39183700439946,249.45296776274893,249.45296776274893,249.45296776274893
robotic_user29_trial_08_participant,0,3.48,3.48,,68.0728196971183,8.671664548994253,10.365827097086074,230.81651350404658,30.712765304367156,331.9033769655313,3.74,4.39,0,0.228,270.5315059443407,276.1976970735766,251.08017539167938,249.5493361811215,249.4904903892048,244.52045793753186,245.23811253333034,242.82576620673515,239.50044134376725,238.30944832409855,234.50466984178655,232.42417597131012,231.26568488160268,231.26568488160268,231.26568488160268
robotic_user29_trial_09_participant,0,4.14,4.14,,70.1590727119264,10.799170621865013,8.862080175047371,236.3921325683151,43.614802668791356,365.1843385386547,3.38,4.23,0,0.237,333.1539469232408,281.4341739346959,277.5143436053728,242.25132514724902,243.62874965336582,243.99331370695802,235.64771988069998,232.8018870976609,233.27929715629386,232.88445187357294,232.01817871242696,232.40452100066184,237.18063508167384,236.3746084394471,236.3746084394471
robotic_user29_trial_10_participant,0,4.62,4.62,,70.41044019703621,10.17288919151577,7.075358920408479,222.12115297360762,61.267981201405014,366.78981841957597,3.68,4.37,0,0.229,284.3767590834848,284.14097996574816,269.4675161890114,272.5027737683922,263.5182334210546,222.77787715892364,218.6497319810698,226.6452721360943,229.4020579408392,229.27799004326093,227.23612638537392,226.87590191976437,221.63717552322962,221.63717552322962,221.63717552322962
robotic_user29_trial_11_participant,0,2.4,2.4,,67.52556275721084,10.565500817239384,11.0370590386239,275.1998778042211,44.06404589450247,349.88542468707857,2.92,3.76,0,0.266,331.26230590280204,293.7812486721512,293.7812486721512,274.3520190369548,270.24966987189237,287.75674864618776,282.49193289925495,269.3515978914445,265.5723530025077,265.5345451620177,268.1691125851955,274.33246647719545,274.33246647719545,274.33246647719545,274.9051976393327
robotic_user29_trial_12_participant,0,2.7,2.7,,70.08296301757352,11.88980777645006,9.058150947863107,261.6287803783065,42.78879026876909,345.80360217906997,2.96,4.20,0,0.238,--undefined--,--undefined--,274.0121174406138,293.88443067953995,292.8838805791659,278.48891096744444,271.977464474064,269.74880421029366,261.4454776121563,260.26839944009026,260.26839944009026,260.4905618877532,260.4905618877532,260.4905618877532,261.64953280385396
robotic_user29_trial_13_participant,0,3.36,3.36,,67.41957587817093,8.353611792749396,7.390795323502061,235.5268556510129,39.489294113148006,365.9150276588384,3.87,3.87,0,0.258,337.19033945222884,276.16955554251984,279.3759030344323,265.2712193712848,255.86200247357766,256.09007789032955,253.09879137357476,252.1381223378911,247.4322099608618,245.55223910440193,245.03859874839884,240.78009844156284,234.15661636235137,235.85237430713235,235.85237430713235
robotic_user29_trial_14_participant,0,3.9,3.9,,66.49401166145644,10.350989048169575,9.237228251174068,226.23475785649057,48.70623201119532,337.1440318964231,3.33,4.98,0,0.201,336.56028065075134,336.56028065075134,278.74513011065585,272.18340425354893,265.4706626531655,257.4721923346309,248.4414108630246,245.05612220851478,244.52078357371246,243.3904968077008,239.56393302009374,228.72762329304783,225.35799338715728,225.35799338715728,225.35799338715728
robotic_user29_trial_15_participant,0,4.2,4.2,,68.98619656029388,10.560530563507667,7.1722960711847,236.6210995657396,53.79096350703709,340.53821183552,2.86,3.92,1,0.255,337.2773824103532,290.594915131317,277.2187362518676,288.9527728323909,274.3723664965663,271.0863441674896,269.5414970168659,264.8013702430333,257.92061275337625,257.51273560356776,252.46791790780517,242.33309511207594,236.37134912408786,236.37134912408786,236.37134912408786
robotic_user29_trial_16_participant,0,4.74,4.74,,67.40422559987212,8.860701043640807,5.564497117171619,237.67131006775364,41.373864360951266,336.01654024046184,2.74,3.52,0,0.284,332.9165074969922,300.6605085620426,289.73313655944366,280.91634289052195,267.330754339422,259.4520104946018,257.43361375886184,252.84071377009988,248.42579198186095,243.97846063515547,240.08125430919094,236.3316491741407,237.6193751479955,237.6193751479955,238.04249981711388
robotic_user29_trial_17_participant,0,3,3,,71.10545111645177,10.645665244473525,9.899587458252515,223.7522462746853,69.00164276474901,353.67751534974343,3.33,3.83,0,0.261,336.0180373184856,283.66687673850777,286.5088996852543,299.10329306798013,283.6231729090856,281.4736813669875,281.0374911235146,271.3985175978711,260.16443298339834,251.13877515249854,248.62418152454373,241.43806171423205,224.67562971101827,223.83774393408567,222.96882556920607
robotic_user29_trial_18_participant,0,5.52,5.52,,69.84934717049218,11.584425150409372,9.270165790042872,239.54522381310719,42.33942073640028,341.2458641193226,3.80,4.30,0,0.233,332.5327144518937,298.1812841823148,288.50192368319034,285.24270405876064,256.4834848646595,248.9164819721626,246.97827430392718,242.77086679028213,241.094308631105,242.43563515024633,240.77918323799517,239.9093644522113,239.9093644522113,239.9093644522113,239.9093644522113
robotic_user29_trial_19_participant,0,3.66,3.66,,71.73574037599857,9.017043792912698,8.841841401781487,250.46529829825295,48.67250417102072,345.5960428072995,4.10,4.59,0,0.218,331.4485825889264,282.24496482941316,305.81268516422597,297.2308649371804,285.25917478274107,275.2194900600402,269.0498518380151,263.0633710503614,260.1282675104107,254.73428229958986,248.83166141771525,247.43788939441822,251.03165416325427,251.03165416325427,251.03165416325427
robotic_user29_trial_20_participant,0,4.08,4.08,,70.7774984288148,9.978650678212542,10.39251829662842,242.46760086651219,35.732286035740366,334.9379300666513,3.43,4.13,0,0.242,330.81485229372066,291.6311776144451,277.61425251397264,284.1927214919659,272.8511535497918,269.0995176506777,260.76766815701933,260.250852540087,257.30465809193754,250.6436648834937,244.8588753618581,240.87670419283418,239.46190034349667,242.25284326841003,242.25284326841003
robotic_user2_practice_participant,0,3.78,3.78,,71.24347691125561,7.699852065699032,13.90498816479871,139.2666511207671,37.67997603487628,326.18234207179523,2.12,3.12,0,0.320,--undefined--,--undefined--,--undefined--,139.80536455054883,145.93537534379487,163.507683922718,158.54120287279562,151.31077261067477,144.92082608634288,139.6021270173074,137.50045768944997,137.50045768944997,137.50045768944997,137.50045768944997,139.03445674946906
robotic_user2_trial_01_participant,0,5.22,5.22,,74.84603238081263,9.279887474369623,12.460597366430745,132.07593766069465,34.17615208305309,326.3694093257027,2.87,4.32,0,0.231,--undefined--,--undefined--,152.75625951424695,171.60068231628674,165.417878104244,156.6735582035073,153.4801106360997,149.20203856460944,141.03447105131417,138.06113930267136,134.60904645784436,131.15738767733728,130.59688850624838,130.59688850624838,132.29715536224114
robotic_user2_trial_02_participant,0,4.38,4.38,,67.63045460071231,10.319985657554074,16.252032860426368,128.3814000504855,44.815028638712455,321.14073884906685,2.05,3.04,0,0.329,315.5938200724766,315.5938200724766,200.980296286074,166.35145408791985,160.64639529284742,149.34900084826197,149.34900084826197,143.93607260900086,136.95608061005677,132.64437099411546,132.33246936434247,130.14739400248624,125.30106537879395,125.30106537879395,129.0359223513876
robotic_user2_trial_03_participant,0,5.7,5.7,,67.60810670692874,10.250059161223653,14.295416487898937,119.093640454918,36.74148030775268,323.6985405432799,2.98,4.41,1,0.227,319.60093337508977,319.60093337508977,146.2243488210289,137.88786516521185,132.55113894122522,129.79256481287612,126.48025594650224,124.38777018340201,122.51036880884485,119.80351652168883,119.80351652168883,118.5762293832555,116.52107039392628,116.43569555633249,119.4121302720497
robotic_user2_trial_04_participant,0,3.54,3.54,,69.60614574901129,7.297357568675664,8.836082224589727,132.36199036615648,36.589131077362744,322.8136969012625,3.67,5.21,0,0.192,312.2721347408425,247.55530681644274,178.0868566501273,161.1728007394252,160.01957066404637,157.8867883280497,149.05703127834323,143.1568460042415,141.15768009508685,138.21961352070434,136.71905850775158,133.55325156482695,132.6842843956081,132.6842843956081,132.6842843956081
robotic_user2_trial_05_participant,0,4.68,4.68,,71.54232880085638,9.405494937313367,14.814582323479076,124.96317479406795,31.667482168178925,327.1171793199834,2.78,3.55,0,0.282,324.7980235587709,261.703939275129,150.44855406716067,154.73955525385028,147.5937442682448,140.3703758214976,138.37762704560993,135.89412372952796,131.43512090461118,131.43512090461118,129.25526934508912,127.32357080940044,124.98680695102364,124.98680695102364,124.98680695102364
robotic_user2_trial_06_participant,0,5.1,5.1,,71.89279147519972,10.327112948106562,16.804165457700705,122.74128514109508,32.057480638105524,329.23581274821873,3.33,3.76,0,0.266,325.01112111473236,213.01903537410618,160.81190727138554,148.8833827103091,142.2108758822562,139.324544197903,136.8078634853671,132.71119458772228,128.85798056298276,126.88902405580082,124.45357182384632,123.34238355245894,121.75609987042193,120.68850242728529,122.71878294049165
robotic_user2_trial_07_participant,0,3.9,3.9,,70.01017579565305,10.195772079527142,15.077615006010836,129.5705018712874,39.25026977585035,331.17435490138683,3.33,4.34,0,0.230,326.1121951590882,326.1121951590882,171.69602160892052,157.81426532609268,147.34902723486502,146.5115788018891,143.18816898032574,138.55037869923567,136.03938589351765,133.22665634540223,131.46540614017454,129.38261255916098,128.17501310535528,126.02826464113608,129.73519221291383
robotic_user2_trial_08_participant,0,5.28,5.28,,70.39479278342503,11.482480099574078,14.969068202253315,124.3850517976317,25.06250749627855,335.5798929221377,2.65,3.39,0,0.295,330.1512268082036,330.1512268082036,136.8495117490694,137.42705124986279,135.2687054403288,134.4015796445908,132.92718774375803,129.57389834047586,129.21534483142926,127.86515912000796,126.59996310025733,126.16022964197771,124.05790979558469,124.41852838351653,124.41852838351653
robotic_user2_trial_09_participant,0,4.68,4.68,,70.21382474226364,9.96938094518096,14.888146219471048,119.593443984167,21.84426898101506,326.66309713698064,3.21,4.01,0,0.250,325.6808710747506,325.6808710747506,137.34255683089447,129.072025863223,127.58671296569008,126.33007898714806,125.42776787177772,123.80705245473398,125.83187749480427,124.70243333289875,123.39190708706536,122.22358833169633,120.95613275411945,119.659098712137,119.659098712137
robotic_user2_trial_10_participant,0,7.02,7.02,,70.58435986843077,10.436089325992933,12.943038456220124,119.3217622957702,28.809538722444007,334.36047848872903,3.85,4.51,0,0.222,326.6476697099489,186.62137217032662,162.26857193675662,149.71019546098603,142.46460253343133,137.19964811147406,135.23908434739323,133.85508821312766,128.16814713058244,126.34863718907897,123.90522204508619,123.08607041112818,121.07643712074797,118.86781247981503,119.45320155920068
robotic_user2_trial_11_participant,0,4.44,4.44,,72.01783998886425,9.851694478022075,15.603822918881637,121.31298024387843,35.61511929048213,323.30990522164325,2.93,4.08,0,0.245,321.4855650039893,321.4855650039893,231.32220836134786,171.21359695922717,151.52449377534094,144.9015510493987,140.36263008829397,136.9947768831912,135.64423978932413,128.81854903141863,126.30095437454678,123.18691426588693,120.1390107667199,119.68253147658298,121.46717961974073
robotic_user2_trial_12_participant,0,4.92,4.92,,71.47220481289531,11.75836681342365,16.91966150265294,114.87254030173689,30.431702916780612,320.333609794292,3.66,4.25,1,0.235,311.06969375769245,311.06969375769245,155.85727209307663,144.2878671802767,138.89845987115308,132.01663717868294,127.78756004512907,125.65852528488952,123.12652828669452,120.26021932908223,117.62294325134218,117.27470238767064,115.50679183152107,113.84978366148586,115.06237130795193
robotic_user2_trial_13_participant,0,2.64,2.64,,67.79072796321262,6.27786310481382,11.59659593211515,147.7843796992559,52.32630840607792,323.71145488367944,2.65,4.70,0,0.213,323.22470363943796,323.22470363943796,323.22470363943796,168.50417735954753,160.1578883118372,161.94464457061122,158.28121839832437,149.26919840963993,143.93009453339124,140.17266155729175,140.17266155729175,140.17266155729175,140.17266155729175,140.17266155729175,148.39856973534938
robotic_user2_trial_14_participant,0,3.96,3.96,,69.74094929876179,12.349126558181798,13.988747241606712,107.8921510896224,29.28277650153569,324.0111776299193,3.54,3.54,0,0.283,319.1582769341501,157.46819159294864,137.04053976467333,136.81385979115504,125.62612361563859,122.19469565629242,117.85091346386491,115.50946001907282,113.88975822303914,109.99596549917172,107.48216225503002,106.48924517979559,106.48924517979559,106.70017559884215,107.89314595621869
robotic_user2_trial_15_participant,0,2.94,2.94,,65.81245305233001,8.740379298409067,12.542655089587718,113.20339885033394,47.54223296114091,323.16734596139173,2.04,3.07,0,0.325,322.4254518625909,322.4254518625909,132.85220688144568,119.39589468183696,119.79104771420968,118.09480245695252,114.45340515054065,111.57260667797294,109.57475597170485,109.24774510857067,108.57633186048014,106.70576211598694,106.70576211598694,106.70576211598694,113.68546892157754
robotic_user2_trial_16_participant,0,3.78,3.78,,66.63489819715929,12.813183400717975,13.866224228487823,117.87505474786134,45.44329150600285,327.4762681227389,1.59,2.26,0,0.443,326.95938975101035,326.95938975101035,179.3279204353028,166.0312916872983,132.3760694398275,125.09637965514334,124.37223672632717,122.32611391157597,117.97713456619422,114.37233564682542,112.62128925598725,111.51730180639863,112.36127581781538,112.36127581781538,118.42544639497011
robotic_user2_trial_17_participant,0,5.88,5.88,,68.53535691629502,11.491171482850643,12.199198938227225,108.31475678859302,22.610285757280877,330.79386527306957,3.06,3.95,2,0.253,329.4395735732613,141.6076465538784,133.87698509046228,129.19175551092187,121.23721829681918,115.83239145622804,115.16521479062929,115.16521479062929,115.16521479062929,113.3685100899487,111.9286632324369,110.45149345829194,108.93016439638139,108.43342879579228,108.43342879579228
robotic_user2_trial_18_participant,0,3.84,3.84,,68.38724811396935,10.633607722873515,15.060129754596938,102.50231714413653,28.49755218510362,335.396013482685,3.65,3.65,0,0.274,328.5372302012576,131.43769380478054,116.33222686300695,118.60600215372503,116.15110651875663,112.55839428153492,110.04464142278178,108.69383881520776,107.07016772026701,105.83282732463661,105.10985358752917,103.3316932719186,102.64067867425135,102.64067867425135,102.64067867425135
robotic_user2_trial_19_participant,0,2.82,2.82,,68.13805257395556,9.64232262579084,15.40597858310834,103.0005124716627,38.2299250667938,321.64813704630103,2.13,2.48,1,0.403,316.3190755558509,316.3190755558509,217.02728736653222,135.7868045132512,128.15776387665588,122.13232348704814,114.12516886358554,112.95155321596158,110.92241621542472,107.50907440662425,106.64791669543152,106.64791669543152,104.86290788619038,103.40492243887327,103.40492243887327
robotic_user2_trial_20_participant,0,4.8,4.8,,68.0307379779567,11.094138238570196,12.03365535252843,116.05214601405113,44.31691291278582,323.68766378984867,3.12,4.44,0,0.225,320.76058367279444,320.76058367279444,193.0323208214797,138.96737013902742,128.27724330372465,123.90700870559255,120.24867252855789,117.73974581197041,120.34143624798449,117.49702470780036,114.4286564109274,113.32516924888985,112.34808756930592,112.57724371905056,116.38601416630641
robotic_user30_practice_participant,0,3.9,3.9,,71.94015068158602,11.081839194171119,10.605125124091238,185.78373470567544,24.497322139837202,236.09606279154673,2.31,4.46,0,0.224,--undefined--,--undefined--,--undefined--,--undefined--,--undefined--,217.28986633998892,215.42957901154196,209.0355652899184,200.60474242045245,192.63060839899256,187.3680514902413,185.61299155340788,185.61299155340788,185.61299155340788,185.61299155340788
robotic_user30_trial_01_participant,0,3.18,3.18,,73.23869949308877,10.368829435184136,12.688699978897166,188.70208999298669,26.551513520305733,239.13380108875586,2.83,4.07,1,0.246,--undefined--,--undefined--,--undefined--,221.53208474856916,212.50084689797902,215.0444542677138,207.63362172956693,202.909564418836,200.793061944511,195.45403027407468,193.2842818781252,189.013652429037,189.013652429037,189.013652429037,189.013652429037
robotic_user30_trial_02_participant,0,5.4,5.4,,72.52237649599932,12.2402512384821,10.434870750329965,192.95464969389744,31.327488322274608,280.85304553762774,2.59,3.92,1,0.255,--undefined--,--undefined--,--undefined--,226.49076175090818,233.38501659431455,223.0154865264783,222.17655669504614,215.0484515309491,209.2219425491208,206.75067716252815,204.4190736882987,200.22975160663336,195.54534291132538,195.3767285717361,192.90759424540892
robotic_user30_trial_03_participant,0,5.46,5.46,,74.34924013306201,12.900773539940873,12.917719756101151,181.95904932501097,35.05788648253219,263.92690675961245,3.30,4.18,0,0.239,--undefined--,182.57846743905463,218.37834383960055,222.61029815375048,218.47954477471214,212.42119850479406,207.97401120324136,202.25899686232148,198.74354239558545,193.77746029808932,189.0926409096215,184.78301363036832,182.44810086509577,182.38485349932384,182.10512302079184
robotic_user30_trial_04_participant,0,4.02,4.02,,75.52722602022314,13.776948199196033,11.250899768659743,200.57163416458988,26.824944931445497,247.73640022514843,3.23,3.72,0,0.268,--undefined--,--undefined--,239.4992194579195,237.93970387647744,231.2517858324868,227.4040361194003,223.2024125657665,219.4220345281823,215.52800771334935,211.28615349666705,210.0704722686314,207.8971731697342,205.13141796380268,200.5167548651888,200.5167548651888
robotic_user30_trial_05_participant,0,2.82,2.82,,77.98097078903811,10.527752027159615,9.297914925622209,199.91229962329436,44.45111096424009,363.79854424303903,2.84,3.67,0,0.272,181.44207489511922,206.74646152239634,216.72768377719882,219.52629562425474,221.1011203768162,220.52177636621863,217.2950484363734,212.09416236279017,209.74461725113383,209.2781944986876,200.88655379857406,200.88655379857406,200.88655379857406,200.88655379857406,199.4379157638877
robotic_user30_trial_06_participant,0,5.04,5.04,,77.95530997543186,13.026428342899415,11.203759418379684,198.25573811069978,48.90928784842474,313.66251832244154,4.17,5.09,0,0.197,276.09402070359295,267.376610339572,259.3477654942879,251.07899733969964,239.08216493088207,230.21929285992613,224.60268863413862,219.35203646205017,215.11880637751247,210.42731130694082,207.80213517920737,205.39003544139462,197.23957747437132,197.92838300578012,197.92838300578012
robotic_user30_trial_07_participant,0,3.66,3.66,,73.17796467528207,11.771888798006362,14.200663054523133,194.29451194590314,42.55358280113676,279.530942727591,3.01,4.58,0,0.218,--undefined--,243.8126166825942,249.58930770211464,244.9484467965239,238.10936754903813,233.114755995711,225.7881577168404,220.3800806537666,216.1782475667909,210.50679590529313,208.07875904170385,205.3017449553768,196.31088778821126,196.04491536169158,194.05106263559975
robotic_user30_trial_08_participant,0,3.36,3.36,,78.64458627408402,12.91296515290455,10.560112805821813,189.92938837818883,21.389511155203564,247.52529649281684,2.98,4.15,1,0.241,154.4245651665508,176.1220616651604,200.64644242664812,210.27580173763423,207.8375274924597,207.04766702302499,203.3445307142505,199.8363321686641,196.93738616208603,195.2314272700193,192.24505759224647,190.45476797222514,190.45476797222514,190.45476797222514,189.96375052565975
robotic_user30_trial_09_participant,0,2.82,2.82,,77.64251284489383,12.070808229214895,13.223818482289571,192.0932708902685,21.122025924773542,251.52708798996107,3.55,5.58,0,0.179,143.17816401280845,143.17816401280845,143.17816401280845,207.88535572655664,209.2151707549986,207.19503000947043,208.20860398502444,208.69586630093067,204.29617541352852,202.16313648936622,198.082331384912,193.78937582282288,192.5362119091438,192.5362119091438,191.88601457519692
robotic_user30_trial_10_participant,0,5.04,5.04,,73.7748224152087,15.512542146056468,12.684873828801253,204.01379192634442,29.008670984627265,320.13337736436233,2.78,3.69,0,0.271,275.87865737491785,269.825493796366,240.23558330487248,233.62734075706533,229.79095028397012,227.1176822224991,223.07537664628902,217.92672620791237,213.57926976383675,210.4018599376094,208.11029603379964,205.26996022279113,203.7588407669516,203.75566726927588,203.75566726927588
robotic_user30_trial_11_participant,0,4.62,4.62,,70.87496686704218,13.268271978258099,14.610916109055749,184.97490071340582,43.144386869153614,278.4123942434311,2.81,3.80,0,0.263,--undefined--,--undefined--,231.37355163568446,226.24868168217725,223.29435611307426,218.4447960671416,215.36851896796762,212.16336768765404,208.93434283602517,197.82257458790778,195.6449137278222,193.7677988844832,185.15485052080174,185.15485052080174,185.15485052080174
robotic_user30_trial_12_participant,0,5.04,5.04,,70.62110758918695,12.298623827077444,13.437988301407522,184.90272679964727,32.159765335204206,256.5495978337995,2.98,4.01,2,0.250,--undefined--,228.710200844245,230.78776586147373,218.56843986096618,218.37678659746823,213.23267314878782,208.8769092016572,204.4667399442896,200.3703587277811,198.41748643025116,195.23130622886404,195.1489765205245,193.4144346179413,190.6877053964664,184.82606938947134
robotic_user30_trial_13_participant,0,4.02,4.02,,71.37356774935934,12.531183999033042,15.039506767331854,187.58159037983043,47.13443924038571,270.3389126027221,3.73,5.07,0,0.197,151.62059961045242,212.4200128762399,229.01906870505445,233.3572622949545,227.58748320253162,222.0933152735002,217.71835805312617,213.73017941535403,211.40941252018445,201.8012510427209,198.05701800946625,187.86786592424528,187.81053108115228,187.81053108115228,187.5120262986632
robotic_user30_trial_14_participant,0,4.2,4.2,,71.17096763522378,14.585278348325824,10.797795765886027,205.72918007992712,24.043642388280013,263.9081228316412,2.38,2.93,0,0.341,--undefined--,234.07695545032735,241.05967843382803,240.9804495573207,231.135990413039,224.24870983022382,219.41002762871955,215.9691168365893,213.63671282082728,213.63671282082728,211.67080909625523,207.76766524893563,205.61596945367455,205.61596945367455,205.61596945367455
robotic_user30_trial_15_participant,0,2.88,2.88,,73.55757527880024,12.851047125102049,11.944066867059602,201.84698401982547,22.03515763301103,256.4645654497319,1.74,2.42,0,0.413,--undefined--,220.92064719648974,221.1094263608087,224.35765963354814,222.56167831544613,217.87918670576641,216.3294122431696,215.0830915961065,210.4830633536786,208.94340738395783,208.37875739289464,203.8240859900896,202.55052416688787,202.55052416688787,201.80229068318113
robotic_user30_trial_16_participant,0,3.9,3.9,,74.08608901540488,11.808396804952663,10.766477750327399,194.80987697368369,23.245331589786087,247.7878020556065,3.59,4.88,1,0.205,148.71701373445825,148.71701373445825,221.31217407389653,219.84817278979898,217.57455460650485,213.54987900597817,210.7265111241958,207.54609185461237,202.64631102035156,199.86210701351564,197.7804927728831,196.26436586767585,196.26436586767585,196.26436586767585,194.80417968175155
robotic_user30_trial_17_participant,0,3.84,3.84,,72.8344518007534,13.624738043162681,12.606658587510505,213.77433190735223,14.738365647956126,264.25778148897115,3.65,4.07,1,0.246,152.4170067728507,232.2786093666888,226.92626481709698,228.1476590751146,223.29120277799834,219.80725983253387,217.51440110707375,216.47515325603632,215.5439780581829,214.15254828170532,212.20692604014633,212.66065093057264,213.54631272537645,213.60866388163913,213.60866388163913
robotic_user30_trial_18_participant,0,4.98,4.98,,73.42383880915048,15.405940496132756,16.207845407132687,201.20163616226944,37.73193442123679,272.18087470316647,3.82,4.21,0,0.238,--undefined--,238.95005196941,234.7603108581404,234.48640257043982,228.912637883321,221.27430208206266,219.11366409581098,218.14107175459256,217.83710758414801,215.123731645732,211.6621012413791,210.33891519822757,202.3017570986046,202.3017570986046,201.11968629583103
robotic_user30_trial_19_participant,0,4.26,4.26,,71.45382464015822,15.135055167372505,15.2272472475431,210.7181329101458,31.848273185295398,272.5682931033848,3.29,4.29,1,0.233,--undefined--,--undefined--,259.82670145695744,248.33212257738626,243.50494086540303,238.7240094034002,236.25312003071303,233.18849148798247,228.51227804247364,222.4582436659584,217.46530547555076,214.71517061551395,211.13187099499453,210.8620308116145,210.8620308116145
robotic_user30_trial_20_participant,0,4.98,4.98,,71.99084810046544,14.368699548366743,13.629965750052014,204.8001628285055,46.85296974505235,267.04148733533,3.61,4.28,1,0.234,--undefined--,245.851851519404,249.17821720993638,239.83535855214313,235.47466529505195,231.91555946222894,230.34616280153796,230.34616280153796,228.099678760255,225.91289307395817,222.85981832472257,209.08842677437184,206.99296820989167,206.99296820989167,204.62780108176838
robotic_user31_practice_participant,0,2.4,2.4,,70.5275553174664,12.13047145696838,3.210928870259804,174.88115978459163,38.52834650854219,226.52671056724378,0,0,0,--undefined--,--undefined--,--undefined--,--undefined--,--undefined--,--undefined--,--undefined--,--undefined--,--undefined--,203.50329964487494,185.6953358164272,175.0077134738104,175.0077134738104,175.0077134738104,175.0077134738104,175.0077134738104
robotic_user31_trial_01_participant,0,4.08,4.08,,70.06890200445031,12.7562961925831,12.432403536436583,185.01584526008668,30.573016832145722,240.61809410430723,3.43,4.40,0,0.227,--undefined--,214.84318983264123,210.6844002723021,212.35764973894518,208.4539422295021,205.8139130522136,202.0400157224465,197.43610116812874,195.77987060404996,195.461106661981,196.24795653047644,193.62772586500395,190.04875497917791,185.22011021125135,185.22011021125135
robotic_user31_trial_02_participant,0,4.38,4.38,,68.30490481120661,12.267471747011522,12.217232949691159,182.97366002834204,34.914091429811805,244.38943016102672,3.42,4.56,0,0.219,--undefined--,--undefined--,--undefined--,214.49267699196753,214.5339481982001,210.5311932891168,205.6647244701115,203.589818515648,198.42409635684396,196.99969200818896,196.8275722884504,196.37318438724898,194.21451836658363,187.8234406523267,182.53243909111802
robotic_user31_trial_03_participant,0,3.12,3.12,,69.8660315037356,11.519990734538316,11.92972859976673,192.95537434995987,37.03873429585129,259.8283238375288,2.24,3.71,0,0.270,--undefined--,--undefined--,--undefined--,--undefined--,228.4310933285615,222.4195044509728,222.00147220001762,213.6686622488462,207.55019100570743,204.1721515158486,204.93204203447684,203.8482007029694,191.86754715060326,191.86754715060326,191.86754715060326
robotic_user31_trial_04_participant,0,4.92,4.92,,71.66546630745236,10.994981158339984,11.591474778438254,187.48003015373263,39.9081898660229,265.8826961485785,3.46,4.80,1,0.208,--undefined--,--undefined--,219.85667931147557,214.40611748038194,205.43102294846315,205.43102294846315,205.43102294846315,209.6747579280155,209.23717460507265,206.80802556678924,205.41479373996992,198.4594894431464,194.3832920557622,188.4031166799604,187.3910711784731
robotic_user31_trial_05_participant,0,2.58,2.58,,69.84091475385662,12.290015000440858,7.75726852752284,172.13333436421675,44.17023107429816,220.0485693138723,2.71,3.55,0,0.281,--undefined--,--undefined--,--undefined--,204.89154195018668,201.1856354869063,201.75156897763276,203.34306451584513,202.9735867986279,201.4653561793557,197.81571963572122,195.1732875303232,188.72288187550376,176.5015234317341,171.98254873121743,171.98254873121743
robotic_user31_trial_06_participant,0,3.66,3.66,,70.19899955167683,11.900101400043923,10.619062846333552,169.8800718830279,52.30768027841675,241.6006247020027,2.46,3.83,0,0.261,--undefined--,--undefined--,--undefined--,220.70515459932008,212.580441193438,215.947907667715,212.96620260332938,209.3643999297348,206.31302083757626,185.57486549581725,185.1114608210705,184.35489331353259,169.431803122829,169.431803122829,169.431803122829
robotic_user31_trial_07_participant,0,4.2,4.2,,73.43482546589634,11.852501950287378,10.12704851166008,189.15004383075546,33.82972506961614,243.3732356943184,3.57,5.36,0,0.187,--undefined--,--undefined--,239.3847161878118,219.50857709580558,213.86541748209768,212.74108171408918,211.46046508106778,207.86289222270727,202.73186266917878,199.9571373456953,197.62867857316365,193.24158782707036,189.04517387734907,189.04517387734907,189.04517387734907
robotic_user31_trial_08_participant,0,5.22,5.22,,74.90157813437285,12.134269821524411,7.167993201275671,200.07470731076972,39.80169163487148,353.4106979713997,3.26,4.10,1,0.244,--undefined--,217.4413788504748,215.8001778422137,225.28357526874166,221.16648730214882,215.4405429457236,215.4405429457236,215.1015900261956,214.8661482047681,215.07701989524108,212.3292583168672,211.73439530920623,210.76391554736261,199.88673401388434,200.1492026687702
robotic_user31_trial_09_participant,0,2.52,2.52,,67.1059210750093,10.863570062733753,10.953732531289749,186.73576742253928,41.7876012211169,230.61433539046956,3.17,4.85,0,0.206,--undefined--,--undefined--,207.35569877206657,217.53789688673373,203.86782266367547,203.5085153599417,202.55812972853462,201.45663570840682,201.51364727499973,194.24327421544933,194.24327421544933,187.21039942367912,187.21039942367912,187.21039942367912,187.21039942367912
robotic_user31_trial_10_participant,0,3.72,3.72,,72.41720100327213,11.266355154447076,7.120180578516623,191.6199061263667,34.230579392738335,246.17146304826056,4.03,4.71,0,0.213,--undefined--,--undefined--,213.21329538037605,209.67794687787583,219.08492554598288,215.77923349095076,209.55391528012962,201.89767861069186,201.51046520323584,200.8375940761427,199.87235090218627,197.98927856867203,196.58426632315883,191.76574701171248,191.6939319772919
robotic_user31_trial_11_participant,0,4.32,4.32,,66.62672386833246,12.291081493887178,11.52800821754344,190.95703680919718,24.680084232181915,332.0126981864233,4.17,4.50,0,0.222,--undefined--,200.7983024905932,203.7332605667466,201.97527792200174,202.07145979502036,200.17097438996515,198.54305844216475,196.9298757341802,195.2512827774145,194.28116306359541,193.10857442139357,194.7335978844724,192.42109601706474,191.61291502368184,191.39692028840466
robotic_user31_trial_12_participant,0,2.94,2.94,,70.94553498075166,11.915011517655845,5.5537607407148695,177.322956470969,51.921594480292285,244.05958537943985,2.72,3.24,0,0.309,--undefined--,--undefined--,211.7370520604359,225.2781294504032,218.44392834870465,216.1306454642194,197.0914338060825,190.29621662044403,190.29621662044403,183.30600132119568,182.39103768436297,181.59596354223712,181.9890783927276,177.12866408148483,177.12866408148483
robotic_user31_trial_13_participant,0,3,3,,66.44751552199004,9.083202987732124,8.433898164270857,182.25519767946534,43.9141792304725,340.35246324567356,3.33,4.13,0,0.242,--undefined--,--undefined--,--undefined--,221.64325962149732,221.22071340828472,215.15864908990977,199.45492637410823,185.15403171306963,185.15989825692907,185.61342411610892,185.3018082749985,185.082917161815,184.5502964890758,186.55232071793532,182.12283382359743
robotic_user31_trial_14_participant,0,3.78,3.78,,70.25977190500036,12.84787309181671,11.673742516743367,191.98691263316377,41.609471864092235,237.62052580750284,3.44,4.32,0,0.232,--undefined--,--undefined--,--undefined--,229.8048320371503,225.02427017564153,221.40747416259367,217.90171789832863,214.5685296897535,213.0604299471884,208.82603380688002,204.21844718942558,202.75032231060288,200.9274097050837,193.7670968979631,191.32009976663304
robotic_user31_trial_15_participant,0,4.02,4.02,,70.023176797654,11.452865497402389,6.800428800310869,180.29196107810282,41.21960672669033,293.1584422840898,4.23,4.62,0,0.217,--undefined--,197.3179341555609,206.67515800463124,213.1251954625389,203.0417510255654,200.26406773441855,198.48766033027775,196.2708199225186,195.83278392810394,194.49986702731326,194.8018166775858,191.32596613626146,189.32740748272897,183.06272283633558,180.4015770701429
robotic_user31_trial_16_participant,0,5.58,5.58,,70.6539196514587,12.38756206193004,11.088257914959145,179.3775693199515,42.04079426120512,282.05618642017544,3.94,5.50,1,0.182,--undefined--,198.7720870867268,216.0998399439445,219.5895331016931,204.07088494712931,197.6801759419585,180.93522565298807,181.0151007517966,181.0151007517966,182.2850738963286,184.37889899057288,183.25698843201548,182.80611507534252,179.40985404515908,179.37307750318828
robotic_user31_trial_17_participant,0,3.9,3.9,,72.9552010867219,10.834652773382153,8.11760458235055,176.47939505907772,43.4346178084832,236.61592157549651,3.33,4.78,0,0.209,--undefined--,--undefined--,224.1646528544114,197.20282979754265,210.72839637801587,197.0631007995763,195.32017536919435,192.92402429350233,192.03738985619475,186.20629084404877,185.78356672621456,180.39103718107128,176.28361330641158,176.23239066118342,176.23239066118342
robotic_user31_trial_18_participant,0,4.44,4.44,,72.35402649194423,12.35116391752027,11.271781182440366,190.25365517375616,38.62542467875854,258.4306716954073,3.38,4.02,0,0.249,--undefined--,--undefined--,230.41619506515465,224.47662682635848,217.71681326477713,214.08997549941424,210.35301383509739,207.15504880703608,204.72189918026467,201.48730227848526,201.39087881636513,189.66414894456423,186.12660835352904,187.5485839639347,190.2285690774726
robotic_user31_trial_19_participant,0,2.94,2.94,,71.73275529689022,12.627162089507676,11.930750507103582,179.781146459768,40.17907316713176,241.5782761757231,3.06,3.90,0,0.257,--undefined--,--undefined--,--undefined--,228.73834201653898,195.05331765841314,196.92411843794667,196.04171941377032,196.4650193509686,192.86657278384368,186.61217312200577,187.29714632486193,186.28912678300006,185.56617941384013,182.1918733628482,180.47005132256837
robotic_user31_trial_20_participant,0,3.84,3.84,,72.91938957571492,12.672260161132849,9.770694412633684,189.1840685793738,34.237219553213244,243.81355109073112,3.39,3.92,0,0.255,--undefined--,--undefined--,222.01252725939509,214.51552152583656,216.22632576058672,209.2611887125211,209.2611887125211,206.77950990644547,203.22076475375138,201.1194127758005,199.58314592391315,196.58611179869663,192.55750632710505,189.27245852932032,189.6679014981924
robotic_user32_practice_participant,0,2.46,2.46,,73.50511825737946,12.811545271860943,18.5479876704488,174.135102108026,40.641498440687414,242.97889562289126,2.44,3.97,1,0.252,--undefined--,--undefined--,--undefined--,202.06187737269573,209.7788739503336,205.06197789808968,200.45999933425225,196.96011602767592,195.0953642007389,192.29902691401006,176.69657320842106,175.97698980847485,175.97698980847485,175.97698980847485,174.04401478188106
robotic_user32_trial_01_participant,0,3.6,3.6,,70.61623324386758,14.979280764787452,15.910365778950846,172.1055998618549,37.87178501098094,236.8926580274559,3.61,4.37,0,0.229,--undefined--,--undefined--,--undefined--,215.35231507139,205.96058430527708,201.68960521172914,188.38323547846528,187.07721084033096,181.9851858273847,181.16791522160605,179.82628318040108,178.4884036969521,172.50011941350624,171.96369571899368,171.96369571899368
robotic_user32_trial_02_participant,0,3.36,3.36,,77.26367226154414,14.297711619338232,12.33068099528494,180.66199108265974,33.28182581840244,233.45793681748663,3.87,4.43,0,0.226,--undefined--,207.59506355274752,206.30764256052348,198.0645038935694,205.6599736779113,204.20315844216734,202.8293510776098,195.55333737754944,194.3432813566377,193.31818258370333,186.9255314141779,184.91079404476778,182.9003200102819,181.57012469252683,180.59667443230276
robotic_user32_trial_03_participant,0,2.94,2.94,,80.26689337460411,12.661884089769545,15.309155410866763,166.19731746803004,53.90787761823588,249.4680406520956,4.42,5.16,0,0.194,--undefined--,--undefined--,210.9249628405302,223.39198905729216,220.0532576600203,215.50335447258348,207.41496860518933,205.02230601080223,200.81611799040357,198.95771858009581,188.60168539153835,174.35282032793555,169.50412080763394,165.97078766383277,165.44310786136936
robotic_user32_trial_04_participant,0,3.84,3.84,,68.08632994462096,15.318869056812431,13.496412735350066,174.54149556551621,52.33426817973143,267.2733431400346,3.39,4.51,0,0.222,--undefined--,--undefined--,238.5694988435463,230.8471898879935,224.89290596949743,213.7621839146312,206.3266190426939,203.34402288769047,191.0230117619315,186.27560732293685,181.28588666678718,179.93619075111408,176.96395537487285,174.63714419901916,174.63714419901916
robotic_user32_trial_05_participant,0,2.58,2.58,,72.29960505994934,9.700674335339798,12.80408321844024,184.00111089707136,48.03439038233389,324.3557432546484,2.71,3.08,0,0.325,--undefined--,206.42035899866883,213.80727222101004,202.63163487359188,201.18758583159936,197.3423079471521,195.78570315888038,191.10817416873547,182.3011691896378,181.43727310612982,184.61000901247752,184.61000901247752,184.61000901247752,184.61000901247752,184.61000901247752
robotic_user32_trial_06_participant,0,4.2,4.2,,76.86991409312259,13.635823361593166,12.956580253944292,184.96664175877692,21.227461872451695,251.54324016303923,4.52,5.87,1,0.170,--undefined--,208.96756455743335,203.36520951536866,197.225145666551,193.0036654032254,190.447761785358,193.69074037461039,192.81685257205908,191.5273028478527,190.28751718006302,189.56139456513353,187.20384541530493,186.22348179505374,185.942746302175,185.02255314155437
robotic_user32_trial_07_participant,0,4.32,4.32,,78.63089507870288,11.877636972711219,10.568263904378515,184.95886071177816,37.08590078818182,299.1697740111415,3.70,4.15,0,0.241,--undefined--,210.38811347351668,208.48274114652435,210.89310411259945,204.78470652033283,202.8278175832008,200.873177140549,196.32010759103522,196.32010759103522,195.79598067097714,191.99779920119306,192.69918259227347,187.29358164536777,186.785870773487,185.66957729385007
robotic_user32_trial_08_participant,0,2.82,2.82,,77.46837289085407,11.343746252962518,12.26798401631289,168.28545829842523,52.76245797558211,261.7487150561086,4.26,5.00,0,0.200,--undefined--,--undefined--,239.7172839955441,220.72705248809282,220.64281759563133,213.43432731083016,205.52197815392148,201.67339606529387,196.72706370391668,185.169643130299,177.30254676876413,175.52718860632092,168.99634770921907,168.99634770921907,167.77052926049853
robotic_user32_trial_09_participant,0,4.02,4.02,,79.57999840260847,12.759030469293343,15.136047226864239,170.57532384515397,44.76763570240566,340.17469486537624,3.23,4.10,1,0.244,--undefined--,--undefined--,213.02954795281482,213.1550766524788,202.8782488994199,196.99431625206185,190.03361758251287,185.94867676730803,183.3138177951377,183.23989944621042,177.3616471795224,171.28787061978278,171.27489927390624,171.27489927390624,170.8441668475633
robotic_user32_trial_10_participant,0,3.72,3.72,,80.03408694862144,14.814562028725806,15.360101842526428,188.32589040684647,26.95108671852402,237.01121664761948,4.30,5.71,1,0.175,--undefined--,--undefined--,213.25852201289845,210.64079808384847,208.58101603464706,211.8452761357066,208.80867134889814,204.99162557816024,198.9082962498811,195.5491354277237,192.21281222933763,189.7582687528804,189.4209733000015,189.4209733000015,188.39881711504978
robotic_user32_trial_11_participant,0,2.16,2.16,,80.09016640672891,11.09266977941239,9.316292280556016,174.5687344972655,45.03532323878432,241.0084834528507,2.78,3.32,0,0.301,--undefined--,--undefined--,219.95269559029222,215.04404932291965,210.75529868732372,207.00130705868997,209.81009114359216,206.9976620063072,201.52255279524746,196.28092269773273,191.06428057320946,181.42350514134904,175.44322888906748,175.44322888906748,174.58593897834064
robotic_user32_trial_12_participant,0,3.6,3.6,,79.38852428965656,12.942354652356897,15.090182157991617,180.57143769839527,41.59173120857555,251.13089477479537,3.06,3.88,0,0.257,--undefined--,--undefined--,231.5784964678146,223.6496759913383,216.80535070945743,211.02079578330813,207.4487383413899,205.46809163939702,203.5032472006892,194.47844395419,186.96381524351648,182.0216411672482,181.30037377002594,180.50587289666134,180.50587289666134
robotic_user32_trial_13_participant,0,4.08,4.08,,80.11196774414103,14.642285379181287,18.221386581622326,184.22658832767593,15.716621867016196,230.39722818677498,2.70,3.17,0,0.316,--undefined--,--undefined--,206.4409380314288,209.50243277148354,203.96115132898404,203.96115132898404,200.84150876436527,195.01247446327739,191.71759135369803,190.6624651489453,189.87522474473622,189.1045852453101,186.46397467364116,184.57738657074307,184.0870849672069
robotic_user32_trial_14_participant,0,3.3,3.3,,78.08943961723226,11.30315497919011,14.145970387014366,185.26188525528485,26.057724147260934,229.11662790730097,2.73,5.15,1,0.194,--undefined--,--undefined--,--undefined--,--undefined--,207.4580124515016,214.56097313132065,210.50542505925088,204.5386576913071,196.61679257938664,193.77145773431516,192.3194227027571,186.38465191271908,186.77984380179927,186.77984380179927,184.82737901080233
robotic_user32_trial_15_participant,0,3.24,3.24,,78.72967408559634,12.455305086803742,15.328081268302904,191.8157290830655,22.244047814918268,234.024624610478,4.01,4.83,0,0.207,--undefined--,--undefined--,213.14648380238077,218.64067983990935,210.0908201373075,211.7050153727693,207.96924761447676,202.25677362113186,200.6668130134533,198.64010862202815,197.41699351655717,194.7812739445098,194.0068930874553,193.36326518938583,191.9175322653713
robotic_user32_trial_16_participant,0,4.14,4.14,,78.80785471036486,14.631626362285232,13.758796339633149,179.83823477276522,36.809376410840855,246.34838797746696,4.59,5.93,1,0.169,--undefined--,228.6949982476236,229.1961279917243,219.00433738929786,215.42652397199572,208.90521487295607,202.82904127840686,199.7095693462758,197.2379007669256,192.8687755552555,189.66214454314303,183.8351956773328,180.2469498029523,180.2469498029523,179.46792688141883
robotic_user32_trial_17_participant,0,3.36,3.36,,79.48918000800364,13.808252098616082,16.589013827099915,186.80866567916038,20.5892266822036,312.73551843406955,4.17,5.45,1,0.183,308.2884110215331,308.2884110215331,225.12659791531252,217.65422214129498,209.17031616150555,205.54781045281098,202.2187687686011,197.47820065497078,195.97333929372755,194.23890367339112,190.67457677325928,189.44190260182074,186.91583020681458,186.91583020681458,186.91583020681458
robotic_user32_trial_18_participant,0,3.12,3.12,,79.5781462280123,13.903862164112235,16.18050841971165,173.01803908501157,44.807256783907604,237.74872766593575,2.56,3.82,0,0.262,--undefined--,--undefined--,223.67900438930363,186.6994726043535,192.8218566797117,193.24194994371922,193.24194994371922,188.2799829591522,186.7813743103462,186.88721997557386,183.08122049120382,180.98856915864366,173.35165102721578,173.35165102721578,172.7538263907917
robotic_user32_trial_19_participant,0,2.82,2.82,,80.55459494408458,13.983722023975014,14.10935609934586,180.38195508974042,44.326560469171376,243.14035789693608,3.19,3.75,0,0.267,--undefined--,--undefined--,214.0441383798953,223.3693824193804,217.77504445921412,206.19592007441184,202.75321059377467,201.3686436811393,200.37295960516053,198.04680861719842,197.85445483973777,191.99907464563015,181.51103787620002,181.51103787620002,180.1213145785307
robotic_user32_trial_20_participant,0,4.32,4.32,,78.36353652333801,13.971209006193023,17.334626806043786,177.67881866155815,36.86005579066465,247.10081463233945,3.24,4.07,1,0.246,--undefined--,--undefined--,213.42970150959107,215.08069579490075,212.13130459297264,208.3545636446654,202.039441397474,199.75300502678226,196.45631276759934,189.4506553245748,187.8497849886627,186.13931896252774,179.4357128123586,177.383148771729,177.383148771729
robotic_user33_practice_participant,0,2.88,2.88,,66.76816424821332,10.026899698302461,10.706938098415169,178.36889932981262,45.609270286613025,233.34182852024406,3.47,4.05,0,0.247,79.25639808178086,79.25639808178086,79.25639808178086,79.25639808178086,197.83341011590102,202.03178626492854,206.1775721045915,200.47546402095375,196.69344929537561,195.67532739178898,190.03052069920614,177.18110292081235,177.18110292081235,177.18110292081235,177.18110292081235
robotic_user33_trial_01_participant,0,4.26,4.26,,69.53612063116135,11.728221171913994,13.14953646644276,176.89260574680924,26.036666920897257,315.0882221666377,3.29,4.83,0,0.207,--undefined--,--undefined--,207.34222025655245,198.41917429818852,189.19903289203387,183.81015925736472,180.06295496623352,180.6000073274871,180.67841495199912,181.97699993536412,178.46120741835225,176.71419964258152,176.71419964258152,176.71419964258152,176.71419964258152
robotic_user33_trial_02_participant,0,5.34,5.34,,69.51480183446525,12.115598774198546,14.483774280851549,178.29396892731626,31.366847638638827,272.16112456592936,3.56,5.10,1,0.196,--undefined--,229.87597933394972,225.63433579837465,211.2756297989231,198.6520714169038,191.7474821806796,191.32642671080995,190.35891914380514,188.04376197664908,185.34979068515463,184.24424248742002,182.40201297387222,179.37910761727508,178.07284543220828,178.07284543220828
robotic_user33_trial_03_participant,0,4.02,4.02,,66.36856945035368,11.432752770043816,10.96090558846395,191.30366651748045,20.63812744187227,251.45004840099327,2.99,4.63,0,0.216,--undefined--,--undefined--,--undefined--,205.12001247170264,219.146053928546,208.92188566150622,204.87699225123382,201.21174945302627,199.2310113111197,195.64445951367486,194.34651086821475,190.91330138207698,191.24623351640327,191.24623351640327,191.24623351640327
robotic_user33_trial_04_participant,0,5.1,5.1,,69.38068298302741,11.500387706142781,12.328266429112965,187.8425291432243,34.4411305877086,295.45481209950594,2.55,4.30,0,0.233,--undefined--,--undefined--,265.8986930296077,225.21392512178798,214.95956207646572,203.2913210196142,196.25744533019412,191.7095189495181,187.77882038516762,184.75142176625198,187.76456021750522,187.89491451386678,187.89491451386678,187.89491451386678,187.89491451386678
robotic_user33_trial_05_participant,0,3.18,3.18,,68.1122753288339,7.380344022089211,4.735340106178326,195.98986705354022,53.10311730358839,347.6346633008684,2.83,5.11,0,0.196,--undefined--,--undefined--,--undefined--,--undefined--,214.16786943679554,210.5605604241933,206.1207852540037,195.8678138404943,188.43535916100765,204.26509855811545,202.90223484005506,195.88561486830716,195.88561486830716,195.88561486830716,195.88561486830716
robotic_user33_trial_06_participant,0,4.26,4.26,,71.0958165448507,10.237588750472748,9.588231404572685,184.53032048732592,32.73378356586584,345.1206108148427,3.76,4.88,0,0.205,--undefined--,--undefined--,206.14044231181708,212.72262639112395,205.3557008606342,201.19955061201384,196.98700097094218,189.03695802984168,187.15800284574718,190.99735328581494,187.47341999571472,186.60760137963072,183.6550478671612,183.98095051768757,183.98095051768757
robotic_user33_trial_07_participant,0,2.34,2.34,,67.60944914265758,11.181367410061707,12.376508999716798,193.17801722502256,20.649337890267105,251.7009749396669,2.14,3.72,0,0.269,--undefined--,--undefined--,--undefined--,--undefined--,199.7428525574449,200.93691308886898,192.04092034656475,203.38976211836854,199.21625575636827,191.32734515785842,188.83400042035865,189.69818209733432,192.99596074496256,192.99596074496256,192.99596074496256
robotic_user33_trial_08_participant,0,2.76,2.76,,69.36000609444422,11.721901152263388,12.84664866021447,183.21825862433658,32.74326635843268,267.785170083034,3.62,4.87,1,0.205,--undefined--,--undefined--,207.5649643982053,215.36865297654725,208.92840165925915,208.04859612568245,208.04859612568245,208.04859612568245,204.7674431023633,199.3962927857132,194.3779662751193,191.1673149981686,185.21148214868006,183.81446705551375,183.81446705551375
robotic_user33_trial_09_participant,0,5.4,5.4,,70.70346999126886,9.517589272138196,10.568237995253662,177.05693356258328,28.611795098461524,247.40374488429538,3.70,5.06,0,0.198,--undefined--,--undefined--,--undefined--,209.31034304534765,216.79748134787414,197.8945496735452,193.2727320201937,188.59675218958057,185.09273614984173,183.82592685501257,181.43404394392385,179.78919153601896,178.43799231207655,177.1429628364611,177.1429628364611
robotic_user33_trial_10_participant,0,3.9,3.9,,72.26373468026304,11.226972192214326,10.645829255781155,176.94278970967662,27.677519082432678,239.1408849526189,4.62,5.18,0,0.193,--undefined--,--undefined--,196.0667109175385,203.77607121072515,205.39127431258146,197.59616542708625,188.33844506533976,185.19435456340292,182.96092511813077,179.89838079571058,178.27305383361022,176.34098267625362,175.35630431425815,176.85677647051364,176.85677647051364
robotic_user33_trial_11_participant,0,3.06,3.06,,71.13709790615847,10.93072421381526,10.457009228414442,187.5844922990183,33.55761681220703,305.11392084766646,4.58,5.43,0,0.184,--undefined--,--undefined--,241.2028435449538,262.46335561161544,231.4638102081927,225.84798157720954,210.16155142465956,203.019699285227,197.69859850113625,195.66855927131203,193.4380563645543,188.6228659998725,186.3117757422085,187.68692466273765,187.68692466273765
robotic_user33_trial_12_participant,0,3.48,3.48,,71.34275713688518,11.626100816319436,9.224560328816585,198.06907242696423,17.849444556812525,253.62883553295322,3.16,4.49,1,0.223,--undefined--,--undefined--,242.0366049070945,223.09032565901558,216.65266375107888,208.24290599559367,201.99821986294413,200.39355595660487,200.03841824993913,200.03841824993913,200.03841824993913,199.61264058179412,197.3206429571808,198.15173008082184,198.25424007114822
robotic_user33_trial_13_participant,0,2.7,2.7,,71.97421418497504,11.671390068397544,6.607639790137988,190.1640856298772,21.861685986471,273.68919618419386,2.22,3.75,0,0.267,--undefined--,--undefined--,220.13298615779627,213.44760955779245,219.6062619150371,205.00804062200848,199.79112770256097,199.19629223756232,192.27524069676997,192.27524069676997,189.29834891373562,190.51270638535416,190.51270638535416,190.51270638535416,190.51270638535416
robotic_user33_trial_14_participant,0,4.68,4.68,,73.52069032914608,13.839542853493509,9.8717484712142,181.6212783679868,24.949718015268548,268.72176508707406,3.63,4.45,0,0.225,--undefined--,214.6756930697636,221.45116876081627,210.96037605888677,206.37812856955853,201.1415553925713,198.4247808715769,193.55653883272856,193.54679461894327,189.78796660060553,188.1999837109082,185.48068636746635,184.13412272869897,181.67143779333722,181.67143779333722
robotic_user33_trial_15_participant,0,4.26,4.26,,68.98544485829134,10.801648836875364,9.899556980094447,190.4310040338951,25.71788490384675,296.65078558260046,3.29,4.83,0,0.207,--undefined--,--undefined--,206.8910753027798,215.73367920292384,211.4835103215734,207.1856225203785,202.88659119685533,200.15608694600655,197.4768881362585,191.9617705569794,189.664022344704,189.2559689698977,190.40133948338428,190.40133948338428,190.40133948338428
robotic_user33_trial_16_participant,0,3.6,3.6,,69.69713431331587,11.908021148149215,9.074397852060818,180.41619656394386,28.40545113017773,304.58291400006567,3.06,3.56,0,0.281,--undefined--,--undefined--,228.82014802557927,205.79620759890085,200.10960253991672,196.03085332514772,193.29747771370126,191.4588228780639,191.04330796539804,185.97162483817215,184.63741035745443,181.84038874201562,180.77539136449877,180.1069142850462,180.1069142850462
robotic_user33_trial_17_participant,0,5.04,5.04,,70.20134555023657,9.339869558829493,9.304902786385327,177.89880502050917,25.374659924193253,282.9851351468703,4.17,5.81,1,0.172,--undefined--,--undefined--,196.46548211648033,196.4044922584618,196.96167974540217,195.92552925954945,194.39508819972696,191.97355675249563,186.1533473818169,186.42207278194795,184.28290110911985,183.52697547296208,180.01171637216945,177.62653038786848,177.62653038786848
robotic_user33_trial_18_participant,0,2.46,2.46,,70.91432862939998,10.881096667526661,7.490212903482827,192.10563524005607,27.248026787384,328.4662555900959,2.03,3.86,0,0.259,--undefined--,--undefined--,--undefined--,206.1213854829343,208.54048788477775,198.86332494719744,196.47490797603533,195.0943572530107,193.2516569262907,191.55576564116822,187.76624833832926,190.9205642788757,190.9205642788757,190.9205642788757,192.4943569416478
robotic_user33_trial_19_participant,0,3.96,3.96,,70.93506488983769,10.58376749490926,8.692594655940708,173.82897919619933,33.24425246549754,264.7425566645333,4.04,5.18,0,0.193,--undefined--,--undefined--,201.24929803113852,208.55570774228698,198.5842589374866,192.12417565759642,188.71878004582163,181.99926660578652,181.99926660578652,182.05384127250542,178.2768592924514,173.39918714533505,171.53938898952907,173.96239943160288,173.96239943160288
robotic_user33_trial_20_participant,0,3.48,3.48,,71.16639773764393,11.347387719467967,8.303943397239463,181.60989872049421,37.08517720447989,257.9122130126512,3.74,4.89,0,0.204,--undefined--,--undefined--,213.17191958026842,230.60837442056885,222.7759053216305,214.67655663435357,207.47054613696216,205.84988414810027,200.61946192930557,199.05028801665333,194.7850665374229,190.0189669737143,181.720053328925,181.720053328925,181.720053328925
robotic_user34_practice_participant,0,3.24,3.24,,68.20388510342967,11.86069439176452,21.480831971701445,214.91141045652574,38.019138561780196,313.7836958817307,2.47,5.00,0,0.200,--undefined--,--undefined--,--undefined--,--undefined--,254.888966447149,254.528876586029,247.3893182488957,233.1057092138414,223.51011046254555,219.4914867143643,213.01168887558006,213.53197798517877,213.53197798517877,213.53197798517877,213.53197798517877
robotic_user34_trial_01_participant,0,4.2,4.2,,70.55117703656055,16.00899756132749,28.376676816661632,205.33019036899663,55.5796382205473,333.75688064374543,3.10,4.72,0,0.212,--undefined--,--undefined--,241.15514881574524,235.22332981150078,271.983539516099,247.4668027070327,242.32509634265858,231.36323186294015,227.90079765699895,217.89932774428038,219.595845871609,212.6127873446216,206.83737165084423,205.63867398108903,205.63867398108903
robotic_user34_trial_02_participant,0,2.28,2.28,,68.14064940804371,15.90874478312476,27.33977404359496,216.85940862133623,35.44172413147643,279.6070942521924,2.63,3.28,0,0.305,--undefined--,--undefined--,--undefined--,226.4580432436736,226.4580432436736,216.20663764123861,222.39396347441937,216.9020212731997,208.87878759396645,205.73254450570187,206.58255102443667,209.9375698541361,216.74741049045247,216.74741049045247,216.74741049045247
robotic_user34_trial_03_participant,0,2.76,2.76,,68.51978493985337,15.07659797341749,22.972705588087386,211.0491759645352,42.02817548179993,284.63931086256997,1.81,3.72,1,0.269,--undefined--,--undefined--,231.32998665837508,254.39725875047776,247.00097352884305,245.6379233880138,240.10964908487637,231.8599766015828,230.3812235948018,226.59084949071138,224.9264890639927,218.92255508743813,211.4980997827286,211.4980997827286,211.4980997827286
robotic_user34_trial_04_participant,0,3.48,3.48,,73.18133281921033,15.00081471686378,21.069739076467844,209.83243684555177,43.260121515392996,326.7899364967874,3.45,4.66,0,0.215,--undefined--,--undefined--,260.45633569990576,253.37162233552806,266.2068748231101,245.71891668521639,234.67630375883164,231.53687028071178,227.63261137393357,218.79467549661794,217.31586961046486,213.79189963560037,207.2954297643055,209.58363253916838,209.58363253916838
robotic_user34_trial_05_participant,0,2.7,2.7,,74.46338841579208,13.547413782825949,13.230750903173154,213.38075177093276,44.1840774882132,303.68138070011065,2.59,3.31,0,0.303,--undefined--,--undefined--,--undefined--,254.51680994156618,266.0728826777642,249.37348315999006,249.37348315999006,236.43624560814118,236.27697364113524,227.95579308104067,221.72475757727423,221.26559785111655,216.36013164582147,213.11920357656427,213.11920357656427
robotic_user34_trial_06_participant,0,2.94,2.94,,74.58623038195226,15.127342727432126,17.026569010638774,200.31652860533248,39.277448511917456,268.0760142658682,3.40,4.65,1,0.215,--undefined--,--undefined--,259.42215700035104,242.28113556789108,237.70649218697451,235.913097479731,235.24208758193822,228.13988658722107,225.75157719496096,218.75274384397315,219.6692780888966,217.80349446180094,211.75635022975698,208.93419582388816,199.86619089899267
robotic_user34_trial_07_participant,0,3.84,3.84,,74.99152817757835,15.806696066368556,10.073786125311644,206.78091570619435,52.1570292619113,297.7865123548782,3.65,4.16,0,0.241,--undefined--,268.0132998469354,260.75155135571066,241.24217204629434,247.68176739230597,246.1300405585214,243.89714832140743,240.32790028098574,238.85579210286193,229.07032172053982,227.82948965087488,223.09985858982557,219.27514885343493,209.4143022421047,206.2327508899334
robotic_user34_trial_08_participant,0,4.14,4.14,,74.18859382035687,15.380601451706417,19.35868065173458,201.57267734552502,40.037176751185115,281.99803781024895,3.62,4.25,0,0.235,--undefined--,--undefined--,275.1878261782069,241.70403819546485,241.4643444544469,226.3833166701404,225.2355417260168,218.40671954302246,216.0766338803999,210.58813352353025,210.72643130806216,205.86315584443915,204.24432681158018,197.86007257823155,201.38732754673003
robotic_user34_trial_09_participant,0,5.22,5.22,,71.84887696691152,15.070672772344448,21.606326624611203,204.62763668042894,46.756613010693826,369.41430603680243,3.07,3.81,1,0.262,--undefined--,--undefined--,280.8551101751269,260.74729411370873,239.86516492940007,233.87824538596004,230.68144440706118,226.13358293366116,223.3349988015983,223.3313176560791,217.37303811559167,216.76295631005917,211.87405734197412,205.00728758129566,204.54914335778554
robotic_user34_trial_10_participant,0,4.74,4.74,,70.66442521453,15.981819133243986,20.837823317234502,231.22995169336528,41.37718845021621,355.8631970211689,2.95,3.74,0,0.267,--undefined--,271.58653527499536,285.03163162168534,275.2531973270883,264.6397947828262,260.7947675504837,250.8018691965292,249.89934143526648,248.1676566223343,241.258923781203,237.98651825484822,233.46311549944812,228.9267403094979,231.77258411830232,231.77258411830232
robotic_user34_trial_11_participant,0,4.68,4.68,,70.27571319296533,15.336045000347658,23.844562870747517,207.78137287774945,45.73465870482799,298.9150799501463,2.78,3.51,1,0.285,--undefined--,--undefined--,245.88941414326894,239.3801259899848,225.92115649719,221.7274589917255,224.73222003238027,223.54242097466368,221.613226126989,221.613226126989,218.35792003773417,210.16229948677153,208.00426618463595,203.47674347892172,207.67675899281386
robotic_user34_trial_12_participant,0,4.38,4.38,,71.61677398764758,14.047866460478403,23.615408241881703,208.3169553424017,47.2623815013101,282.40562399960385,3.65,4.11,0,0.243,--undefined--,248.20674430383204,241.23552295617338,240.7668419598816,247.63822652349296,232.79814577556496,228.8036708942318,230.7750412117966,226.17813564744267,225.7591295127153,223.3859299622311,223.41785383897036,219.1221308362406,213.957746062952,208.01894520596633
robotic_user34_trial_13_participant,0,3.54,3.54,,65.74367394375943,10.850310175933886,17.893019844947897,194.79947637717285,63.195909284610394,313.31792014798094,3.39,4.09,1,0.244,105.4993572693845,105.4993572693845,106.09111843857073,154.05605870709837,179.97457488131235,197.3304017335992,193.2146159642514,201.59912189293223,207.6254887130946,205.3698850980705,205.4186673307763,205.46920027953684,194.8168785634527,194.21884150164274,194.62051045829378
robotic_user34_trial_14_participant,0,5.88,5.88,,"NA","NA","NA",--undefined--,--undefined--,--undefined--,0,0,0,--undefined--,--undefined--,--undefined--,--undefined--,--undefined--,--undefined--,--undefined--,--undefined--,--undefined--,--undefined--,--undefined--,--undefined--,--undefined--,--undefined--,--undefined--,--undefined--
robotic_user34_trial_15_participant,0,4.56,4.56,,"NA","NA","NA",--undefined--,--undefined--,--undefined--,0,0,0,--undefined--,--undefined--,--undefined--,--undefined--,--undefined--,--undefined--,--undefined--,--undefined--,--undefined--,--undefined--,--undefined--,--undefined--,--undefined--,--undefined--,--undefined--,--undefined--
robotic_user34_trial_16_participant,0,3.3,3.3,,"NA","NA","NA",--undefined--,--undefined--,--undefined--,0,0,0,--undefined--,--undefined--,--undefined--,--undefined--,--undefined--,--undefined--,--undefined--,--undefined--,--undefined--,--undefined--,--undefined--,--undefined--,--undefined--,--undefined--,--undefined--,--undefined--
robotic_user34_trial_17_participant,0,4.14,4.14,,71.34357822510071,14.036926984845191,25.776458064661213,172.93726709256416,50.49783534480636,272.85912500273116,3.62,4.03,0,0.248,106.82598932986384,104.93957330562236,148.466750804084,151.80203914712993,167.20403874641016,172.2031918856567,181.93212224504174,177.4443960654874,173.9761552022573,175.84264853390198,176.4647584115441,177.14210546642983,177.15771523796937,174.73897266476976,173.1136417296344
robotic_user34_trial_18_participant,0,4.26,4.26,,70.8180791256979,16.23589063129079,21.80871667395342,216.03533987207265,44.645178074960995,332.24044533382676,2.58,3.53,0,0.284,--undefined--,--undefined--,209.78535404245292,232.85516759946972,251.16755338012422,237.75531809050113,235.8475366450392,244.7199004079714,241.33501739640718,232.42733425564765,229.6534986926696,228.64589305825265,217.19888018182192,216.51599901467344,216.51599901467344
robotic_user34_trial_19_participant,0,2.64,2.64,,71.05909343511988,14.683258959669336,22.11932135082213,221.86900565660497,47.82024681822446,338.4651019851467,3.03,3.79,0,0.264,--undefined--,--undefined--,--undefined--,237.96313656322698,263.5910238414072,272.99297994963774,257.2616850134832,240.7145597513654,237.67907383758217,234.48326352006274,225.31127794677866,225.01569972443332,221.80555660493647,221.80555660493647,221.80555660493647
robotic_user34_trial_20_participant,0,4.56,4.56,,"NA","NA","NA",--undefined--,--undefined--,--undefined--,0,0,0,--undefined--,--undefined--,--undefined--,--undefined--,--undefined--,--undefined--,--undefined--,--undefined--,--undefined--,--undefined--,--undefined--,--undefined--,--undefined--,--undefined--,--undefined--,--undefined--
robotic_user35_practice_participant,0,3.72,3.72,,69.33529507962758,7.509469546045549,12.435057536868207,106.79019184176666,17.464828556384695,140.35453588927365,2.42,4.29,0,0.233,--undefined--,--undefined--,139.18448992390492,125.46269267549687,121.43559199554343,117.46683314420447,113.87720388933235,111.56324178336517,107.49456332649967,105.9621255680477,107.12298492198829,107.12298492198829,107.12298492198829,107.12298492198829,107.12298492198829
robotic_user35_trial_01_participant,0,4.56,4.56,,71.57798896673818,8.370728860708727,6.840749165546541,100.76527622293669,21.52066039201029,236.00622956099966,3.29,4.33,1,0.231,--undefined--,104.7242591659691,140.87974431366953,141.3735356381193,121.8684831909253,113.5552176989801,109.97759371556485,109.34179554855665,107.34842475205316,105.36842041405303,104.41131337256283,104.41131337256283,103.19852763487876,101.49682792506758,101.06469886380295
robotic_user35_trial_02_participant,0,4.08,4.08,,71.09981130306508,8.834456699577597,11.628492262033491,101.1029736120669,15.54034839315754,145.2421399468174,2.70,3.70,0,0.271,--undefined--,--undefined--,123.17693638760993,126.81113210121916,118.7196041589986,114.983607495511,109.94387707294794,109.0753455018469,109.23912843759318,107.0127266498186,104.94638730130707,102.63233338218083,101.05567761714302,101.29609977763943,101.29609977763943
robotic_user35_trial_03_participant,0,4.08,4.08,,71.0536102938062,7.614735966450277,14.11522191130469,102.23410095220082,16.986526069474184,156.6545374368584,3.43,4.58,0,0.218,--undefined--,105.49219220447767,118.62142220534359,121.17569824842212,114.04818951882253,113.98138198802553,108.72047848462925,105.94449494151995,105.09537659209536,103.96824108449309,103.50758956535223,102.45456310444452,102.10928971402238,102.10928971402238,102.10928971402238
robotic_user35_trial_04_participant,0,4.2,4.2,,70.18241633950171,8.010135045569138,6.921123198507207,100.15005801209836,13.910946011589232,135.36054212711906,3.10,3.98,0,0.251,--undefined--,112.18539193926932,124.41011551370723,119.97611196797531,114.18602750699775,110.49961471521752,108.14089668393093,105.79047134422268,104.99828973098954,104.5909074652334,103.23229287516592,101.7277913274649,100.2253382732035,100.15789326944258,100.15789326944258
robotic_user35_trial_05_participant,0,5.7,5.7,,71.65973130067874,6.5229040686424495,7.751308678770304,96.86479979730986,19.395893403576896,301.3412294148752,3.33,4.35,0,0.230,--undefined--,--undefined--,101.80260826082676,101.35780039780424,99.48500323888993,98.066128689157,95.98765415387103,96.06199420580822,96.40890876791572,96.15324002736705,95.86001296482816,96.26098336308706,95.99387893502127,96.9771361026305,96.9771361026305
robotic_user35_trial_06_participant,0,3.3,3.3,,69.38978596103115,8.142099827524921,12.569233917327615,102.32825604502764,16.57553434503835,140.0542694850677,1.82,3.38,0,0.296,--undefined--,--undefined--,--undefined--,--undefined--,126.52736114283843,127.35261254410926,120.35110893212381,114.91459810118549,110.46507840894098,107.6235300320411,104.75902119095863,102.08589326749875,102.08589326749875,102.08589326749875,102.08589326749875
robotic_user35_trial_07_participant,0,4.56,4.56,,71.5973629974438,7.766586400893781,8.879486866844827,103.34633670470289,17.089049153438694,160.07038662166977,2.41,3.34,0,0.300,--undefined--,--undefined--,135.40253571364525,120.49957068386752,109.33273653952621,103.75779213837147,103.55539956261875,109.66817443386665,109.56173525105197,106.91275026165492,105.8890225952086,104.65690626580141,103.60377528239276,103.60377528239276,103.60377528239276
robotic_user35_trial_08_participant,0,5.7,5.7,,71.75820014542747,8.678013676449368,11.029434585471694,108.30191373731138,19.417150051096634,179.71108682835114,3.51,4.66,0,0.214,--undefined--,--undefined--,--undefined--,149.3241895798431,133.15352491857558,123.09640167299088,116.7806915712462,114.83711490114564,112.37464290317192,110.36109288045552,109.11800841175216,107.70735208571988,106.08579743899985,108.29200110948508,108.29200110948508
robotic_user35_trial_09_participant,0,4.68,4.68,,69.08967301245195,6.79312319186524,8.380538050923482,110.33000257011129,22.851573486655873,216.81264599752507,2.78,4.28,0,0.234,--undefined--,--undefined--,--undefined--,115.91357949871436,130.28368492655787,125.7779930493157,120.26245261466964,117.10846153339217,114.95977338074934,111.45924844199625,110.38812862770742,111.2345950513985,109.83657907015312,109.83657907015312,109.83657907015312
robotic_user35_trial_10_participant,0,3.48,3.48,,70.29614027020456,6.365665865456587,8.213265747088895,109.40960634076393,20.064156259084374,144.25900031459398,1.72,2.84,0,0.352,--undefined--,--undefined--,--undefined--,131.09109669776845,131.66665363606293,128.6970811510642,119.9062399353589,115.12579137872733,113.8373202333607,111.18592956962536,111.18592956962536,109.40975042691994,109.40975042691994,109.40975042691994,109.40975042691994
robotic_user35_trial_11_participant,0,4.38,4.38,,68.39381768491621,8.76089049886039,11.544093543585557,108.81110550268436,15.341331807210794,199.1138172456824,3.65,4.76,0,0.210,--undefined--,--undefined--,123.12424028862222,129.21461320524307,120.39887327318077,117.04419469644232,113.68768077094325,112.27987814764691,111.82526346214122,110.6215058824211,109.36356222650176,107.88400042953023,108.2108810410249,108.78190315427052,108.78190315427052
robotic_user35_trial_12_participant,0,5.58,5.58,,69.81826493499253,8.744795038509828,11.296525975631376,101.30010480038979,21.04268004987954,247.96631532694732,3.58,4.53,0,0.221,--undefined--,121.11194826586878,125.98540434865568,115.41953579302256,117.10555787289871,111.64481711199845,108.17138404240349,107.30594913004576,105.46662172814369,104.29932543002158,102.98817905899031,102.84045645388419,101.32354354710132,101.32354354710132,101.32354354710132
robotic_user35_trial_13_participant,0,4.86,4.86,,72.56926675221987,8.65321648922412,9.47897921779511,106.93860957717057,22.377106292414382,302.421320328312,3.29,4.24,0,0.236,--undefined--,119.00345863328172,131.84562404302224,124.00059188442485,120.66531161622258,116.30776023386363,115.44165291446575,115.61152845799587,112.07550844114905,111.55165708251309,110.27219082393259,109.07341733429924,107.40954716483151,106.8630436276001,106.8630436276001
robotic_user35_trial_14_participant,0,3.3,3.3,,69.52094122072293,8.127698076462206,12.465273094951794,112.84117029440787,27.299863610201687,206.16453128549057,3.94,4.59,0,0.218,--undefined--,--undefined--,124.42166487686467,123.51590269349714,121.75097649164006,119.28018689848804,115.0851556593877,111.95793053757198,110.32622404410692,112.92058853820389,118.04834712298448,117.27406131197318,115.23137620832843,112.66273502075393,112.66273502075393
robotic_user35_trial_15_participant,0,3.12,3.12,,71.13223205226376,7.478205609792126,10.967595348344222,105.11925041083913,16.4144848653456,154.57808405075497,2.24,3.17,0,0.315,--undefined--,--undefined--,116.5645191368252,128.86413265266853,122.85118283540268,116.75705576167259,114.1985000557482,113.81763540217382,112.04060230960388,109.52768614147324,109.52768614147324,107.5366876178511,105.05250053210673,105.05250053210673,105.05250053210673
robotic_user35_trial_16_participant,0,4.92,4.92,,69.99712144014536,7.474247911120288,10.15598018264891,103.16227630788006,10.503913088813322,153.7326896785786,3.86,4.83,0,0.207,--undefined--,113.18819506029658,112.90484882273418,113.18712483917697,112.16986402247043,110.87972908251334,109.35598540044624,107.4652885708252,106.29760825733405,106.4421092932425,105.4375277256873,104.61269641910037,103.23754982432548,103.16490716548286,103.16490716548286
robotic_user35_trial_17_participant,0,4.38,4.38,,71.8491165419069,9.341599926088152,8.051296377478753,120.77723809419608,16.647637271458564,161.12529866513245,3.42,4.04,0,0.247,--undefined--,114.6506499345244,127.51069552426915,124.1581983015126,119.4071105603047,119.06653152196093,117.95476028281116,118.0239533178916,117.47630759043136,117.1737862139617,116.29622789563598,115.52701993940029,117.29624215267066,120.80406270728535,120.80406270728535
robotic_user35_trial_18_participant,0,4.62,4.62,,69.99963095324179,7.781889027229655,10.816390736135762,109.481330583882,17.97965570092563,209.5044969774704,3.25,3.66,0,0.273,--undefined--,--undefined--,126.44711976181839,126.67211269441043,127.0213066013768,119.85316871984075,119.14326017289847,115.68901330595206,114.54742508021418,112.69860907332674,111.61207738943652,109.17841324313244,107.5159314080338,109.45661481152966,109.45661481152966
robotic_user35_trial_19_participant,0,3.36,3.36,,69.9634784332199,6.696934277404121,10.47987536181034,110.52880086273964,26.803906411651386,230.19491868730205,2.98,4.19,0,0.238,--undefined--,106.19053420623736,125.88871529607866,127.23790934489637,134.4089663780594,124.41501854739276,124.41501854739276,118.72083725582391,114.72676210179927,112.70354501270796,109.61105322188554,109.39476923322029,110.53927514332821,110.53927514332821,110.53927514332821
robotic_user35_trial_20_participant,0,2.94,2.94,,70.70002218674321,8.682481803362927,9.88765552008939,119.02826749874087,21.2251345451702,232.67570316453364,2.72,4.35,0,0.230,--undefined--,--undefined--,119.12582541918393,127.7438636255684,128.41183951635196,127.83624838977065,126.98629944236849,126.34649404627753,126.33312972346434,124.76481863361751,123.01486823034126,119.29617564138721,119.29617564138721,119.29617564138721,119.29617564138721
robotic_user36_practice_participant,0,2.04,2.04,,71.27465196718373,12.935070461561416,8.363665866327638,217.870746443912,22.202567193602512,260.47129117892564,2.94,3.94,0,0.254,--undefined--,--undefined--,--undefined--,222.35100766184433,216.93976019091443,228.07824557824677,232.53933281841802,233.1800006191826,231.81267264629318,229.16981874164694,227.90029947219472,224.09848768410166,219.21709918172297,217.5919678872493,217.5919678872493
robotic_user36_trial_01_participant,0,2.94,2.94,,72.39535182706264,12.249007144424452,8.09576080815084,216.9262421438548,25.927833851163168,256.59018200075343,3.06,3.95,0,0.253,--undefined--,--undefined--,--undefined--,218.61714568775233,235.80884985244975,238.2812564515796,238.2812564515796,238.08014245384496,233.43687489341073,227.73632657956549,224.91753748170558,222.96006715382703,221.29164802285456,216.66456104526105,216.66456104526105
robotic_user36_trial_02_participant,0,4.14,4.14,,72.38919084918709,11.560565898866649,8.67511870317653,208.1524162150879,33.50288728654835,272.76617494930974,3.62,4.18,0,0.239,--undefined--,--undefined--,250.70314547291784,253.03173486743424,245.04574588476984,227.85085031617675,224.23515200361857,222.5678726853123,220.88916913772138,219.087907630762,219.49731585470454,214.43058514027777,210.73836087554207,208.72446016903166,208.30565931631546
robotic_user36_trial_03_participant,0,5.22,5.22,,69.62169961997847,11.655717999118028,8.57676489159944,203.24787424761587,37.820317173778484,281.86725573545937,3.45,4.52,1,0.221,--undefined--,245.94833071213148,244.84418785808484,240.17214616970998,230.7542500197288,223.2497049129396,219.68015849520032,218.63660829878077,218.63660829878077,217.4202276740991,216.31599820069766,211.1635108751309,210.84622310999126,205.8035787129117,203.04646042069498
robotic_user36_trial_04_participant,0,3.18,3.18,,71.98593080119899,10.351115980645439,10.744212433691725,217.76477113908814,40.64486490761642,280.54567854262274,3.77,4.59,0,0.218,--undefined--,--undefined--,269.7990277440852,272.31625312183843,260.46022887783806,251.2381527693864,248.22697125953462,245.58429958413257,242.460478706257,241.0764101058196,234.72922537281568,230.78846050455607,222.3057707218852,219.9844754877282,217.4902671248253
robotic_user36_trial_05_participant,0,4.32,4.32,,72.48873170196498,12.9158762439826,13.351135235641793,209.8724503444544,32.11432284639837,299.45848432303706,3.01,3.73,0,0.268,--undefined--,--undefined--,231.88319163119505,236.4615201287425,245.05696298300896,244.83275217592498,242.89120998772887,234.66344055187244,229.47716424316658,227.81514763520372,223.79411293213005,219.18911130779918,216.05001944486304,213.34184310592155,209.9681599070705
robotic_user36_trial_06_participant,0,4.02,4.02,,71.60509175126997,11.741791576698333,12.916179057771318,208.17861133089937,36.874213073444245,273.3880978748415,3.73,4.44,0,0.225,--undefined--,--undefined--,240.17018809893645,247.24925930777928,240.80858539735402,238.65050788924725,236.159662619982,230.86991425506056,228.34889479897063,225.59246439651005,222.24384590708192,221.88976035733435,218.50832973797196,213.414696908514,208.3428060525639
robotic_user36_trial_07_participant,0,2.04,2.04,,72.11946320963395,15.109869793138992,8.997028531885828,235.2017728034716,19.371358814670653,289.508266621699,2.45,3.25,0,0.308,--undefined--,--undefined--,--undefined--,260.7372819876072,254.26315473695792,257.4839787085824,251.37655811019297,254.97021375990576,252.15370565056767,246.91467131774968,242.90082199093558,240.43044790367304,236.709840987326,235.17063483473626,235.17063483473626
robotic_user36_trial_08_participant,0,3.3,3.3,,71.64390619512336,13.464212953169309,11.289242251592801,200.10225084160163,41.26676489171315,349.9442241337256,3.33,3.86,0,0.259,--undefined--,--undefined--,261.3991457591593,247.4977758537341,240.54323409430228,238.78980534977228,233.6546696007554,230.59140522272182,224.38086168991836,223.31085828651692,214.47700504128886,209.6698878268676,203.47996220888226,200.2115606220288,200.2115606220288
robotic_user36_trial_09_participant,0,4.74,4.74,,71.31212570540654,12.186832505133545,10.696028760412348,221.63689054705887,25.307683329106453,316.5694966789306,3.38,4.31,1,0.232,--undefined--,265.70492628751583,252.03167636606443,245.71087344302802,244.3083138600369,236.05283936064217,230.33566389566738,230.50589077083742,230.4698495360336,228.65219613328975,226.62777072928137,224.72597827230172,221.3207296224246,221.4774602063886,221.01273865779015
robotic_user36_trial_10_participant,0,2.7,2.7,,72.26892847357091,9.740346814869259,11.497107280248182,207.6711715896251,45.352006922175505,278.9917005457052,3.70,4.30,0,0.233,--undefined--,--undefined--,251.16417148916764,249.3634757344732,249.14386375372786,245.2126225844928,240.4909449362309,234.75889032892658,229.67532588378342,229.08289098348345,227.23528329589712,226.14013088038894,220.79652159117694,210.13277894677827,207.50518449228457
robotic_user36_trial_11_participant,0,4.38,4.38,,72.36337475263299,13.23045138464688,10.613508608493058,222.0593129570693,39.9203997300688,345.5802847337413,3.65,4.20,0,0.238,--undefined--,--undefined--,249.37269640627568,238.94560311060053,240.39027303314236,239.72373071588157,236.75862748554303,231.1994409173188,228.26602437689039,226.44637900797474,221.5908772837318,216.58215850372522,216.73051005125626,222.4229283482104,222.4229283482104
robotic_user36_trial_12_participant,0,2.22,2.22,,69.95212331043969,8.839721357164755,11.111456816643422,218.86876441976102,57.643662651903675,349.538570590855,2.70,3.63,0,0.276,--undefined--,--undefined--,--undefined--,245.0930360828897,277.3139962032146,268.34989264201965,257.6541081145216,252.28344416909613,241.19232981108934,240.12676829014762,238.13839074130394,232.69965693650994,219.28830427592774,219.28830427592774,219.28830427592774
robotic_user36_trial_13_participant,0,3.96,3.96,,72.74454212082571,9.885390836592387,10.663762476102846,193.63926814383538,36.949039590054255,271.4347479409303,4.04,4.73,0,0.211,--undefined--,234.02486460883696,224.72137998538048,220.46913038155796,220.69585105723272,218.50461906803255,214.23344427203062,207.88433023605558,204.8783462765184,204.17411705567733,202.49742135453678,200.3098891216251,200.07242947643658,193.95520139746688,193.95520139746688
robotic_user36_trial_14_participant,0,2.52,2.52,,71.503907496968,9.05519498943624,9.363844770343185,208.0504032518466,27.308096550445917,245.8637881339772,2.38,3.79,0,0.264,--undefined--,--undefined--,--undefined--,202.49550515949704,224.576078300089,226.5595944185291,226.0079747149809,223.4001700742232,219.17509018120802,214.97273878633067,214.97273878633067,214.07457613434903,208.38278269720328,208.38278269720328,208.38278269720328
robotic_user36_trial_15_participant,0,4.14,4.14,,71.37304989267264,10.055173972279775,6.540004613321902,206.94590848158248,62.47092581801168,311.3280061748991,3.86,4.93,0,0.203,--undefined--,246.88407208209824,244.1743443524379,236.67546306225904,229.21069480250065,229.90887990369043,227.92127122157845,226.5136283727933,225.03917769906812,210.40607554352243,199.89952488197213,199.0060934893677,197.15433192916058,205.91100713078075,205.91100713078075
robotic_user36_trial_16_participant,0,2.58,2.58,,73.06116417272892,12.028165549074721,6.274748458294429,206.08451790856174,29.138147953383037,262.8824620311984,2.71,3.71,0,0.270,--undefined--,212.87898307221326,205.92809095015983,216.766363592975,222.3181184316793,218.81596559647667,216.96442120514058,216.67614576330664,217.59141684908465,212.3868812041491,212.3868812041491,213.9458345630741,206.6618407588508,206.6618407588508,206.6618407588508
robotic_user36_trial_17_participant,0,3.96,3.96,,73.0952256122801,10.527675312725844,7.672539041329545,205.14171304302454,31.484877782251957,266.9883335205135,3.79,4.13,0,0.242,--undefined--,232.05300695680012,232.86846497980534,234.66229135943908,232.73789452579737,226.1458611611691,224.3458717454205,224.51427802548193,223.44702935821843,218.8885834396186,217.54876977067468,214.09407370632286,212.22676925616554,205.22163524201713,205.22163524201713
robotic_user36_trial_18_participant,0,3.78,3.78,,71.13177646310567,10.701437952489524,6.4280944177872765,212.80460731134278,31.4992366084316,287.1147615184749,2.65,3.43,0,0.291,--undefined--,215.46358499733563,244.87020115914726,236.27377016044758,227.4503626581818,230.41128711608854,226.92786100000313,222.76791123545874,221.75019592685135,219.0110932862494,218.5056033945669,218.31520083939668,214.67633789838132,212.77963198113133,212.77963198113133
robotic_user36_trial_19_participant,0,5.88,5.88,,70.96638198537059,11.550296862437998,6.779471150257806,210.54236851732878,38.506993822329896,297.62012279232164,3.23,4.08,1,0.245,--undefined--,272.1836533962513,272.40042172687583,258.47358935845944,255.00760450015503,246.32281537957894,246.12627441359444,240.62898184635696,231.74983217497413,231.04135803535618,226.36504979181512,223.60671384035922,220.3204260267743,211.32141573794325,210.3506480882144
robotic_user36_trial_20_participant,0,4.44,4.44,,70.06929639552978,11.76658476048472,8.040075978841774,207.73973797426237,41.65224379911626,285.04963741019725,3.15,4.19,1,0.239,--undefined--,264.32139344931204,265.8887117962279,252.03508049205016,249.49330591806356,248.48278070515312,239.10268035718263,237.21445056098773,233.3906796211771,225.80122260576218,220.73568920690565,216.86483410720237,211.45914511555873,207.56066924313095,207.56066924313095
robotic_user37_practice_participant,0,3.24,3.24,,71.79093579907855,11.921320342261314,16.217789477089088,216.86495298731202,69.5387703443071,296.5814043770758,2.16,4.12,1,0.243,106.40580668064203,106.40580668064203,212.97209240391746,232.8077836589642,237.40551763753385,238.22277499019177,216.64176125535164,211.69996575618356,216.32257069454428,216.32257069454428,216.32257069454428,216.32257069454428,216.32257069454428,216.32257069454428,215.3373748441576
robotic_user37_trial_01_participant,0,4.74,4.74,,74.98667391665509,18.485068009624264,16.423528249801464,241.59623325943937,52.83579269277341,329.52048387461565,2.95,4.56,1,0.219,106.14524761474257,237.04916001590132,251.80263272846972,261.5665299569979,261.5665299569979,261.53623558450164,257.53144862688185,264.87693679998404,257.78211176986093,255.15308717389726,252.5940340090259,248.73912954603097,241.56666797904847,241.56666797904847,241.56666797904847
robotic_user37_trial_02_participant,0,4.74,4.74,,72.31711285818544,16.47973076371792,17.014451629922767,224.03420978823954,59.86827002182805,340.90032269247473,2.95,4.12,2,0.243,265.43128475596234,282.94315788251635,273.0096429043031,266.831778803563,261.1606104379946,261.1606104379946,261.1606104379946,255.37173319746856,254.97019766129912,251.31255579420062,243.88863954794655,227.02504477615574,228.04927888204307,228.04927888204307,224.2453513018542
robotic_user37_trial_03_participant,0,5.4,5.4,,71.87247272302871,20.08505554488591,18.953594917457124,221.62370314450564,52.780212228020936,295.12111153737135,2.96,4.24,1,0.236,--undefined--,269.1788092772917,270.4652978150772,263.01335016777847,252.42663294186903,246.3617790252375,242.27358786133036,240.5243806908833,240.5243806908833,230.08578237935902,225.16087993974733,220.4593374236722,221.9155784324515,221.9155784324515,221.9155784324515
robotic_user37_trial_04_participant,0,2.82,2.82,,73.47148374877308,14.12172796611455,17.765825472677477,227.13249944499208,50.53802992729324,291.39761025021187,2.13,3.57,0,0.280,--undefined--,265.68301326557037,268.6935181121689,264.9243905676861,260.4749478319893,250.95929101831948,249.09037501962752,235.5597072166045,234.88451721553702,230.84372532395477,231.7383593393931,231.7383593393931,231.7383593393931,227.71346672550794,226.64057085424474
robotic_user37_trial_05_participant,0,3.42,3.42,,72.19217036480481,16.299065756590313,19.889426042023093,224.91295554570945,50.57590204652441,323.9891412430056,2.92,3.87,0,0.258,--undefined--,263.21987032788377,284.5443521610433,267.3970296436785,266.40368695982085,257.4778014527282,254.95501882892165,251.65843492645058,238.5209854363797,234.9105650975659,225.17626825131154,225.12662080657677,225.12662080657677,225.12662080657677,225.12662080657677
robotic_user37_trial_06_participant,0,3.6,3.6,,69.90049601955685,13.964254384520139,18.623530189978062,213.82008391930623,59.53933996963534,293.3623087268094,4.17,4.91,1,0.204,--undefined--,266.3956404776199,265.2077859027305,259.0365068340625,250.00449802137743,243.98570198120333,241.02422165242874,241.02422165242874,237.21682917794735,236.5780779161784,222.1646828882128,219.98794310826275,219.98794310826275,219.98794310826275,214.45775687570537
robotic_user37_trial_07_participant,0,2.4,2.4,,71.07224804384025,14.046543760649199,16.238585095754658,246.91055066057808,42.01907468363141,297.2164972146235,2.92,4.11,0,0.243,--undefined--,293.4487827265712,276.7076752379616,276.9613332712126,275.63699943050057,270.3670135136613,266.10109223468226,263.7566323916002,256.2415800044036,255.5337887889678,251.91849862671936,251.91849862671936,251.91849862671936,246.46805319150292,246.46805319150292
robotic_user37_trial_08_participant,0,3.06,3.06,,70.58105899920369,14.675548039300637,16.735231740891095,226.32819563682625,49.24680956259372,308.0579523394071,2.94,4.13,1,0.242,105.50387588372416,105.50387588372416,172.26634910637563,206.56171527235247,231.3270546348845,232.15188310753751,232.5515400367781,232.30242978367698,231.84445382540878,231.47215656810752,230.96598035724347,226.14348461031216,226.43041594608644,226.43041594608644,226.43041594608644
robotic_user37_trial_09_participant,0,4.74,4.74,,66.81854168943924,13.605447068934273,17.173207257692184,238.43915124778937,46.13065218856733,309.7956622635193,2.95,4.92,0,0.203,--undefined--,243.46115299168105,266.23069794722846,258.99065946711926,257.07531492001675,255.22472166588184,254.8262694844454,250.7149381631232,242.22338716032633,241.23414473399578,240.1189419609278,240.1189419609278,240.1189419609278,240.1189419609278,238.54746155444624
robotic_user37_trial_10_participant,0,4.38,4.38,,69.11623563868031,13.244293670825849,16.913632248717818,226.9749647045942,61.36557353839991,303.68395829484996,3.65,4.14,0,0.241,104.01309301339451,133.258983088274,204.2666020660139,232.3121115946383,240.4816128676991,244.947708932866,240.91276628233646,242.76681849975577,244.23460593067185,238.0471509346798,233.74320596288325,232.72254862509217,228.2933231407211,227.8542805107464,227.428663542821
robotic_user37_trial_11_participant,0,4.98,4.98,,70.20212017763485,16.85959907868166,13.323440825933805,234.68016444355524,51.048665160554016,291.7827747787826,3.21,4.08,2,0.245,150.79759153270135,234.69837668510777,250.65479917305385,249.58023347030797,244.9754043224393,242.24032371265864,242.23293163020716,242.78866943625516,242.54385770090036,245.38839814895897,245.38839814895897,242.4061732149212,242.4061732149212,241.26948805245468,234.54175432276088
robotic_user37_trial_12_participant,0,5.04,5.04,,66.58517761582542,14.893294378301075,12.18495777058733,216.52229866810893,56.40586454239197,338.9188801139765,2.78,3.80,3,0.263,106.93848927133575,222.01895890454566,233.43391419745836,235.6052310199541,234.42877977731976,225.59331957116575,225.88659145073547,227.40590163419282,221.39909181830978,225.33182226071904,225.33182226071904,219.5665929588431,219.5665929588431,215.6232767485225,215.6232767485225
robotic_user37_trial_13_participant,0,2.82,2.82,,70.96221945100021,12.513258304304555,13.598984140471755,224.0427602588517,74.98507871953919,297.2451390288875,2.48,3.33,2,0.300,111.84394796466376,111.84394796466376,111.84394796466376,211.585770127799,215.05109278374238,237.54702938586374,246.03958502588128,248.38844565621886,234.12178401425658,240.51161229563172,247.483316146068,240.15843435734067,229.80767960381667,226.3161408575608,223.67847089266417
robotic_user37_trial_14_participant,0,4.74,4.74,,69.69274450013211,14.744025678182997,12.583665054736882,234.13074404469825,63.90447222003596,337.4044772846086,3.16,3.93,2,0.254,107.16872847106619,209.01817762142338,238.41580992551576,246.2439841514761,249.2243708139512,256.80916971226634,258.61217687965353,259.4665675418865,248.87924952457345,241.9240557090209,242.31301786322328,242.31301786322328,240.34124319907414,235.47993669208194,233.69253805706848
robotic_user37_trial_15_participant,0,4.02,4.02,,67.8011264370558,13.331441179533803,11.488285093982038,194.83536200826356,67.58481650476759,311.8301202684655,3.98,4.76,1,0.210,106.50790159026664,223.28440436871318,192.97944048553137,187.07315302096185,166.51547607586915,171.741153597171,186.29050404370588,191.92811919512772,192.1921993063472,186.79780673597128,189.68993761376024,195.80924920889802,195.80924920889802,195.80924920889802,194.92317979597638
robotic_user37_trial_16_participant,0,4.02,4.02,,71.68490462016463,15.180445974235818,14.141111078914317,216.89662144745287,66.40692465062654,322.7571792112457,3.48,4.48,0,0.223,102.43210016099204,188.80741736001139,223.06961675618612,237.26321805558408,237.2799191825494,239.67738108331847,231.73160134521964,225.00668784222944,225.00668784222944,226.0261811292671,213.83869496322225,217.1576330032951,217.1576330032951,217.1576330032951,216.58562001974755
robotic_user37_trial_17_participant,0,4.32,4.32,,71.23870346882212,13.77176040793431,11.361835184373568,208.0233488257206,70.64095797515778,302.87258527639113,2.31,2.49,1,0.402,107.24638727023135,107.24638727023135,256.58804235002896,258.00256217636394,256.47193426457005,254.8236264244463,246.32224006635295,245.95449422872855,225.63871312983727,225.2599862828839,216.3226539080296,207.36862252110194,207.36862252110194,207.36862252110194,207.36862252110194
robotic_user37_trial_18_participant,0,3.3,3.3,,69.52315939872896,14.733736672655285,11.973021426067096,233.05171723452034,73.52280847867048,337.11286155868254,1.82,4.62,1,0.216,103.92681758282524,103.92681758282524,103.92681758282524,235.0084892468846,246.74883366180052,250.20167347958815,233.38604414015518,235.5892298064017,233.76285084294264,233.76285084294264,233.76285084294264,233.76285084294264,233.76285084294264,233.76285084294264,233.76285084294264
robotic_user37_trial_19_participant,0,4.62,4.62,,69.8686422179525,14.032193198348276,15.001034787112626,195.07510807170792,75.73533386762446,291.60972271124143,2.38,3.42,3,0.292,106.30820538053102,106.30820538053102,106.30820538053102,227.18770361852665,241.9883494592081,240.12050362542496,230.7584729989256,224.15063609991194,208.39135377162168,199.67636669968485,198.6667320753181,198.6667320753181,198.6667320753181,196.54383258645353,194.90375178070866
robotic_user37_trial_20_participant,0,3.9,3.9,,70.05217906909681,11.28004483764472,11.650999857295865,222.23880551418836,61.99071648955472,292.88884533127435,3.85,4.72,1,0.212,106.20215698353705,212.56960996274736,230.9485761859655,249.61902112365019,250.89325606076255,250.92850346079243,249.51682721457047,235.65592298672746,230.92488378153257,226.77519756623275,221.30008858122721,221.63907262132588,221.63907262132588,221.63907262132588,221.63907262132588
robotic_user38_practice_participant,0,3.48,3.48,,73.5896520739985,10.936955012903951,14.222164145872645,177.86567263750763,21.367533887678594,247.04083607720918,2.30,4.35,0,0.230,--undefined--,--undefined--,--undefined--,--undefined--,--undefined--,186.8074692773718,197.2099476583507,188.72905444968342,182.89808874604162,179.1611363531914,176.573581226813,177.87866147022586,177.87866147022586,177.87866147022586,177.87866147022586
robotic_user38_trial_01_participant,0,5.94,5.94,,69.01830479040008,11.733138045533112,11.503680052372925,176.11400650317006,25.294191619492235,309.97309158579003,2.86,4.66,0,0.215,--undefined--,191.20767214806446,187.4128435298553,179.79325097144576,176.6320171164571,173.1112788223541,170.99246965443785,172.39843192744192,171.36298153302144,171.15196353562385,176.1276458457777,176.1276458457777,176.1276458457777,176.1276458457777,176.1276458457777
robotic_user38_trial_02_participant,0,3,3,,69.89712670551862,10.02170507829629,4.263279247891353,199.106810291562,45.12546005874338,332.1151097372659,3.00,5.21,0,0.192,--undefined--,--undefined--,--undefined--,198.2617796955467,203.5953210923696,197.99714366021223,190.82601538377406,185.20882030317625,183.8497832156469,185.80038227972383,189.7855523069455,199.57772957540504,199.57772957540504,199.57772957540504,199.57772957540504
robotic_user38_trial_03_participant,0,4.32,4.32,,72.88938124448056,13.923142070427158,12.375218786920971,171.01673543874293,19.37253276290785,257.265073012299,3.47,3.74,0,0.268,181.7363663454183,187.92624161796562,183.0554130816934,179.7752653194084,177.79732702899804,175.02668869048227,173.52599973151177,173.0024931381002,172.17107907001238,172.17107907001238,171.87721603725157,169.84928245218916,171.88451069343645,171.34025170922172,171.34025170922172
robotic_user38_trial_04_participant,0,4.26,4.26,,69.93976713537188,11.849847448193614,11.498846856246095,186.94732934339658,32.68481338390503,324.84020271964954,3.29,4.18,0,0.239,--undefined--,--undefined--,--undefined--,224.44174435864232,229.31862718699557,212.1406542660083,218.69971691717396,207.92914535145528,197.71019992696347,193.66810271621165,191.14732333389662,187.78784749910108,185.31403313107884,186.88708302822369,186.88708302822369
robotic_user38_trial_05_participant,0,3.54,3.54,,71.63850229219237,11.181477523656538,13.103958901781784,175.95951024645743,18.700532044949416,250.0692067174237,5.37,6.18,0,0.162,--undefined--,--undefined--,210.8012610570606,207.55603952017344,194.27853331002237,191.80467210998435,186.55190198835976,180.9033992887661,179.9987512003026,180.63208575047557,182.68566904306218,180.80401633971135,178.90481051968837,177.25619292584702,176.0679180082047
robotic_user38_trial_06_participant,0,6.42,6.42,,75.02432496486887,12.691699221283438,5.974307395845331,188.338607527342,32.28540113281596,304.7295789293749,3.27,3.95,2,0.253,236.71514237659963,202.41668660426848,204.84664628171828,196.88761657193405,194.11289143522902,191.0501325567896,190.59158303602388,190.72162239713452,189.39992048379904,187.98871104321486,186.26884511078666,183.3303144524058,186.84277878961237,186.84277878961237,188.12350349461119
robotic_user38_trial_07_participant,0,4.56,4.56,,72.38184901731933,12.172790534769124,10.036734282789958,186.73251313261383,30.90408013131714,306.8422135688038,3.73,4.72,0,0.212,--undefined--,215.9359975832953,197.08159447316385,198.57875762883685,188.99004242726312,182.9890571697737,181.32487232636,182.0830198986866,183.4182566792396,182.98232836330166,182.0365706140142,179.6558439910864,182.37028569646628,186.81593347243398,186.81593347243398
robotic_user38_trial_08_participant,0,6.24,6.24,,71.94431787492385,13.557002218506014,8.60933016145003,187.22176589703716,24.035351535047905,238.86912085864063,3.04,4.46,0,0.224,--undefined--,--undefined--,--undefined--,200.53795364732986,216.0141140126713,199.88691851332337,196.55083006987257,198.68825888635985,196.40642297358073,194.88056946695033,195.15390326815705,194.40897953463568,190.43986130869166,187.21485503352332,187.21485503352332
robotic_user38_trial_09_participant,0,2.94,2.94,,72.17207366872195,14.218618680148525,11.59425017494253,182.2848828830914,25.471753975783557,340.0177175361065,3.40,4.10,0,0.244,--undefined--,--undefined--,191.98460838314912,193.6963674054708,195.35099810546126,193.58738387855374,188.96251468426559,186.06405438246708,184.11407236351877,186.14051789070373,185.05964409367672,183.14889808589433,182.80262645798913,181.78769505670317,181.92103388174752
robotic_user38_trial_10_participant,0,3.48,3.48,,61.18500782710761,9.651504668836779,12.686774420601575,204.04285350150312,39.48050348615036,312.9882389499802,2.59,5.11,0,0.196,--undefined--,--undefined--,--undefined--,211.92539577675265,207.26421809643594,193.7697758768357,192.29611092943466,191.64151885839922,187.08646686631027,195.62869388967852,203.7279770942643,203.7279770942643,203.7279770942643,203.7279770942643,203.7279770942643
robotic_user38_trial_11_participant,0,3.6,3.6,,67.65612157865925,12.985880180683484,9.909271118699396,187.0316861101047,28.48933825710728,306.2368920350116,3.89,4.78,0,0.209,--undefined--,--undefined--,200.22068769869765,206.91831160372416,203.6222279401042,195.80518072061375,195.30051738317994,195.30051738317994,192.69353868714802,189.98352662272058,187.16596013913912,189.65026899309316,186.9550643374431,185.9485217981991,186.58315132394574
robotic_user38_trial_12_participant,0,5.94,5.94,,74.09240894131317,12.355384261965677,7.408796114452748,180.24494111126475,19.9717108441886,341.98908453583886,3.70,5.31,1,0.188,--undefined--,200.16247967626748,194.1875394590556,186.48438120855565,183.20691989794582,185.11519160046217,183.85039690996487,181.48812063124,181.08316589771647,181.08316589771647,181.08316589771647,181.87571558130452,182.47610121981194,181.13416996549003,180.2997731074786
robotic_user38_trial_13_participant,0,6.24,6.24,,74.13043190058754,16.428421981294484,9.342665314503208,186.85549729536908,27.093019364172473,269.69306857115265,2.88,4.75,3,0.211,--undefined--,223.68335781255757,218.906550109139,208.78584628687787,202.7752098468634,199.0385458409442,196.08145890036386,193.2122527504857,191.07101636759305,191.07101636759305,190.70708810360208,190.20981004951602,189.219679617063,185.5182742646282,187.06139475965517
robotic_user38_trial_14_participant,0,4.08,4.08,,70.34717688918957,14.464605309856175,14.605563453485173,175.71319776797048,25.65662721418381,238.59155740539006,4.17,5.06,0,0.198,--undefined--,--undefined--,196.50533750763486,202.95509782875502,205.86537347238422,198.12800673806228,192.56533342707453,190.47741835561024,187.93090886072054,185.72628365199105,185.30074382192353,183.30276190018037,181.42154299819015,175.90781141553612,175.75074360860512
robotic_user38_trial_15_participant,0,4.14,4.14,,73.12046582920493,12.365620627479004,9.375127665376604,182.44211745330412,20.97978528892139,233.0585301939897,3.38,3.93,0,0.254,--undefined--,--undefined--,224.7430061987375,201.3237900852444,195.0783940049718,193.7073307803371,196.63936166742556,194.43521566535932,192.83510039759975,190.78100996023707,187.76498396931163,186.4147874171618,182.24901178818763,182.3428134600855,182.5772246282433
robotic_user38_trial_16_participant,0,6.3,6.3,,73.10914046338164,14.316852273508678,8.868438640685016,177.98421258076843,19.7093167853903,242.295781013753,3.17,4.34,0,0.230,--undefined--,--undefined--,193.37173409446913,195.65737008987873,186.311921344642,181.30712247938226,179.38644905416464,179.17184194524114,181.33387714020665,181.3694539628102,179.67534087356677,178.29684301431354,176.6750189215046,177.78820936226003,177.78820936226003
robotic_user38_trial_17_participant,0,6,6,,71.03531077326258,14.014915427318417,11.853918463275253,199.65134249840548,27.04383234466069,278.3420382149645,2.33,3.51,1,0.285,--undefined--,--undefined--,--undefined--,--undefined--,232.13529478117132,220.0212084910856,218.05096604599765,214.79847684324398,210.46834770233116,208.23546485206114,208.18301319868067,206.77158355160373,205.11374354150345,201.07674842733437,199.41245901953758
robotic_user38_trial_18_participant,0,3.06,3.06,,71.95921965236616,11.671824787371099,7.180920035739393,203.50320884819556,31.601947349971514,335.9226132344397,3.59,6.14,0,0.163,--undefined--,--undefined--,--undefined--,202.50981020277027,214.1682278052825,214.5999282547862,208.69123177286878,203.74722012333038,199.80068014775483,201.64112026065447,201.64112026065447,201.31152467296675,203.6721763560935,203.6721763560935,203.6721763560935
robotic_user38_trial_19_participant,0,4.2,4.2,,64.94990465837535,9.22356392233034,7.890553142100918,191.2197635185997,36.142864973716996,318.13667980169623,3.33,6.12,0,0.163,--undefined--,--undefined--,--undefined--,--undefined--,213.78044749604413,206.39953938277054,202.74605576716593,193.7903600294208,189.77954715964282,189.87885055307024,188.96409035305848,184.76630866130503,191.40709927105607,191.40709927105607,191.40709927105607
robotic_user38_trial_20_participant,0,4.98,4.98,,71.25732894708545,13.030540884151737,8.81715634209148,175.0827588653672,20.90074889597344,247.07153054878958,3.61,5.23,1,0.191,--undefined--,--undefined--,208.08573360914465,190.19628980554856,182.70448595124776,182.59800375340635,182.66390665266874,181.1227884205015,179.7341576998941,176.1584691117872,174.9783013685887,174.48221859103762,173.18447628359564,175.09091105909545,175.09091105909545
robotic_user39_practice_participant,0,3.12,3.12,,68.315291207603,6.544999524038915,9.308255487528328,201.64882315144504,41.24826097889619,290.06097724113147,2.88,4.23,1,0.236,--undefined--,--undefined--,--undefined--,--undefined--,--undefined--,259.059444489693,227.62481671525924,225.82691730227714,221.37819043409476,217.30836578526123,211.9197080862847,209.43425217219516,201.34662303158717,201.34662303158717,201.34662303158717
robotic_user39_trial_01_participant,0,4.8,4.8,,72.80871293475238,13.283870742050965,15.184652710030115,214.76753258515606,40.91904150715093,344.2234142234622,2.92,4.03,1,0.248,--undefined--,--undefined--,--undefined--,292.72171416949993,237.79503508650618,245.1011153577364,238.56508393029657,235.84872876475129,231.30796125036534,224.5676566224404,219.86830588197574,213.9819932001052,210.88037561299433,214.40973572860545,214.40973572860545
robotic_user39_trial_02_participant,0,6.18,6.18,,70.951951425662,15.700761392827227,25.91475257493474,231.6827694841124,37.112781908015144,347.3888278570632,2.43,3.55,0,0.282,--undefined--,--undefined--,--undefined--,263.48765116583206,245.66573436263383,246.61655002322283,246.05655483963363,243.31260678162818,245.5447926554927,241.41641176518976,237.8868903417005,235.84356252415856,228.89576955965111,231.71327755877272,231.71327755877272
robotic_user39_trial_03_participant,0,3.12,3.12,,68.3156920111024,15.281866812301452,31.721271314499827,250.01966852331688,27.719647219600485,303.46938850133887,1.60,3.36,0,0.298,--undefined--,--undefined--,--undefined--,--undefined--,--undefined--,240.6455279503775,242.72055022385734,246.15669019733772,258.2133986642363,249.10847989404053,246.25424280639348,249.11210371288396,249.86148355932664,249.86148355932664,249.86148355932664
robotic_user39_trial_04_participant,0,4.8,4.8,,72.30665195562847,17.04354557218776,26.268088885553343,225.70303733606735,40.440348620202094,307.552052762308,2.29,3.78,0,0.265,--undefined--,--undefined--,--undefined--,--undefined--,282.96863993363246,262.9305549956231,255.4936163561922,249.97559018891596,247.2318136359502,242.95558351606672,240.01787973844134,235.37958490796282,231.25084270072256,225.75050780959583,225.75050780959583
robotic_user39_trial_05_participant,0,4.8,4.8,,71.7858477892473,16.609649668954383,35.097476426767365,229.25468949472574,20.646358361617803,312.37717997193204,2.92,4.78,1,0.209,--undefined--,--undefined--,--undefined--,236.99164204208708,253.05010066739675,249.87093288463618,248.81116944958018,241.12410404535385,236.25915109698636,235.4191997250395,235.4191997250395,232.340143651125,229.85509947953562,229.32218252030185,229.32218252030185
robotic_user39_trial_06_participant,0,4.5,4.5,,68.86344912971236,14.432724056543256,24.221969443364802,218.91853399821895,27.18740035447774,290.45297081159316,2.44,4.22,0,0.237,--undefined--,--undefined--,--undefined--,290.45297081159316,242.19704404798054,244.5794497282634,237.30093481105703,235.1760550631485,228.48107571890898,224.88467751996453,221.45698429953822,218.3563825969328,219.15203033263003,219.15203033263003,219.15203033263003
robotic_user39_trial_07_participant,0,5.16,5.16,,71.69738445958896,16.194438624999027,18.002931730392127,215.52631505168168,33.70620992229612,291.2015292189341,3.10,3.89,0,0.257,157.7236968955618,157.7236968955618,157.7236968955618,238.85793839069817,246.32629435613393,241.72798124018732,237.8858544625069,235.4805215995923,232.0217009293697,229.72007675944158,225.70162087467935,220.9024248261595,218.98550949189587,215.66078904769037,215.69831723368367
robotic_user39_trial_08_participant,0,3.24,3.24,,69.53822199513347,13.35112463949946,14.49961125815567,227.2634417465183,26.460578021941284,271.1395499914691,2.16,4.21,0,0.238,--undefined--,--undefined--,--undefined--,--undefined--,--undefined--,257.71365285169924,255.37438314023422,250.4936617609898,242.39558329345462,232.46605395155018,230.46227311749766,227.26490796455195,227.26490796455195,227.26490796455195,227.26490796455195
robotic_user39_trial_09_participant,0,4.68,4.68,,72.87926671860356,15.567407600647389,23.07246636917803,218.3466848176668,42.636729298690355,307.1032939530752,2.99,3.70,0,0.270,--undefined--,--undefined--,248.1183489252972,249.05083110096083,223.36858037692477,227.4414068166026,229.5166949096929,226.3911584579894,224.7055636712231,224.0660225555133,223.39576075056726,218.1756375277929,217.5474345759088,215.6221215523064,218.5049489601445
robotic_user39_trial_10_participant,0,4.68,4.68,,71.19978289185102,14.40833774719666,24.07058457918348,218.84249138491882,44.16200375672349,311.6217939155205,3.63,4.57,0,0.219,--undefined--,--undefined--,--undefined--,247.60065651163816,241.0348480200937,250.2473709959457,247.94363527143665,238.90118409744903,237.32646802426046,240.16949203313038,237.86056437570514,232.91997034049805,225.79526983357252,219.71413546674685,218.87028706212723
robotic_user39_trial_11_participant,0,3.6,3.6,,74.99661155016003,16.09500632890769,19.350824606674472,240.44406889286356,36.2627874732301,316.1991473982043,1.94,3.71,1,0.270,--undefined--,--undefined--,--undefined--,311.2985643281245,267.7711913813296,274.7217149526557,272.463277410994,263.7163788778516,258.2539306679713,252.73957115234649,249.3713081916095,249.3713081916095,240.35066589544385,239.9170092541568,239.9170092541568
robotic_user39_trial_12_participant,0,5.46,5.46,,71.3360629453795,15.663958100583802,23.03569110917963,226.2538665268277,33.06297152671511,304.54345711726046,2.93,3.86,0,0.259,--undefined--,--undefined--,258.5421628386317,256.11145525951014,269.2697773738698,261.28153360738185,252.06041836786176,245.4237168837749,244.04046264387543,239.29588165093205,234.06253339676053,230.96177542847275,225.74833397900957,226.5941108435237,226.5941108435237
robotic_user39_trial_13_participant,0,4.02,4.02,,69.6643404379142,15.800591650281897,23.300577023409424,234.63698594505595,45.008190282921625,333.2520887290237,3.48,5.50,0,0.182,--undefined--,--undefined--,--undefined--,--undefined--,280.50110466356386,264.2094917021472,267.3121165912878,265.198488209888,257.8949013765315,254.55130898940743,250.55720126992873,244.7872322506957,236.0809001451331,234.6641139836262,234.6641139836262
robotic_user39_trial_14_participant,0,3.6,3.6,,74.58933079204235,16.254506173025536,25.03881997409177,221.9653079740713,27.482451142630893,290.8240073438156,1.94,3.12,0,0.320,--undefined--,--undefined--,--undefined--,237.15594723058433,241.6497830961101,254.42841873937434,251.96685779214997,251.96685779214997,243.27192601218803,235.1965450340349,229.2243498199695,226.40858323932412,222.00570641180383,222.00570641180383,222.00570641180383
robotic_user39_trial_15_participant,0,4.26,4.26,,71.95698966098837,16.009408977908954,25.803203855298065,227.04576505249057,40.211994425353616,325.99129045482863,2.82,4.26,0,0.235,--undefined--,--undefined--,--undefined--,270.1193059533786,268.07326224166417,245.9390063526701,236.32233066614845,238.9830944816326,238.50000419379765,235.4326813299605,233.89997632496411,229.46533829201286,227.49892977792774,226.53593864179342,226.53593864179342
robotic_user39_trial_16_participant,0,4.62,4.62,,75.35297532374115,17.12484112822861,21.874640784115208,221.8276560288252,34.16393874355764,327.47281488576726,2.16,3.27,0,0.306,--undefined--,--undefined--,--undefined--,255.1092886558415,277.359300100294,258.6515798523516,251.33397397921075,239.66074463579483,237.28295031738205,234.60764644661734,232.20606636384323,226.99306123098205,222.0660990346177,221.59948082616037,221.59948082616037
robotic_user39_trial_17_participant,0,4.92,4.92,,73.27328062863168,15.41059451036727,20.26253735251784,239.60574658033053,45.49289012454123,347.7060867996512,3.46,4.52,0,0.221,--undefined--,--undefined--,--undefined--,257.4687799694969,256.4378918760279,281.35046512980733,260.11184235410263,260.70810936096353,253.64306224148535,247.69163754936554,245.05346479144308,241.37560530990473,237.6614337175347,239.03656181476416,239.655520838353
robotic_user39_trial_18_participant,0,4.56,4.56,,75.11395083233299,15.552176775944993,19.44624143057836,241.88182407659042,37.306288297980885,348.58553877429125,3.29,4.60,0,0.218,--undefined--,--undefined--,--undefined--,252.78221458672547,273.33431050908086,268.9227571008803,261.53493506653683,264.2012213425415,261.6789788098438,255.5710161188243,253.4297431167745,251.07622152675225,245.95330915947363,242.03926373605995,242.03926373605995
robotic_user39_trial_19_participant,0,2.94,2.94,,74.83570215320317,14.075479799975072,23.997914873518585,233.43717734152622,56.53259964279112,337.4418583556564,3.06,5.74,0,0.174,--undefined--,--undefined--,--undefined--,--undefined--,257.935072451656,265.7017381734035,281.59197719160846,273.11249816481524,264.2403499813834,255.16007801614936,248.48555841970997,237.19196357524652,232.52594682846785,232.52594682846785,232.52594682846785
robotic_user39_trial_20_participant,0,6.3,6.3,,72.93240762999167,17.888090892886762,25.596473422076407,225.55048905852559,39.65253584348725,311.6033289233772,3.02,4.46,1,0.224,--undefined--,--undefined--,271.051235950385,267.8788598535599,258.88902580944944,252.48874864636196,249.32333372424375,245.6184153631746,245.6184153631746,242.14216797708988,233.29713160143538,231.42784322375638,229.3528201492062,225.63831898613225,225.63831898613225
robotic_user40_practice_participant,0,3,3,,71.18500925985693,7.276991010584629,16.362391118686368,159.7141407477235,42.19761883112586,226.829093072267,3.00,4.42,0,0.226,--undefined--,--undefined--,--undefined--,--undefined--,221.40127740479815,204.78945280157126,178.58335972634563,171.9204536863667,161.7682087752282,164.86310117054748,166.29697265657407,161.71006269724208,160.07209051625532,160.07209051625532,160.07209051625532
robotic_user40_trial_01_participant,0,3.54,3.54,,72.04651763351121,9.649889883142931,11.00560103417735,164.05120299301421,40.816597901766514,263.3800154614601,3.11,3.90,0,0.256,--undefined--,--undefined--,--undefined--,184.04846133025907,181.75073686754888,188.96590732585904,185.95616067135768,178.7926047659551,178.35853473397142,179.99606906444265,172.69365063091925,165.6895749888878,161.68625245587737,163.59305004087818,163.65919386253486
robotic_user40_trial_02_participant,0,4.68,4.68,,71.85052295227736,10.145075301974469,11.57629957311321,176.07389377248037,28.2407564088737,347.82331619173044,4.49,5.14,0,0.194,--undefined--,--undefined--,226.92096174671659,208.24356315558026,194.60419645674855,179.84205097474558,177.8466094179802,177.19370198034179,178.88662390234276,177.89278138736913,176.23529163805867,175.57608326861182,174.66302870417843,175.79865338854822,176.27885279578516
robotic_user40_trial_03_participant,0,3.48,3.48,,71.62755349110267,11.122275571530484,19.524579328949837,172.22673964655462,26.421202350393163,253.04059071258075,2.87,4.05,1,0.247,--undefined--,--undefined--,187.34122955897837,190.33588444357818,191.09583073727327,189.6689016891972,189.6689016891972,189.6689016891972,190.1939874409216,184.41894799876263,178.75980426958498,176.14143829609793,173.4282623645866,172.12313971587247,172.12313971587247
robotic_user40_trial_04_participant,0,5.82,5.82,,70.57880340591173,12.00774896616622,17.89704315821541,175.65514632023527,22.776296727009274,254.64374417949472,3.44,4.27,0,0.234,--undefined--,--undefined--,207.07648009952138,192.44341374709288,187.98596818116795,182.83439415994673,180.79415621393497,178.05453089124885,178.39209237794046,177.66271463820365,175.78314596607095,175.84048148016743,176.77735553335833,175.84584655519922,175.84584655519922
robotic_user40_trial_05_participant,0,2.82,2.82,,70.43815492351939,9.84428232754895,11.143552999405157,158.68691146818554,44.51772604473441,211.02729036343405,2.13,3.20,0,0.312,--undefined--,--undefined--,--undefined--,--undefined--,--undefined--,208.29116278167743,206.90870205562527,173.60577226853073,167.6166783076594,168.22587766369887,169.2459646223864,170.10570478552734,169.25188191426912,157.82412470525028,158.7057976298546
robotic_user40_trial_06_participant,0,3.78,3.78,,71.93330999037772,10.803874774138421,14.481241416925798,172.29989882925454,30.180624934870448,229.2226080395533,3.70,5.34,0,0.187,--undefined--,--undefined--,191.6223976116063,191.7834415445412,192.46000849094776,187.4297458281494,187.00928943310475,185.18285889695,181.5353107493234,178.63357548019331,173.09126986157204,169.55374272118237,171.31781231274127,171.9669981828125,171.9669981828125
robotic_user40_trial_07_participant,0,3.54,3.54,,71.24049044139622,11.122172983408653,16.797960860290054,190.11362886879292,28.10620677158733,283.08890226356834,3.11,3.97,0,0.252,--undefined--,--undefined--,--undefined--,234.62948338973803,218.15314874036298,210.2863180719446,205.88688400808462,203.13143933730754,200.94335184811735,198.8220551077241,197.43818707412498,195.2392328196394,193.31561830417826,187.58092455208572,190.1165720174726
robotic_user40_trial_08_participant,0,3.24,3.24,,64.78849320601998,8.544787556106785,14.896560471637205,163.04041477788743,28.78073903860583,235.60779607505737,3.70,4.46,0,0.224,--undefined--,--undefined--,191.50951424974537,200.59221346410877,195.99083267699913,186.20662017400983,180.56684434011532,177.64153985162835,174.25997412698194,173.06582671519138,172.35031996284766,170.4513932195716,166.6277757480746,163.21600199213248,163.21600199213248
robotic_user40_trial_09_participant,0,3.42,3.42,,74.36939302008444,10.707400811224552,14.042814556126249,177.6152534520959,19.96241207899038,237.00404587457595,4.68,5.42,0,0.184,--undefined--,--undefined--,208.8025332921373,200.43583191348426,201.3123295419674,197.01404419053029,191.65962508081415,187.06461081011543,183.70039589786646,180.7220867499303,178.9906503772577,178.51560708198443,176.78640555281865,177.61761698015394,177.61761698015394
robotic_user40_trial_10_participant,0,2.64,2.64,,65.21679242205046,6.696736801239126,14.447748034380918,166.25724752014153,37.05090899239349,326.89979639814135,3.41,5.80,0,0.172,--undefined--,--undefined--,--undefined--,242.00052356253087,208.30499468999398,208.30499468999398,195.3985840074447,180.6050244147571,176.42025644391032,176.42025644391032,184.72101939110908,181.63641186728674,174.6525510842822,170.43595047161367,166.52858043531248
robotic_user40_trial_11_participant,0,3.06,3.06,,72.6957953299202,7.8148415970723315,14.158515235460683,152.3209791286261,29.77548787484881,202.24986521492337,2.94,3.58,0,0.279,--undefined--,--undefined--,187.19403852158916,186.0572067956803,192.3018463892663,185.12693824407273,175.51751628369055,162.25494094332325,161.30840307187353,161.553765621225,160.3694523085517,158.05545141626598,151.83275501096682,152.0756985851263,152.0756985851263
robotic_user40_trial_12_participant,0,3.78,3.78,,71.00099619111676,7.666773297070116,14.41516228658669,162.39622010551216,34.18880256329345,203.3625763402241,2.65,3.93,0,0.254,--undefined--,--undefined--,--undefined--,196.26724287112776,196.26724287112776,185.3190943517886,182.69995825006896,178.63815227138295,171.18517446292384,171.85983960389237,162.10128948565273,161.05100048282347,162.02385945903623,162.02385945903623,162.02385945903623
robotic_user40_trial_13_participant,0,2.52,2.52,,72.23888230249598,6.597314661524473,12.825336933697468,160.75743834348827,43.05930389940101,225.38391340446066,3.57,4.76,0,0.210,--undefined--,--undefined--,--undefined--,105.12627637687484,163.16938026539242,178.3207420606104,178.8442897085785,175.94212856781996,164.16992907197326,163.6557008646097,159.8968806235581,159.8968806235581,159.8968806235581,159.8968806235581,159.8968806235581
robotic_user40_trial_14_participant,0,3.6,3.6,,69.89900977945192,9.19898334830656,14.366711728773511,155.68206424010611,48.26929113385638,348.65856322767115,3.89,4.78,0,0.209,--undefined--,--undefined--,231.71220244660194,221.57661309888346,203.81106169370906,194.20457311119705,187.1943928120882,185.78597818277467,176.77774489924295,176.16573066147564,173.11287729302268,160.71311055072076,155.51506829001298,155.60100391836968,155.60100391836968
robotic_user40_trial_15_participant,0,4.26,4.26,,69.90901999145134,10.326110919208327,16.42109576519367,151.69443647015333,44.76817835842655,234.29674606396932,2.58,3.39,0,0.295,--undefined--,--undefined--,129.762547783892,173.96981222589204,176.57538507760162,177.6862793114539,177.61485599385662,164.45685639671936,160.72323694140962,156.8643879408029,154.9700907131095,154.84903530095815,148.2052242039027,151.50645165275964,151.50645165275964
robotic_user40_trial_16_participant,0,4.56,4.56,,69.84240850775436,8.989943853153747,16.56181291477954,168.8306157099582,37.43721103497442,274.0320105038752,3.51,5.05,0,0.198,--undefined--,--undefined--,257.41426790134653,212.0200930379818,195.61936899103202,190.21174265092012,187.0034751559792,185.53679813497575,185.45786330998928,179.53463534321352,177.75920932313232,172.70336016868134,168.72753541002578,168.82016938327223,168.82016938327223
robotic_user40_trial_17_participant,0,3.36,3.36,,71.31001158906282,10.633416678309917,17.98027141708984,173.0773490441096,28.492547296960687,284.5848293380243,3.87,4.66,0,0.215,--undefined--,--undefined--,189.68560536431218,198.22080456132593,210.29998093848963,199.97791512469914,193.47555584244483,186.369898424389,184.21141533514853,182.6435615730084,177.698979144853,176.30151001536535,174.3882942360207,173.25325712105465,173.07788325933853
robotic_user40_trial_18_participant,0,3.54,3.54,,69.68154235288371,8.40833771565623,17.287932011156155,161.71933482745183,37.84658384688462,256.9511851610732,3.67,5.35,0,0.187,--undefined--,--undefined--,--undefined--,201.22289903082486,189.5029479310065,195.24413140671496,191.07967647952714,187.240156352345,180.16642332861545,177.93104032683203,175.42302955144092,166.29560379311576,161.32668638445048,161.32668638445048,161.32668638445048
robotic_user40_trial_19_participant,0,2.28,2.28,,67.89594054066475,7.8148172467706285,10.92597328889257,196.64557434098057,21.752923071689846,246.88963649674974,3.07,4.28,0,0.234,--undefined--,--undefined--,--undefined--,--undefined--,217.52139203838087,216.97427876287014,209.29228989342147,204.5597627592556,199.93407466475904,196.48844584126996,196.48844584126996,196.16091787467994,196.9520060135207,196.9520060135207,196.9520060135207
robotic_user40_trial_20_participant,0,2.58,2.58,,69.10607786368239,8.479996849233316,18.709017140436604,185.40799548864362,40.866779344098745,268.8257534381934,2.71,4.29,0,0.233,--undefined--,--undefined--,--undefined--,186.33250765344417,168.5802042529091,186.90690439139317,178.2822191521456,176.3365579203394,172.84693836394837,175.92564245023055,179.61904129816622,183.9461561372807,185.99085701026345,185.99085701026345,185.99085701026345
robotic_user41_practice_participant,0,1.98,1.98,,66.59862886587675,7.460086887689555,11.148363134739759,198.54425742222637,8.057421798690138,225.00812837850572,0.51,1.33,0,0.752,--undefined--,--undefined--,--undefined--,--undefined--,--undefined--,207.45131387397174,200.74758830351809,198.32069203317496,198.32069203317496,198.32069203317496,198.32069203317496,198.32069203317496,198.32069203317496,198.32069203317496,198.32069203317496
robotic_user41_trial_01_participant,0,4.38,4.38,,74.04721254182223,12.444944565907548,11.622932949647772,223.98409022685627,38.2582835899933,320.4491495210075,2.74,4.01,0,0.249,--undefined--,--undefined--,--undefined--,272.09621968598793,251.19129616892502,261.26387072170127,252.1284123369653,247.66700887456392,242.91673239928784,238.7106318547171,231.59504100033124,226.78515931879627,226.78515931879627,223.97408831189063,223.97408831189063
robotic_user41_trial_02_participant,0,4.2,4.2,,76.5867595612686,10.607982552975797,10.785280387827672,227.51313397020215,51.46566874306516,327.0953026843307,3.10,3.83,0,0.261,--undefined--,--undefined--,244.55924885637006,241.17517710866352,251.57807838685042,267.21215813782516,259.78195258027995,253.53561208107106,252.81258137682727,249.47685477827812,247.44462526774882,239.0448906791277,233.371885464434,227.36082507453867,227.14316999842728
robotic_user41_trial_03_participant,0,4.5,4.5,,74.0518823929794,10.496416200571671,8.929060343584814,239.71303420835213,47.1778480253426,326.4867843214923,2.44,3.51,0,0.285,--undefined--,--undefined--,291.46913356459,292.4708203169848,285.38265949243635,274.7885866585152,269.1197906228876,266.3463898202677,263.1337176235604,252.61483197357984,247.2519112204981,239.8636374707107,239.7890937161229,239.7890937161229,239.7890937161229
robotic_user41_trial_04_participant,0,4.2,4.2,,71.22175890655322,9.915211527231396,10.529838403212732,230.21600216227577,39.210148340760206,364.7838435199278,2.62,3.72,0,0.269,--undefined--,--undefined--,258.9460278774398,262.2970270098981,260.4730055756873,251.88785687375483,246.8249810330036,246.44898882387062,239.0009077152532,236.66161161012224,232.30956010498423,230.34728284764347,230.34728284764347,230.34728284764347,230.34728284764347
robotic_user41_trial_05_participant,0,4.14,4.14,,72.48678224022176,13.724049360366006,11.474611300750578,238.81130338346676,53.25525582403772,365.0492213311267,3.38,5.15,0,0.194,--undefined--,275.4078205380257,306.76768223921755,285.1480968943321,279.3001319004612,279.3001319004612,269.44380187532767,258.371529034375,253.5106067265714,250.76704763457317,247.5499013312679,238.7076628693073,238.7076628693073,238.7076628693073,238.7076628693073
robotic_user41_trial_06_participant,0,4.44,4.44,,73.04308406853126,11.29677708442668,11.673159389894101,229.4197845802289,40.82976753612149,334.471983781661,3.83,4.48,0,0.223,--undefined--,--undefined--,267.44381810089453,269.9732864198008,272.43245995459483,270.9991502133679,255.51381700116377,247.110175862197,244.21772324665488,240.90019015401538,236.4494549810538,231.03261330990472,229.65593562079647,229.65593562079647,229.65593562079647
robotic_user41_trial_07_participant,0,4.62,4.62,,70.76652533474598,11.030360766170913,8.207550607292799,239.67623434842568,46.479256078215656,362.93889390647786,3.90,4.85,0,0.206,--undefined--,--undefined--,276.41265225726175,270.8330385825066,276.0075472646458,272.6579122413528,266.1324025146558,257.1558671742054,252.44296160870275,247.4120579502063,247.673801912915,245.51562992652254,238.29069339469697,239.31595414463595,239.31595414463595
robotic_user41_trial_08_participant,0,4.8,4.8,,73.68490544729433,12.794726735007046,10.841943062105255,222.54502796392646,45.481946830022544,364.7336010503892,3.33,4.13,0,0.242,--undefined--,277.15067298967097,261.03894403195585,258.5470849907551,250.76970968542344,244.49276541220686,238.31127047247293,236.2787182120897,231.9998416271392,228.44030174368342,227.72301773736928,225.09721710352014,222.87762318314213,222.87762318314213,222.87762318314213
robotic_user41_trial_09_participant,0,2.4,2.4,,72.0232997592786,7.903642942347368,4.475538432728021,242.38282676983843,54.00344910913184,369.44710114273346,2.50,4.26,0,0.235,--undefined--,--undefined--,--undefined--,--undefined--,287.01529764854985,270.95207144109384,255.3374794262097,254.54762013865766,250.82140077195498,248.36004022607528,248.597719045403,242.18454069878655,242.18454069878655,242.18454069878655,242.18454069878655
robotic_user41_trial_10_participant,0,3.78,3.78,,71.1208204787005,8.810192540029568,8.273470452456719,245.32511732711455,39.56749446381163,345.1322109939224,3.97,4.50,0,0.222,--undefined--,270.12464627771215,274.4300551512961,287.42487852416434,270.5814381401685,269.00398120117524,267.8848639005286,261.0879057007952,262.324131099549,257.64601286211956,254.52878104273236,250.23082578771547,246.31617872954786,246.52432474800924,245.08031614755592
robotic_user41_trial_11_participant,0,2.46,2.46,,76.56764972978819,10.403426686784524,11.332768081404792,223.98372598421028,77.2783247543718,330.0724882130456,3.25,4.19,0,0.239,--undefined--,--undefined--,--undefined--,259.04036067788644,259.3900676212104,260.51825967070516,267.39532936515695,285.45545964961906,280.943626907789,265.6757299631449,261.82381316364155,243.39040172168754,228.45847230083854,223.61146887609377,223.61146887609377
robotic_user41_trial_12_participant,0,3.78,3.78,,75.35989865093809,11.288205250233094,10.802591337112823,219.33025768306885,34.22863500827107,285.7884090127711,3.17,3.50,0,0.286,--undefined--,263.35522075689846,211.40843831721045,219.0081486760154,233.10558857851632,234.51579514249576,233.18748266257302,230.14731464389016,228.2329618502882,227.59065208332225,226.01593117966746,219.35569866080004,219.35569866080004,219.35569866080004,219.35569866080004
robotic_user41_trial_13_participant,0,4.8,4.8,,74.55542285451361,11.74549139410768,8.362832558585508,233.15724553223566,58.07657647110746,370.3745132316925,3.12,3.83,0,0.261,--undefined--,313.81893279108016,276.87755812827965,274.8809828374113,270.32472308822304,268.409013629946,264.6946876778787,257.1067210088767,254.2560870602447,250.97311326646164,248.58298145568693,242.20352543250607,236.76985337737528,233.22221206537844,233.22221206537844
robotic_user41_trial_14_participant,0,4.26,4.26,,75.54140939041575,10.912041468150248,8.033254270315794,235.89896477755556,46.48983161215499,370.2431627043473,3.52,3.94,0,0.254,--undefined--,264.75342795533953,276.8210198004858,283.29728511143736,265.1114285681631,261.286223033587,255.53964170575154,251.2801973941361,250.24457076090334,245.39136243102263,244.6110386607331,241.76277014594544,239.53481361102735,236.28872001164464,236.28872001164464
robotic_user41_trial_15_participant,0,4.68,4.68,,74.69367059031896,8.430040425642275,8.017926140568434,256.43529646386605,42.22718491251422,361.4246033432403,2.35,3.39,1,0.295,--undefined--,231.10931397847776,261.3501479091867,274.0472073221633,262.2447669618373,266.5383074523191,265.15425512215467,262.38839291740925,258.5916720816862,256.70929469065703,256.70929469065703,256.8830233555238,256.4768563836373,255.87535138454174,255.87535138454174
robotic_user41_trial_16_participant,0,3.48,3.48,,76.01735756432176,11.496088711994114,9.689372643551796,216.73391954161374,29.96348464555854,275.9344607977007,2.87,3.93,0,0.254,--undefined--,--undefined--,263.20620579447575,242.29511279069825,240.8174819949463,244.03883367763498,243.68122875232174,235.32319631886926,233.54386356203293,231.6497679660542,226.6621395721413,220.0170256577189,217.02378768991403,217.02378768991403,217.02378768991403
robotic_user41_trial_17_participant,0,3.18,3.18,,75.17976855667214,11.341270464487923,12.243542957537057,219.21372268713623,52.90928343994913,319.84798184779015,4.09,5.38,0,0.186,--undefined--,--undefined--,265.44663710444524,244.03562685533007,249.0701886766711,255.82377265354768,255.33239093039748,247.2034113503148,245.72714529417445,243.490260491158,239.87206730219458,235.64931057469062,223.05316556180065,219.16874923977318,219.16874923977318
robotic_user41_trial_18_participant,0,2.52,2.52,,74.62283329962568,8.274993483963383,10.76175954772171,236.9799330371117,61.974390674066115,360.1150305436221,3.97,5.63,0,0.178,--undefined--,--undefined--,250.07478740379113,254.2356110136528,255.4783621628124,256.1280604795914,256.7373366674807,258.2159065280762,252.78540493149774,243.44905286193665,242.25695889152587,241.24573975107134,236.4919424159045,236.4919424159045,236.4919424159045
robotic_user41_trial_19_participant,0,2.64,2.64,,72.70687097539945,10.671962828124549,11.03449602886269,225.4970215444115,51.75718397935588,367.9960604578872,1.89,2.17,0,0.461,--undefined--,220.5934358781609,243.32094263715305,246.0830971822963,244.13466731498238,252.79713604539353,243.82470555089398,241.46839988091332,241.46839988091332,236.9496361146162,233.44778865884493,233.44778865884493,228.21883125321085,225.65616182806656,225.65616182806656
robotic_user41_trial_20_participant,0,3.9,3.9,,74.02902751529437,11.296355015428729,8.805510303184809,215.16166745255975,40.513057586514044,354.3809462166982,3.08,4.17,0,0.240,--undefined--,270.46176356527064,230.02415293109465,245.32876305787957,243.90404501849642,240.9282904754855,234.83690090907092,235.76816204430864,231.61220186554885,229.91746245302502,225.340071853598,221.0278174115427,215.02823806773557,215.02823806773557,215.02823806773557
robotic_user69_practice_participant,0,2.88,2.88,,75.21374172180435,8.45026926921806,8.173971129330827,132.3612551525129,30.904002213386967,298.05621354687133,2.43,5.12,0,0.195,--undefined--,--undefined--,--undefined--,--undefined--,--undefined--,--undefined--,--undefined--,137.78837862476414,140.85521807445488,141.7489075109226,136.89457678480326,134.6387070491302,130.5667613383659,128.20283782457145,132.69692662834748
robotic_user69_trial_01_participant,0,4.74,4.74,,77.2577174642174,8.800855939454891,5.6840387016311835,152.7889959281149,39.31308219461261,263.6622753902183,4.22,5.16,1,0.194,251.16552926168052,251.16552926168052,251.16552926168052,230.23262730592288,217.5828403756077,198.1448348912886,191.1560861302462,179.9206824716003,169.8256452051457,166.0883376513198,164.15499465790597,161.95765496950665,157.50534221210987,154.12256518432113,153.13944241934985
robotic_user69_trial_02_participant,0,3.66,3.66,,75.19049522512215,10.85964747821544,8.494067639948655,134.40620774840326,21.084704554645477,185.43559277406504,1.91,4.04,0,0.248,--undefined--,--undefined--,--undefined--,--undefined--,--undefined--,--undefined--,--undefined--,--undefined--,154.19955375569984,150.82661473272037,150.53768615985817,143.01735580743292,138.08114356737985,134.14536164107827,134.14536164107827
robotic_user69_trial_03_participant,0,3.72,3.72,,77.58017113683923,11.324041839703028,8.58720219163861,170.83675395449478,68.58958223796957,302.9600503535177,2.96,3.40,1,0.295,276.97363205569224,279.3113867328708,286.86067068346136,271.7200408020255,250.5945141058837,230.84536127496924,230.84536127496924,218.7017473051323,209.2321090786291,197.22763251136402,191.71939596037475,186.19329082864982,179.90228460254914,173.57293534669373,170.9199926359656
robotic_user69_trial_04_participant,0,2.46,2.46,,75.66965030105499,9.580153739548878,6.3799409433635725,160.05923785849663,59.1154597829975,349.9991941109039,4.07,4.87,0,0.205,325.3231664183449,322.4442183440197,245.93655516054707,216.93697998175767,204.81975940543867,193.01052077453502,187.33113114361896,183.21989257978203,180.20706187725324,172.31601969946894,169.69970040382688,163.1562187786952,161.02866640469753,161.02866640469753,161.02866640469753
robotic_user69_trial_05_participant,0,3.96,3.96,,76.19344866675844,12.826189325298824,14.748822294766239,147.67133085078,38.27848530584513,331.2715041024399,3.28,4.54,0,0.220,--undefined--,329.96941052904566,168.12236642500983,173.53721451137824,158.81186567140915,176.38264239403577,169.30920825435635,165.1076747778589,160.3478321477714,155.99572814176864,153.3095999540608,149.16412097570034,148.06334319912253,147.84544831269272,147.84544831269272
robotic_user69_trial_06_participant,0,2.58,2.58,,77.7896216935437,10.934575246610946,13.63711816865123,153.63519873196708,43.46080720580089,321.0482561016994,4.26,5.73,0,0.175,--undefined--,239.11706233739014,212.86362916186258,212.5304051515481,193.71774929513327,182.70488266677845,178.14062339340327,171.716251445188,168.17598540920372,165.86037182236169,161.46632659386125,157.8737584214509,153.77316202740357,153.58961830616815,153.58961830616815
robotic_user69_trial_07_participant,0,4.2,4.2,,75.41949705564467,13.36583859057685,16.385486356640143,132.09076201930375,23.350457145521897,210.42831795728105,3.57,5.39,0,0.186,--undefined--,--undefined--,154.14447246669468,166.51495274910488,158.68545666268116,152.48206798052104,149.39835643391822,143.56902673805232,140.4970820359189,138.1007020186441,134.0097106025383,133.56579331231586,132.46368559973655,132.83737393507877,131.97862371784169
robotic_user69_trial_08_participant,0,3.48,3.48,,75.8995840786578,16.14420492257895,18.319822135917995,155.08889389860792,28.87970674864566,224.54150585090804,3.45,4.38,1,0.228,--undefined--,149.45748450582747,177.0417918114056,181.14104380730217,180.4048050629451,181.14600374572402,180.87359466239073,179.37722111016248,173.57472369832848,171.55368090198192,168.17900180929027,165.56307621507614,159.9547304455127,156.3829189348007,155.16396712105865
robotic_user69_trial_09_participant,0,1.86,1.86,,74.81326177022157,11.480148648816147,14.293939542251508,158.59980709435206,34.96056827120289,220.75868891896303,3.23,6.05,0,0.165,--undefined--,--undefined--,--undefined--,151.6431768127833,173.83107310080806,186.26946328261695,186.69793378324476,175.84761249805132,170.86721747906287,169.24335182547134,160.2216977677368,158.9002001686486,158.9002001686486,158.9002001686486,158.9002001686486
robotic_user69_trial_10_participant,0,45.36,45.36,,72.98076895068061,14.088432068555122,17.58211847275374,227.13401034225626,60.74850759775937,369.88482807673256,1.26,5.75,12,0.174,277.7787200652084,206.79329557192668,219.82817643943366,211.92931799374017,211.92931799374017,222.86390402226988,226.2714347962322,224.98932570352477,222.75785230436165,229.69543303644792,233.67496592083563,233.67496592083563,233.55729983483866,229.46056773323747,227.1652116018098
robotic_user69_trial_11_participant,0,21.66,21.66,,72.36093191823157,13.584820438337275,16.234945013249348,171.82551384425184,39.87693690960633,363.8633962496169,2.86,5.20,8,0.192,147.2545891321487,146.07609838987167,157.12936324430189,164.33018313697588,163.22436665739983,167.25570167435808,173.27987586618022,173.95097416235222,171.08495051470146,172.28718272905388,173.1237907616586,173.1548100600735,172.17608035473515,172.5670742267044,172.19649878228464
robotic_user69_trial_12_participant,0,1.68,1.68,,77.53083724265026,11.236890197137,11.49707628578722,162.2836783249191,42.134304467946244,282.2479022779172,4.76,4.76,0,0.210,--undefined--,258.12340588053564,267.2021965889217,230.61707531731992,210.5062748345891,189.4847141587577,181.97903990937564,176.9026495764686,174.06853733893453,171.13962415212072,168.53519598759573,166.67608724491365,164.56620661211133,163.50409367349087,162.0829255393482
robotic_user69_trial_13_participant,0,2.1,2.1,,74.17997091409842,13.597189095314544,10.908257227189019,195.6379996981208,44.74765392091893,312.2259224971923,5.24,5.24,0,0.191,298.86890332832,299.82297612609665,282.97306200347475,225.01669682581905,204.07897896525571,196.67693987310423,197.48500246512373,201.67307735866902,204.7425412379238,206.03266435673044,201.67604169806432,199.6765800208232,201.9119693060514,198.7782222735331,196.31762465117396
robotic_user69_trial_14_participant,0,5.64,5.64,,76.1478669741577,8.641744752266982,13.543726815139506,229.26995126288762,67.41952411987235,370.83621532443226,2.48,4.94,0,0.202,--undefined--,--undefined--,116.94991835456325,197.84573920325883,241.7740929797388,256.3334858992669,257.55865102114893,256.1810284312069,243.38187692949833,236.3855262348265,232.01728213596067,229.5420543073035,229.5420543073035,229.5420543073035,229.5420543073035
robotic_user69_trial_15_participant,0,5.16,5.16,,75.1668342139028,7.996126435980705,9.202942750214152,172.85482358528736,54.96301335007357,367.4883527304152,4.26,4.83,1,0.207,130.74006154717648,130.7258520840844,140.56055594954972,151.52843980071813,152.6173433107603,152.27678137501817,150.1696682889173,159.83686564348707,167.6928873242883,167.08319373310624,165.36785092319576,165.0799069985509,165.0799069985509,168.63413727568613,173.01377573369976
robotic_user69_trial_16_participant,0,1.8,1.8,,74.47023218451163,8.92523958196781,8.321873591076061,143.0212460105776,16.382508461990206,175.45113993880665,5.00,6.23,0,0.160,--undefined--,--undefined--,--undefined--,--undefined--,145.9376481371355,153.73453945113005,152.81985583111617,149.40522797332704,148.74581618962907,150.65869710077848,146.11781799858235,143.24960463241348,141.32627572662676,142.1255792338507,142.82374703311163
robotic_user69_trial_17_participant,0,14.28,14.28,,63.15404197332742,13.154057100379013,12.882646836770173,218.124372420979,54.93647343019695,341.8385608108491,1.12,5.17,3,0.193,307.31961443606775,182.09455454938927,163.501930667268,163.501930667268,163.501930667268,158.20070021766583,168.8780035367338,185.91838434685047,185.91838434685047,185.91838434685047,185.91838434685047,185.91838434685047,196.58759465679344,202.12253405239625,217.98460933322264
robotic_user69_trial_18_participant,0,4.62,4.62,,75.38632909303672,9.16155869422036,8.82661836075408,140.59918988753972,28.377946223475636,255.29006418221311,3.90,5.25,0,0.191,--undefined--,--undefined--,--undefined--,--undefined--,165.3850017999267,157.20995916082785,154.39572672348464,151.99917646603132,149.1220894368434,146.84957158472636,143.9556083947845,141.74267765159354,142.83009628423974,140.20710689737842,140.50342627195315
robotic_user69_trial_19_participant,0,6.3,6.3,,76.92226528837207,11.609603320687945,15.875996112309005,176.01004872222438,31.037441907573704,300.49034165085976,2.86,4.49,1,0.223,162.63555738370061,162.63555738370061,169.66678046351055,193.05500990897718,191.81315572151087,193.66008824006224,186.8881109786787,184.04265616174675,181.52178060746,178.12581321889607,179.72410049259125,176.23195254212442,176.23195254212442,176.23195254212442,175.9982236257756
robotic_user69_trial_20_participant,0,6.54,6.54,,67.49582594764331,9.722621482252961,9.530004185137264,138.74202943691387,37.06794544983185,310.8279827925385,4.43,4.43,0,0.226,169.57527971410252,175.62414825419168,163.31231337051045,156.91671144725547,153.63201875621718,155.99786427620168,154.07546717219364,156.1476492976514,153.05238091691805,151.10503533488,147.40722735315114,144.27355600321792,142.29273222729805,139.98356371922898,138.66665839352746
robotic_user71_practice_participant,0,2.4,2.4,,65.05599338117476,5.465239314058524,4.733642866936533,188.5821087069324,63.36643617753775,320.94969263756064,1.67,3.62,1,0.276,--undefined--,--undefined--,--undefined--,79.3321373588313,79.3321373588313,79.3321373588313,79.2059169440532,120.57699500887087,168.62173416723763,189.38921363869332,187.53673768068103,187.39629597675562,187.39629597675562,187.39629597675562,187.39629597675562
robotic_user71_trial_01_participant,0,4.2,4.2,,68.10131102212887,8.875172156703066,8.440844625543193,225.6342487654883,40.48642258927083,347.76635128660126,3.81,5.99,0,0.167,--undefined--,--undefined--,--undefined--,232.63947442558302,258.1630034078793,250.64956673656624,246.86721373918374,235.24481215446917,232.43664566716325,228.00545514418997,223.32609350462454,222.5670935713366,226.719649746561,226.16746657004688,226.16746657004688
robotic_user71_trial_02_participant,0,3.18,3.18,,70.23326524992974,9.888191965592684,7.179486474639159,245.81885056990996,33.27814901651409,312.63522531187306,2.52,4.55,0,0.220,--undefined--,--undefined--,--undefined--,--undefined--,252.56436376401086,250.05859606656776,240.21182044083895,254.46376386893056,245.46094724126021,238.55982763608193,241.19753851951324,245.68779910660865,245.68779910660865,245.68779910660865,245.68779910660865
robotic_user72_practice_participant,0,3.245,3.245,,69.03129755508455,7.914151784562628,12.31476552400332,172.653621179669,32.858928564649794,223.5714882360865,1.54,4.01,1,0.250,--undefined--,--undefined--,197.62921960888485,167.43430920900562,168.30705294920608,173.36921536689567,173.15647029430113,172.4859602290321,172.6106789736244,172.6106789736244,172.6106789736244,172.6106789736244,172.6106789736244,172.6106789736244,172.6106789736244
robotic_user72_trial_01_participant,0,5.311583333333333,5.311583333333333,,71.7552920343812,9.005865597800975,9.868145746193589,195.3182522727297,37.39437753500527,319.8119142667083,3.01,4.95,1,0.202,--undefined--,--undefined--,119.36598364993198,180.04820968858377,200.3596733981491,202.79511782945303,199.00079103403456,196.0704336261227,196.26453336051063,196.4592505965258,195.3146502869193,195.2144195292182,195.2144195292182,195.2144195292182,195.2144195292182
robotic_user72_trial_02_participant,0,4.8762083333333335,4.8762083333333335,,69.49465624666098,10.617471930148296,13.927515868488726,209.35898273422129,34.06751898604882,313.95628278766594,2.46,5.43,0,0.184,--undefined--,--undefined--,281.6135679744662,245.22966093763253,245.2303773845699,241.3302562678301,230.327123565331,224.40980194646198,215.86544856843062,209.64358402461806,209.64358402461806,209.64358402461806,209.64358402461806,209.64358402461806,209.64358402461806
robotic_user72_trial_03_participant,0,5.340604166666667,5.340604166666667,,67.78985461387671,10.19830413909387,9.961600675633267,185.11401360941747,36.488731834013294,282.3833219382482,3.56,5.82,0,0.172,--undefined--,--undefined--,235.40707207389724,167.0747707020285,198.3967178325408,197.49318498361575,196.21376274247405,192.13813428314114,188.72401467051455,188.7234027279499,187.49161141047583,185.6739982904192,185.6739982904192,185.6739982904192,185.6739982904192
robotic_user72_trial_04_participant,0,4.5975625,4.5975625,,67.1363443145807,10.382323748775363,11.451492585988067,199.43988625621856,31.96771252828167,301.1367056951826,2.39,4.91,0,0.204,--undefined--,104.2903315664322,170.51994712287743,237.401597095404,234.52217445241988,222.65438841164828,215.5241409172162,208.32938888275768,204.24139069748708,199.30569072718887,199.30569072718887,199.30569072718887,199.30569072718887,199.30569072718887,199.30569072718887
robotic_user72_trial_05_participant,0,3.6745625,3.6745625,,62.607961233890464,8.667918630222742,3.789021880057417,179.6010826009831,42.247377339586976,262.3091498159224,1.63,3.53,1,0.284,--undefined--,--undefined--,--undefined--,216.92587355063685,214.786103531302,219.21994140270976,190.51029342412613,191.09607055216352,179.7141932427348,179.7141932427348,179.7141932427348,179.7141932427348,179.7141932427348,179.7141932427348,179.7141932427348
robotic_user72_trial_06_participant,0,3.372708333333333,3.372708333333333,,68.83514346327756,9.250058939963267,12.551100222807898,244.69443322226775,39.301774031903314,308.8989933598521,1.78,3.66,1,0.273,--undefined--,--undefined--,--undefined--,233.14137570182737,262.7801469115688,256.61255062705413,249.4485875467671,246.7306120908015,237.8113882716927,239.5996180147878,243.69730267920372,243.69730267920372,243.69730267920372,243.69730267920372,243.69730267920372
robotic_user72_trial_07_participant,0,5.201270833333333,5.201270833333333,,67.3896497311752,10.424876191580656,9.811878492160648,208.2296111527812,57.98254602346554,318.8423205885881,2.69,4.46,1,0.224,--undefined--,--undefined--,235.25992213729782,222.3144476878985,197.3401832390352,201.27283334532538,214.24682241566245,227.81282357129822,223.59358839402432,218.95805216229678,213.64689249371958,207.9388788234744,207.9388788234744,207.9388788234744,207.9388788234744
robotic_user72_trial_08_participant,0,4.046083333333334,4.046083333333334,,68.90749244590245,12.346733208075094,14.79978300859085,215.20132960967706,47.10063952891659,326.2758822851736,3.21,5.55,1,0.180,--undefined--,--undefined--,--undefined--,262.79535237345266,274.5290850640839,250.29493116394661,235.3978113662318,230.6280546787067,219.03529145633226,217.53246138538032,210.34030040788545,214.2187680755493,214.2187680755493,214.2187680755493,214.2187680755493
robotic_user72_trial_09_participant,0,4.423416666666666,4.423416666666666,,66.6102600126229,9.10480675748823,9.604381725015887,197.66788860941472,51.392657292971855,367.3164729374531,3.62,6.10,0,0.164,--undefined--,--undefined--,--undefined--,231.63376233586504,223.50226810132455,211.98149734416484,212.97168103818936,211.18620708395048,208.58106597794972,202.59346320488183,205.00302116145866,197.70562146437916,196.92094711775883,196.92094711775883,196.92094711775883
robotic_user72_trial_10_participant,0,4.864583333333333,4.864583333333333,,70.39473412757175,10.42945749609155,13.686246476524051,208.93001234499957,50.57680153518204,316.519767727416,2.06,4.73,1,0.211,--undefined--,--undefined--,--undefined--,283.01756046277706,263.097130182017,237.06707568794027,233.76005997029534,226.70713094029563,226.70713094029563,220.83856367953612,216.82978424878414,209.2528049227745,209.2528049227745,209.2528049227745,209.2528049227745
robotic_user72_trial_11_participant,0,4.2144375,4.2144375,,67.56301404224689,10.186846155914017,5.6658855025281305,215.5150402832438,40.34778449457569,280.0618873979766,2.61,5.09,1,0.196,--undefined--,--undefined--,259.72399543809956,259.63355126917975,249.57857650882943,248.70409466911232,241.8465101696482,238.61485241132738,229.6666443208713,227.85106421707147,220.6902247197057,215.00779600333237,215.00779600333237,215.00779600333237,215.00779600333237
robotic_user72_trial_12_participant,0,5.27675,5.27675,,73.92869297889573,13.401514040474632,13.49917238585453,215.45288593235887,38.04114617094258,308.58041456284826,3.22,5.34,1,0.187,--undefined--,--undefined--,267.78824472354484,265.93543698720526,254.15636514091767,235.1085148870813,228.00440627918329,225.77907289652572,224.15295026172495,221.33659209107117,219.59273992001494,215.3729381678789,215.3729381678789,215.3729381678789,215.3729381678789
robotic_user72_trial_13_participant,0,3.0186041666666665,3.0186041666666665,,73.43180821310126,12.339089828287214,13.83624729208053,218.09253617728496,43.17358171450518,300.53200704375126,2.32,4.70,0,0.213,--undefined--,--undefined--,--undefined--,--undefined--,261.88779694618955,268.2078653483989,247.56689469955552,247.56689469955552,234.13459654442423,230.46292978278768,221.35494794909104,218.0681230222507,218.0681230222507,218.0681230222507,218.0681230222507
robotic_user72_trial_14_participant,0,4.574333333333334,4.574333333333334,,72.59049203677601,13.15364956720481,14.477079422545785,218.82068539534714,49.27727912145322,336.5902260953626,2.62,6.47,1,0.155,--undefined--,259.8962387176795,277.1611555610187,267.7400331928365,267.7400331928365,267.7400331928365,267.7400331928365,267.7400331928365,251.36365213931632,237.95691523944035,232.46242178190332,223.28621688074145,218.88911484802023,218.88911484802023,218.88911484802023
robotic_user72_trial_15_participant,0,4.632395833333334,4.632395833333334,,67.74846947938657,9.8875952583045,8.849676372652103,190.19617917637507,34.71748854962055,259.4331556364138,3.02,4.86,0,0.206,--undefined--,--undefined--,--undefined--,227.59892841924605,207.5922906175041,208.14435767154416,205.6914987963697,206.5281942746637,202.53394894280365,196.53709584667476,193.52021238176152,190.47156438853938,190.47156438853938,190.47156438853938,190.47156438853938
robotic_user72_trial_16_participant,0,5.090979166666667,5.090979166666667,,76.32684047570062,11.853865637192264,14.888041617833803,222.4558491367153,63.882371128309195,364.81450308181167,2.16,5.64,3,0.177,125.29378908175279,125.29378908175279,142.11903113587482,182.0928677217979,214.71207521348785,223.25288544478286,243.67063001649345,244.33667858174167,237.4530152296583,236.16872941358804,234.5571070857241,230.77504216927053,224.39641650467263,222.5510309397477,222.5510309397477
robotic_user72_trial_17_participant,0,5.4683125,5.4683125,,67.4949030852816,12.005774419808281,11.714005556526745,217.87307588652365,47.837846141193396,357.80582411798486,2.56,4.73,1,0.211,--undefined--,--undefined--,262.31228596147787,236.3361165083579,247.90094152617613,225.6954694791887,223.21452031152728,222.82672638416102,216.70396001218992,215.25512682580944,218.63984934590488,215.90419200782313,218.35478901792888,218.35478901792888,218.35478901792888
robotic_user72_trial_18_participant,0,3.628125,3.628125,,67.94951859967725,10.98953736896865,13.80258278600213,205.33984845177457,52.2564901696959,289.880162288243,2.76,5.73,1,0.174,--undefined--,--undefined--,--undefined--,242.08370987509113,260.0392689266202,209.83280293131148,215.82322791319444,218.1816688284694,216.45336817703006,217.6701336458429,217.04307495103137,211.57066032610916,206.35036791890266,206.35036791890266,206.35036791890266
robotic_user72_trial_19_participant,0,3.19275,3.19275,,67.57891631429464,9.623317683580343,8.99298273348724,220.11092144401286,37.409108639888686,269.44953574644114,3.13,6.07,0,0.165,--undefined--,--undefined--,--undefined--,--undefined--,254.44051696468676,255.78909168832024,252.053716364909,237.3725620779782,230.69771969632552,230.95125883491306,227.1450316290407,219.88373745028014,219.88373745028014,219.88373745028014,219.88373745028014
robotic_user72_trial_20_participant,0,3.9938333333333333,3.9938333333333333,,67.23562636911954,10.85046005857386,12.586474087442776,204.9986279497613,54.61156000285702,321.1496806352845,2.75,5.04,1,0.198,--undefined--,--undefined--,--undefined--,233.0622569441691,241.76250387938595,228.18179145691974,223.82605844893456,213.86738229004987,209.89170691680232,208.24586083694098,202.29386936935933,204.0802670230208,204.0802670230208,204.0802670230208,204.0802670230208
robotic_user73_practice_participant,0,2.82,2.82,,67.79378187130531,8.846149769023254,10.579304077630159,180.87414942622928,53.780547087927125,307.2428053530303,2.48,4.61,0,0.217,--undefined--,--undefined--,--undefined--,--undefined--,293.52029811916094,189.20959744587498,176.72114325007493,163.4864441472396,158.8484072968777,172.0447207545639,177.8465826787462,181.20732831809465,181.20732831809465,181.20732831809465,181.20732831809465
robotic_user73_trial_01_participant,0,2.76,2.76,,68.13394880997508,8.985315647419943,9.804574004252908,230.5102631230234,47.14157143452479,289.9585113357283,2.17,4.20,0,0.238,229.65804870267357,241.99730542258206,246.21944338072947,237.15407587632689,217.68139099101322,219.67838819176345,224.39318455207635,230.53304009172373,230.53304009172373,230.53304009172373,230.53304009172373,230.53304009172373,230.53304009172373,230.53304009172373,230.53304009172373
robotic_user73_trial_02_participant,0,3.36,3.36,,71.09100793654599,12.449833837942485,11.310771339271756,209.70757219443317,19.69328668551017,298.8192527674249,3.57,4.82,1,0.207,--undefined--,254.87514075007684,226.01104518058153,226.40891264852817,221.91685771231633,216.63771129898151,212.97366565236626,211.67369966949076,211.3271546450861,211.4559365032909,211.29281300362908,208.72096453704222,210.3499961240471,209.7257586186664,209.69612289369377
robotic_user73_trial_03_participant,0,6.36,6.36,,67.27448251708024,11.541145492045217,12.724791852481758,208.2712359187097,22.937309102651895,326.35639422452743,2.67,4.50,2,0.222,--undefined--,268.346663732254,218.79277556608798,216.29832294605043,214.00933822862814,214.06526620977147,213.48962241760998,211.51049647828142,211.51049647828142,212.9227629033145,212.9343865998865,210.33199976159247,208.2313110065838,208.2313110065838,208.2313110065838
robotic_user73_trial_04_participant,0,3.42,3.42,,71.07325190976746,10.124146863436144,12.155072806676516,204.7065379096267,35.150667201527284,267.43873141545396,2.05,3.29,0,0.304,--undefined--,--undefined--,208.0267432198803,232.45153257504555,226.91137352762266,220.2200031236456,217.95371695171806,217.89423896133118,209.06986751401325,208.90696182731142,208.23798813029384,204.65496780428933,204.65496780428933,204.65496780428933,204.65496780428933
robotic_user73_trial_05_participant,0,4.5,4.5,,73.62618303669831,12.837460344748157,9.828183178165933,208.657216709197,32.43972610272001,303.9500320430862,3.78,5.15,0,0.194,--undefined--,--undefined--,--undefined--,--undefined--,225.51250849669015,233.32332731148813,234.593258748112,229.83879501542978,224.91782338731588,222.65004369479843,220.45503335607597,219.08782390365602,215.97597893529314,214.52325546563904,209.11605724453918
robotic_user73_trial_06_participant,0,4.86,4.86,,70.73041325269548,11.264958398377896,10.637573788279152,213.1866997802214,27.95080551336078,323.50280548371524,2.26,4.00,1,0.250,--undefined--,--undefined--,237.88780845117117,212.91987337093315,232.66136503957532,228.13693312954553,221.47892695730397,223.49551927651524,221.59512962073254,221.11107358073733,220.68141188747734,218.53259073645904,214.07604070143987,213.11707023904754,213.11707023904754
robotic_user73_trial_07_participant,0,5.58,5.58,,69.47973768302728,9.280650084019065,7.34834543825476,205.8852135724627,33.43273385791534,259.2199807301863,2.15,3.74,0,0.267,240.94587712506163,240.94587712506163,240.94587712506163,240.94587712506163,242.30251362099833,242.54814107812888,222.8785684804387,229.78489232183534,226.80783756837,222.23865820850529,219.26714433107165,214.7068807151275,208.0039921296485,205.69915456496796,205.69915456496796
robotic_user73_trial_08_participant,0,4.5,4.5,,71.0036315131133,8.989677053335209,9.871746832157113,211.09559529260562,28.85597947053864,314.83212178837607,2.67,3.90,1,0.256,233.48416910091348,233.48416910091348,243.35635598235422,246.70965415154845,241.24568627223934,239.50005818500193,239.50005818500193,239.50005818500193,239.50005818500193,229.88014062816836,222.83392522533507,219.87047696468514,213.97182225176144,210.8137139559598,211.3743281482437
robotic_user73_trial_09_participant,0,3.54,3.54,,71.22463417945139,8.989431496174717,11.988859276138752,207.21396765906917,36.688481289190044,292.23820414492866,3.67,4.08,0,0.245,--undefined--,226.86838663612755,236.20801211963501,240.41384525278352,239.40600437590803,231.80141172056986,224.52451591990015,219.6366396677659,219.82387820836317,219.30650362387843,211.87622629014461,211.40800617175782,207.13895856860572,207.13895856860572,207.13895856860572
robotic_user73_trial_10_participant,0,2.88,2.88,,71.44012080676733,7.9439963234883235,9.666632536480781,214.7234773786672,35.981912604043025,297.6004392926214,2.08,3.21,0,0.312,--undefined--,233.0745137075491,224.6492577707158,191.369566224051,216.34602101633172,223.77135441020178,222.40955360546982,218.3741975834066,217.64729612108803,216.1030506489484,214.38504912715504,213.85326798571472,213.85326798571472,214.76341184671892,214.76341184671892
robotic_user73_trial_11_participant,0,4.2,4.2,,71.61182137085041,12.082571767998308,11.384484884384687,206.64927198157,34.27410196370985,248.95492693723475,4.29,4.64,0,0.215,--undefined--,231.92481992499864,229.8521301556006,226.1350812941656,226.3987519450104,224.55787243675692,223.95492615548736,223.51707168574467,222.18716345002412,222.18716345002412,220.83527234715936,218.19214004749827,210.1697502708793,206.59372064549717,206.59372064549717
robotic_user73_trial_12_participant,0,2.52,2.52,,70.41320175881384,7.543557675194046,9.418755369769308,226.18322341969824,22.170127393927807,290.3816380078842,2.38,4.31,0,0.232,--undefined--,--undefined--,--undefined--,--undefined--,244.03768829229477,240.08347308294321,235.86523313460603,234.41247578726848,233.07080999648898,229.87961634841258,229.87961634841258,225.74149726301607,225.94907602292034,225.94907602292034,225.94907602292034
robotic_user73_trial_13_participant,0,3.3,3.3,,72.32460948054478,12.996956056932648,14.945502178797494,219.78253998775367,34.46650903211111,354.4196104539034,4.55,4.55,0,0.220,--undefined--,281.0186023919554,279.4285068907593,264.5937307116514,256.7139031737317,249.79559618373085,243.07073998895072,234.1923693301778,230.5754172674841,229.63430324360863,227.2907033053157,225.61987903027565,223.55075456942907,221.27807389967793,219.86886161661687
robotic_user73_trial_14_participant,0,3.84,3.84,,68.93779222133747,8.86644439605003,8.924884497184395,198.930471494535,36.46003227385083,261.3952281921734,4.17,4.71,0,0.212,--undefined--,214.00336681950182,225.75300113836147,230.17036342712356,231.76945697778714,229.97947493650906,223.36292359861017,217.25887046362345,212.649082180066,211.62467225726442,210.25313551762343,208.07702413573065,200.73940501487309,199.96958390927372,199.06276460718848
robotic_user73_trial_15_participant,0,3.54,3.54,,71.22125194685763,8.91974533000261,9.422294801567752,237.0660842256554,29.48788731623079,333.05488511647496,3.11,3.95,0,0.253,--undefined--,--undefined--,--undefined--,233.04909287028664,239.14920313504942,247.66500831566233,243.0679271339181,242.43119695655452,234.4895980131511,232.82532914193195,232.6447378753732,232.3931367859941,234.7415704536082,232.7920142907177,237.0081481515243
robotic_user73_trial_16_participant,0,3.06,3.06,,72.75227963478396,10.506156153794539,12.161997986631496,206.14870489762666,40.93566255269891,288.4104711598303,3.27,3.72,0,0.269,80.518544306815,80.17465672212042,180.90182116178138,194.75491548507122,207.0581206559141,211.1811946727604,210.7603581427626,212.78837458530063,213.0771715389983,212.7400971902368,211.77049479807008,212.2208352658223,210.37368034528566,206.54007841916325,205.419206641617
robotic_user73_trial_17_participant,0,3.84,3.84,,70.63499896212394,10.12351454540649,8.908392822472223,219.07999063445263,22.939614941475433,298.15277681462675,4.43,6.83,0,0.146,236.38259155508686,253.78979078376153,249.3146655766534,234.21045590360578,230.6254376188163,226.5441976925793,222.8431565328735,219.9493341490588,219.26729282764998,218.86360865746911,218.86360865746911,218.86360865746911,218.86360865746911,218.86360865746911,218.86360865746911
robotic_user73_trial_18_participant,0,4.08,4.08,,72.47069654277303,10.660130610304453,13.276550128146745,207.24232198933083,35.39299879857246,288.4706651751025,3.43,4.44,0,0.225,--undefined--,--undefined--,240.7016378697438,209.82502735560672,232.17231142032188,224.3953712351356,223.36425567090774,221.64203487425561,218.99748235468607,219.140073647415,214.2003261118744,212.5585593430357,208.64788657711014,207.15086985790646,207.15086985790646
robotic_user73_trial_19_participant,0,2.7,2.7,,73.64082105086788,9.473413964322576,12.686860152263753,215.1505286243494,32.614036144498165,255.86274515392208,2.96,5.10,0,0.196,--undefined--,--undefined--,210.81308639612467,233.13622458804562,232.60590422246483,232.91708237596285,216.18524788077886,217.3157370218436,217.638070466305,217.0736964862954,215.759438833843,215.53834188651433,215.53834188651433,215.53834188651433,215.53834188651433
robotic_user73_trial_20_participant,0,3.06,3.06,,73.0767338813382,10.932095059719357,10.979599111571037,205.00549821453984,41.22744592276629,267.21178502416586,4.90,5.58,0,0.179,--undefined--,--undefined--,260.7825570499229,245.97492800257572,244.0960345596576,234.55873005591238,233.23389151816477,230.3455851298766,230.14752068963153,223.58105563098093,211.866760619717,210.62828254093426,208.94298889372362,206.77722835452462,204.8420720612398
robotic_user74_practice_participant,0,2.5077708333333333,2.5077708333333333,,68.26833186138839,8.663237881003036,12.113347666689972,221.2077037957581,30.052504325371597,265.08522321846084,2.39,4.26,0,0.235,--undefined--,--undefined--,--undefined--,246.70018801375008,247.7244447840328,245.82381389648668,245.73277411115683,234.92759163884998,225.11516627946094,221.4635947877509,221.4635947877509,221.4635947877509,221.4635947877509,221.4635947877509,221.4635947877509
robotic_user74_trial_01_participant,0,3.3262708333333335,3.3262708333333335,,68.8101962754412,10.3897118995776,10.000163595814065,218.78111103443362,44.23958502509123,330.67958784767757,3.61,5.60,0,0.179,--undefined--,--undefined--,254.3408762131558,233.0002463526193,234.46110641930133,245.6966631864668,242.95739555737245,234.0188631953532,231.36338559977352,230.89386923567264,227.2404389483705,219.7889982592248,219.7889982592248,219.7889982592248,219.7889982592248
robotic_user74_trial_02_participant,0,2.705125,2.705125,,71.79756795693481,9.661267870829665,9.197296497350072,209.51444479039364,33.80694610772052,284.4692333637768,2.59,5.40,0,0.185,--undefined--,--undefined--,--undefined--,231.2849855007674,232.02760079454063,226.559222750772,237.42129098217958,228.63206349494916,221.33075578425328,209.6671131829803,209.0067244121681,209.0067244121681,209.0067244121681,209.0067244121681,209.0067244121681
robotic_user74_trial_03_participant,0,3.390125,3.390125,,72.90759380520795,9.67288592836676,5.705218846448778,209.43967961431838,32.89338307883659,285.46534504416127,3.24,4.71,0,0.212,--undefined--,--undefined--,--undefined--,241.3306685263877,248.798931010017,241.8940896714721,236.46569108171568,229.42352881489998,225.69048095302264,222.2361358952207,221.88361739341107,212.9116639953414,209.19541052001216,209.19541052001216,209.19541052001216
robotic_user74_trial_04_participant,0,4.127354166666667,4.127354166666667,,73.85912417100175,11.236892318421452,9.51095520580084,226.45608206701593,53.76622534876708,339.35861397839835,3.63,5.45,0,0.183,--undefined--,--undefined--,246.58242957153604,272.1994474519029,277.62573579738097,260.9114211788584,256.29125449371713,245.01433177266924,245.01236205766,234.36579709896642,232.7639633881904,228.26844784884378,226.65773855676107,226.65773855676107,226.65773855676107
robotic_user74_trial_05_participant,0,2.786395833333333,2.786395833333333,,73.07624283232558,9.500511678195231,7.890310382635606,217.3796669302485,36.09100521001907,271.9774393042236,3.59,6.79,0,0.147,--undefined--,--undefined--,253.3480299606696,251.53541837858555,246.87590290505184,241.34543304604136,232.24754176560066,223.22793329955164,223.18730898582098,222.61001465742433,216.88387456988747,216.88387456988747,216.88387456988747,216.88387456988747,216.88387456988747
robotic_user74_trial_06_participant,0,4.435020833333334,4.435020833333334,,70.53691605444425,10.364177607942278,11.12632120691294,217.28740509963353,38.392360101827634,281.0389385129181,3.83,6.14,0,0.163,--undefined--,--undefined--,239.3740295399224,237.1330362019667,239.15657284994384,238.62881482657056,224.2286483346587,220.12071951098213,218.70698990440746,219.26421489009505,218.0391356728965,217.38917263906743,217.38917263906743,217.38917263906743,217.38917263906743
robotic_user74_trial_07_participant,0,6.67575,6.67575,,70.84178116991113,10.345087534212945,10.177919034371868,220.78682990049123,40.516615370520796,315.51188869462203,4.04,5.92,1,0.169,--undefined--,268.40940958510066,256.9022844903579,248.34961067702196,236.03762858075373,236.03762858075373,236.03762858075373,239.19655384557333,245.7714820730929,239.4584250187009,231.7941975685607,230.20499465293867,225.25170665925543,220.79190556276512,220.79190556276512
robotic_user74_trial_08_participant,0,3.274020833333333,3.274020833333333,,72.71340360922532,12.479614354762653,13.366634700514988,242.48604656401753,35.492366470040274,365.2932534151064,2.14,3.94,0,0.254,--undefined--,--undefined--,--undefined--,252.91841830092315,261.7881425116833,255.4580613698027,249.4385503433493,246.1142769507899,244.6951938929828,239.76297993698333,242.37555585241097,242.37555585241097,242.37555585241097,242.37555585241097,242.37555585241097
robotic_user74_trial_09_participant,0,3.9938333333333333,3.9938333333333333,,70.99668167435661,11.635833818680567,12.337207043910874,232.0643294630625,66.7562787296915,334.721584793422,2.25,3.88,0,0.258,--undefined--,--undefined--,246.32714927303553,286.8784020668589,277.42782162571876,266.32483616611853,252.15507768702147,250.7510798410223,243.43419400813823,237.58512644806603,228.2257287110417,232.97961559608694,232.97961559608694,232.97961559608694,232.97961559608694
robotic_user74_trial_10_participant,0,4.208625,4.208625,,71.7820813566357,9.340533282011867,10.665583383449476,208.43225656072042,55.33804553903596,341.96692583314973,4.04,5.48,0,0.183,--undefined--,--undefined--,240.79802933276247,224.7388767626028,239.51783844990007,229.9676677061015,227.10168807317336,223.26081493263356,228.17146976994573,227.13891702984776,226.62209418376545,221.9795459859526,215.91141761072063,208.48066751887134,208.48066751887134
robotic_user74_trial_11_participant,0,4.313125,4.313125,,70.27138946390292,10.591765001252186,9.353359014201741,214.96243196449834,50.65143031168181,348.8150812921463,3.71,5.88,0,0.170,--undefined--,--undefined--,--undefined--,242.8817053023616,271.06287563036483,257.95247778944923,255.39583364040476,244.51475826675372,239.04969396726014,231.91551664930304,223.4602506290242,222.4466804457971,214.50740014962815,214.50740014962815,214.50740014962815
robotic_user74_trial_12_participant,0,4.0576875,4.0576875,,71.67409140610712,12.21400522934649,12.05892082645626,208.62534283259384,44.78515089853046,366.1536591574102,3.94,6.67,0,0.150,--undefined--,--undefined--,242.34594367411955,243.138010262805,245.19868236391812,238.43630230698642,232.6146936084785,225.99943059381897,222.508350570217,216.50923914586053,206.7311437502027,208.54182608378883,208.54182608378883,208.54182608378883,208.54182608378883
robotic_user74_trial_13_participant,0,2.7283541666666666,2.7283541666666666,,73.4439022870816,9.562113814079773,12.640766166843509,219.76632049211108,61.47748326176121,334.58767462158295,2.20,3.99,0,0.251,--undefined--,--undefined--,--undefined--,247.5048698690209,266.99936260823415,271.1448324154635,256.84964392175226,256.84964392175226,237.6849316667701,235.05500264439212,221.7718806929498,219.744098398166,219.744098398166,219.744098398166,219.744098398166
robotic_user74_trial_14_participant,0,3.8429166666666665,3.8429166666666665,,71.7154372046092,12.503311030272098,7.212754787173935,241.22110255682685,41.770973270264335,313.83832705975783,2.60,4.84,0,0.206,--undefined--,--undefined--,268.53761192132185,268.88131147827187,276.9671211611327,268.1204248352836,264.1562437371386,260.8691920011587,247.41030270459328,244.36970575384208,241.29055690514832,241.29055690514832,241.29055690514832,241.29055690514832,241.29055690514832
robotic_user74_trial_15_participant,0,3.2566041666666665,3.2566041666666665,,73.73620076744578,10.858311147244775,17.37919140901079,220.71815178833953,47.68875931339981,334.12359005389555,2.76,4.20,0,0.238,--undefined--,--undefined--,--undefined--,259.0621827842739,276.2773787213301,265.08210347120024,265.08210347120024,265.08210347120024,252.96773846094564,243.05510696056095,237.90278303258896,230.0365751024001,220.40873676201682,220.40873676201682,220.40873676201682
robotic_user74_trial_16_participant,0,4.45825,4.45825,,70.35647629478456,10.986479630775946,9.650935642490875,212.44768521321996,54.890776047448135,330.8878636864959,3.59,5.03,0,0.199,--undefined--,--undefined--,264.33015821531893,256.1804844748275,268.4762167357257,266.10786254587,254.2033457224272,252.09754541205146,236.72633496936092,230.79626922020964,222.23910505806867,214.88320022830794,212.22288305032833,211.99977303198767,211.99977303198767
robotic_user74_trial_17_participant,0,4.284083333333333,4.284083333333333,,71.6645326793754,10.376105057531419,11.478092185605039,219.89836357760652,45.50621385050721,328.84898542736784,2.80,4.10,0,0.244,--undefined--,--undefined--,255.07120556309445,277.55746754568213,263.71588899965985,250.14887266349044,247.0305458870011,235.57859465120652,235.57859465120652,229.45812507422775,224.04443666805528,220.42802872959462,220.42802872959462,220.42802872959462,220.42802872959462
robotic_user74_trial_18_participant,0,4.620791666666666,4.620791666666666,,72.64867143107936,10.754344394259359,9.271640843324699,206.5829152781219,61.57909350321385,295.94620467822074,3.25,5.21,0,0.192,--undefined--,--undefined--,276.0958248421451,274.5897099642972,264.92646770672303,255.68048050985706,251.0962011603941,242.86022762132384,225.98012725506428,217.8897835811633,213.90813520526171,207.84967358154515,206.78620429319906,206.78620429319906,206.78620429319906
robotic_user74_trial_19_participant,0,4.1621875,4.1621875,,69.88149016642433,9.952872229191094,7.483764267529908,216.6107004976501,42.7135838232311,323.12269820613534,3.60,5.68,0,0.176,--undefined--,--undefined--,104.82495287572493,233.78653400273075,234.74776527337366,232.53956934453376,226.30549537164856,224.065178673069,223.767427647658,220.69872264166662,214.15212231054747,216.5403433647944,217.06970019258202,217.06970019258202,217.06970019258202
robotic_user74_trial_20_participant,0,4.5975625,4.5975625,,71.63489268866748,13.29616635662722,9.576436707649608,215.26314234346125,56.54437070719296,320.57652240786473,3.48,4.36,0,0.229,--undefined--,--undefined--,--undefined--,284.9155467104029,286.66153930595055,267.3187534535069,247.82562960385846,238.90488611750553,234.75736599367187,230.5044117020221,226.76049755283708,218.20359928415402,215.52766057111992,215.52766057111992,215.52766057111992
robotic_user9_practice_participant,0,2.88,2.88,,72.96446645158058,16.39002588755362,21.540841913419992,244.54190915578897,31.68073522489396,300.3864334608281,2.78,4.39,0,0.228,--undefined--,--undefined--,281.73983201505183,256.9142170489497,262.9086064914216,266.09891268421393,263.59418403907745,257.5446039332234,256.083850477421,250.21529895330656,247.2564981832277,244.26646104940158,244.26646104940158,244.26646104940158,244.26646104940158
robotic_user9_trial_01_participant,0,4.56,4.56,,71.86371381857066,12.150432139948832,17.232421202522016,246.34365177659365,17.740776703897424,294.08506155348147,3.73,5.23,0,0.191,--undefined--,--undefined--,--undefined--,262.7143812221371,264.46549955150397,257.9081481051787,252.1913753939647,252.1913753939647,249.9594169206043,249.78125553514977,248.6700009871835,246.34024869289428,244.9785286524079,246.47325572597353,246.47325572597353
robotic_user9_trial_02_participant,0,4.14,4.14,,71.19782686104497,13.875963405305606,11.610215565201864,237.19883214495582,21.94555462150725,289.5352227229223,3.38,4.60,0,0.218,--undefined--,--undefined--,--undefined--,--undefined--,269.3746637244511,259.41885963019917,254.30190178306447,252.72359565894266,251.46953809407978,250.08608572259902,248.58315969790414,243.01533755589958,240.5778703012714,236.98938373454308,237.12780882437738
robotic_user9_trial_03_participant,0,2.94,2.94,,70.01062077340146,12.498556339330166,16.17366510148151,246.05716154047366,16.87890592121303,270.3040103361738,1.70,4.28,0,0.234,--undefined--,--undefined--,--undefined--,--undefined--,--undefined--,--undefined--,261.5495203289616,263.2857781182036,257.7701377159281,254.1987935223443,250.38561088257399,247.76172075056778,246.15914416626987,246.15914416626987,246.15914416626987
robotic_user9_trial_04_participant,0,4.02,4.02,,71.88744271203446,17.212084511058382,18.25158326268419,243.20179576746983,21.00037925521619,275.1510868447525,3.48,5.68,0,0.176,214.92530419675307,214.92530419675307,214.92530419675307,259.56650784357595,262.44723061200426,261.91057333031785,259.9656752799333,257.7769051947429,253.4999976330944,249.72945546593598,246.09006457200073,244.09388901741195,243.23306568696205,243.23306568696205,243.23306568696205
robotic_user9_trial_05_participant,0,3.18,3.18,,68.48414197082485,12.025747664426893,6.272432312200111,235.92220667672237,29.538440413572445,293.0860307218543,2.52,6.02,0,0.166,--undefined--,--undefined--,--undefined--,--undefined--,288.43777913966915,265.36448445659016,264.55566068940277,253.65210450277638,243.14266235879032,240.5767151582944,235.80927744123883,235.80927744123883,235.80927744123883,235.80927744123883,235.80927744123883
robotic_user9_trial_06_participant,0,4.08,4.08,,70.88644934814607,17.48871604058401,19.400309077483374,241.26482328713203,14.675992036963914,282.33542263178873,2.94,6.10,1,0.164,--undefined--,--undefined--,278.9334101007797,260.1203975467704,258.9613178519467,250.45439301471944,244.6685253106251,243.76693547013244,243.1178926351848,241.8684653651877,241.8684653651877,241.1981713149283,241.1981713149283,241.1981713149283,241.1981713149283
robotic_user9_trial_07_participant,0,2.76,2.76,,71.29743912388687,17.241504610730587,17.560013017761264,246.70940848098374,19.996873315002308,291.0848461487208,3.62,4.55,0,0.220,--undefined--,--undefined--,--undefined--,277.1168768422729,280.07541550217405,273.4897064784642,269.98081668008535,264.255132632732,261.5731288394693,259.29708168647625,256.99743407565285,253.00797101675394,249.47510088943793,246.64010685376283,246.64010685376283
robotic_user9_trial_08_participant,0,4.38,4.38,,67.88904675024781,12.427402642583743,15.546313085448617,248.40419561782326,18.08229869955098,298.4991699212855,3.20,5.47,0,0.183,--undefined--,--undefined--,--undefined--,282.32109635441304,263.6432070140873,259.7691844376274,258.8282106384397,258.07646111366984,256.4135952422108,253.79835648737162,250.80161724799868,248.66520404894345,248.6200067733649,248.6200067733649,248.6200067733649
robotic_user9_trial_09_participant,0,13.14,13.14,,60.748698889599,13.133693667507298,15.089386384844406,244.1524437708192,20.48354413123788,299.49088213060475,0.38,3.29,1,0.304,261.488932337045,247.5785292381357,244.2611879488368,244.2611879488368,244.2611879488368,244.2611879488368,244.2611879488368,244.2611879488368,244.2611879488368,244.2611879488368,244.2611879488368,244.2611879488368,244.2611879488368,244.2611879488368,244.2611879488368
robotic_user9_trial_10_participant,0,3.6,3.6,,70.05558100397836,15.351767718518072,17.89704919067806,253.5793044820652,14.211475466789764,290.6495344124629,4.44,7.69,0,0.130,--undefined--,--undefined--,--undefined--,265.8364457915445,267.9037726901821,261.2741922482896,259.2471108366391,257.0962267924087,256.0640190136098,256.5223243977401,255.082264375499,253.6007000410069,253.6007000410069,253.6007000410069,253.6007000410069
robotic_user9_trial_11_participant,0,4.74,4.74,,69.01850273597852,20.489488509928208,12.689679519388388,254.66875693064858,21.648789578915785,335.151533776402,2.74,4.44,0,0.225,--undefined--,--undefined--,--undefined--,334.4478354872554,277.4407613390591,276.49639004811917,274.053300610568,270.89963308760554,267.0148290751202,265.47022779452726,262.1750567165164,260.4081232056152,254.31120163309114,254.31120163309114,254.31120163309114
robotic_user9_trial_12_participant,0,3.9,3.9,,67.73358816747832,15.029732413892347,19.08846344691395,248.27909518523202,19.090016845871155,283.77271524033154,3.08,5.40,0,0.185,--undefined--,--undefined--,--undefined--,270.96284861619233,268.21378049420497,264.1890362825665,261.12119429372615,258.24791391623603,256.3973661114838,255.52252732921346,251.50372999800544,248.42667855195768,248.42667855195768,248.42667855195768,248.42667855195768
robotic_user9_trial_13_participant,0,2.52,2.52,,69.21054504044545,15.100037360152943,16.148941891146993,261.4768861928994,20.063832933746745,319.7232010512111,3.97,4.84,0,0.207,--undefined--,--undefined--,300.97608903569596,290.03613007678325,276.3754741770455,273.59643185373136,273.24026277948883,272.02824934577427,271.4764927660757,270.7029075024885,266.59776468683725,265.41964432745925,264.1331498915761,263.39517688132173,261.54246283033257
robotic_user9_trial_14_participant,0,3.18,3.18,,66.8780124638312,13.343068872814229,17.468061211637686,252.5984664381856,17.471322448001775,292.2342530031401,2.83,4.50,0,0.222,--undefined--,--undefined--,--undefined--,272.08624231615204,272.2526076679618,266.8228762169057,265.3046741639222,264.3070616036773,262.8084253836957,259.21389615739247,258.5346431623648,255.7406904801863,252.26709974482574,252.26709974482574,252.26709974482574
robotic_user9_trial_15_participant,0,3.66,3.66,,66.95309581072509,15.094774482204324,14.209292616816233,259.6998276257237,16.323090135358843,294.7142835861149,2.46,6.32,0,0.158,--undefined--,--undefined--,--undefined--,289.7573593201992,282.5735566312107,272.2802420552726,266.6054376010122,264.17981098514616,260.0737668003326,259.5854199414028,259.5854199414028,259.5854199414028,259.5854199414028,259.5854199414028,259.5854199414028
robotic_user9_trial_16_participant,0,3.12,3.12,,66.53336581997979,15.436029229289057,16.428749896983124,269.8585987752409,14.238661264397543,310.18111561904834,2.88,4.98,0,0.201,--undefined--,--undefined--,296.9208120416274,291.01937592520795,288.1766799049649,281.08930400526475,274.81502547532926,274.5977412519984,273.4679503167535,272.1681864680373,270.9604296488969,270.0368829334569,270.0368829334569,270.0368829334569,270.0368829334569
robotic_user9_trial_17_participant,0,5.34,5.34,,65.04846346611137,13.85899397585984,14.72055296694144,261.02270248906336,14.803965260909626,321.45410986587365,3.00,5.95,2,0.168,--undefined--,267.7006927769241,265.345259047683,270.9202343215249,267.440252657405,264.8507076924171,264.8507076924171,264.96430927682326,262.4834278403619,262.4834278403619,262.4834278403619,260.9169875388669,260.58675541164354,260.58675541164354,261.0741153317241
robotic_user9_trial_18_participant,0,4.08,4.08,,70.22801618561131,16.264220239737373,22.758439271449873,248.2097559669653,26.325968959221793,334.23207266528004,2.45,3.61,1,0.277,--undefined--,279.2705926458821,268.4644362192237,264.6623070864815,263.46053270716374,258.98371691839293,256.97360461848575,254.15062703588143,252.09443047284998,252.17448664547516,251.06088465222385,250.86074407643363,249.13934778971773,248.04153407580174,248.04153407580174
robotic_user9_trial_19_participant,0,2.82,2.82,,69.30207612321804,12.047260242488194,15.682013042269293,250.31030712868946,18.531745768320988,287.65892341852117,2.48,5.03,0,0.199,--undefined--,--undefined--,--undefined--,--undefined--,273.70547732386365,269.9947311737581,268.6219518466465,265.91253794174,258.8831002730263,255.8761556945948,253.06474334034783,250.33024691325278,250.33024691325278,250.33024691325278,250.33024691325278
robotic_user9_trial_20_participant,0,3.48,3.48,,69.21846882350826,14.987331992136404,15.214947321218448,245.39865375277859,20.18544689235198,294.8923573225015,2.87,4.84,1,0.207,--undefined--,--undefined--,275.01176377464594,274.23504236347895,266.1250376161092,264.6908002252623,258.72553669125404,256.05533832068886,253.7783752640345,250.6049659354467,250.57829387259144,250.57829387259144,250.57829387259144,247.53286716333392,245.69769078738827
,,,,,,,,,,,,,,,,,,,,,,,,,,,,,
